#pragma once
#include <stdint.h>

static const int PART_TORSO_W = 34;
static const int PART_TORSO_H = 56;
static const uint16_t part_torso[1904] = {
  0x0000,0x0000,0x0000,0x0000,0x0000,0x0000,0x0000,0x0000,0x0000,0x0000,0x0000,0x0000,
  0x0000,0x0000,0x0120,0x0961,0x0942,0x0962,0x0962,0x0961,0x0000,0x0000,0x0000,0x0000,
  0x0000,0x0000,0x0000,0x0000,0x0000,0x0000,0x0000,0x0000,0x0000,0x0000,0x0000,0x0000,
  0x0000,0x0000,0x0000,0x0000,0x0000,0x0000,0x0000,0x0000,0x0000,0x0000,0x0000,0x0120,
  0x0000,0x0000,0x0000,0x0000,0x0000,0x0000,0x00E0,0x0000,0x0000,0x0000,0x0000,0x0000,
  0x0000,0x0000,0x0000,0x0000,0x0000,0x0000,0x0000,0x0000,0x0000,0x0000,0x0000,0x0000,
  0x0000,0x0000,0x0000,0x0000,0x0000,0x0000,0x0000,0x0000,0x0000,0x0000,0x9E8F,0x5C27,
  0x5428,0x5428,0x5407,0xAED1,0x8D8E,0x0000,0x0000,0x0000,0x0000,0x0000,0x0000,0x0000,
  0x0000,0x0000,0x0000,0x0000,0x0000,0x0000,0x0000,0x0000,0x0000,0x0000,0x0000,0x0000,
  0x0000,0x0000,0x0000,0x0000,0x0000,0x0000,0x0000,0x4346,0x0000,0x0000,0x5407,0x4BE7,
  0x95EE,0xAED2,0x4367,0x0000,0x0000,0x0000,0x0000,0x0000,0x0000,0x0000,0x0000,0x0000,
  0x0000,0x0000,0x0000,0x0000,0x0000,0x0000,0x0000,0x0000,0x0000,0x0000,0x0000,0x0000,
  0x0000,0x0000,0x0000,0x0000,0x0000,0x3B46,0x2283,0x0000,0x0000,0x0000,0x0000,0x2242,
  0x3B47,0x0000,0x0000,0x0000,0x0000,0x0000,0x0000,0x0000,0x0000,0x0000,0x0000,0x0000,
  0x0000,0x0000,0x0000,0x0000,0x0000,0x0000,0x0000,0x0000,0x0000,0x0000,0x0000,0x0000,
  0x0000,0x0000,0x0000,0x648A,0x4BE7,0x3325,0x3B67,0x4367,0x4387,0x5408,0x4BC8,0x0000,
  0x0000,0x0000,0x0000,0x0000,0x0000,0x0000,0x0000,0x0000,0x0000,0x0000,0x0000,0x0000,
  0x0000,0x0000,0x0000,0x0000,0x0000,0x0000,0x0000,0x0000,0x0000,0x0000,0x2A45,0x00E0,
  0x74CC,0x5C49,0x856E,0x6CEB,0x6CEB,0x74EB,0x750B,0x750C,0x4BE8,0x856D,0x0140,0x00E0,
  0x0000,0x0000,0x0000,0x0000,0x0000,0x0000,0x0000,0x0000,0x0000,0x0000,0x0000,0x0000,
  0x0000,0x0000,0x0000,0x0000,0x0000,0x0000,0x00E0,0x11E2,0x09A0,0xA66E,0x74EA,0x53E8,
  0x4BC7,0x858D,0xAED1,0xAEB1,0x8DEE,0x5407,0x4BC8,0x7529,0x7528,0x0980,0x0981,0x00E0,
  0x0000,0x0000,0x0000,0x0000,0x0000,0x0000,0x0000,0x0000,0x0000,0x0000,0x0000,0x0000,
  0x7CAF,0x0961,0x0980,0x09A0,0x5C27,0x5CA6,0x3B83,0xAECE,0x7D2B,0x646A,0x856C,0x53E7,
  0x95EE,0x95CF,0x5C69,0x74EB,0x53E9,0x9E70,0x8E0B,0x2B01,0x64C6,0x74E9,0x1181,0x11C0,
  0x1180,0x642C,0x0000,0x0000,0x0000,0x0000,0x0000,0x0000,0x0000,0x7CCD,0x11E0,0x8DCD,
  0x962C,0x6CCB,0x7529,0x5C86,0x3363,0xAECE,0x7D2A,0x5C0A,0x95EF,0xA691,0x6468,0x6488,
  0x960F,0x6CAB,0x4B88,0x962E,0x8E0B,0x2AE2,0x64C6,0x750A,0x8DAE,0x85CA,0x856C,0x09A0,
  0x0000,0x0000,0x0000,0x0000,0x0000,0x8510,0x4B47,0x9DAF,0xE7B5,0xC712,0xBF50,0x64A9,
  0x6CA8,0x5466,0x3B43,0xA68E,0xB6D1,0x1A21,0x53E8,0xAEB1,0xB712,0xB6F1,0x95EF,0x6449,
  0x32C3,0xA6AE,0x8DEB,0x3323,0x6CE6,0x750A,0x8DEE,0x0000,0xD775,0xE796,0x95EE,0x2AA4,
  0x746D,0x0000,0x00A0,0x74CB,0xBF11,0xEFF7,0xCED4,0x0000,0xBF31,0x6489,0x6CE9,0x8E0B,
  0x7D6B,0x43A3,0xAED0,0xD795,0x0000,0x2A83,0x3303,0x32E4,0x32A3,0x0000,0xC752,0x7D6A,
  0x3301,0x85AC,0x9E6C,0x752A,0x95EE,0x0000,0xC6D2,0xF7B8,0xC713,0xAEB0,0x7D0C,0x0040,
  0x00E0,0x750A,0xB6F2,0x0000,0x0000,0xB732,0xAECF,0x6489,0x85AB,0xB751,0xBF52,0x85AB,
  0x5445,0x0000,0xF7F8,0x0000,0x9E4F,0xA64F,0x0000,0xD795,0xAEF0,0x3321,0x8DED,0xAEF0,
  0xB710,0x858B,0x8DEE,0xBF72,0x0000,0x0000,0xBF12,0xAED0,0x6CE9,0x00A0,0x00E0,0x752A,
  0xAED1,0xB732,0xB711,0x962D,0x9E6E,0x6489,0x8DEC,0x0000,0xBF32,0xBF31,0x9E4D,0x3B63,
  0x0000,0xE7B6,0xDF75,0xDF95,0x0000,0xA670,0x43A4,0x962E,0xB712,0xB751,0xB732,0x8DCD,
  0x858D,0x964D,0x964E,0x0000,0xB732,0x8DEC,0x6CC8,0x00A0,0x0100,0x6488,0x960D,0x9E2E,
  0x962D,0x962D,0x8E0E,0x3B65,0x0000,0x0000,0x0000,0x0000,0xBF92,0x960D,0x4BE4,0x7529,
  0x0000,0x0000,0x8DCC,0x3B22,0x95ED,0xBF32,0x0000,0x0000,0xB732,0xB712,0x5C48,0x9E6F,
  0x962C,0x9E4D,0x9E4D,0x960D,0x5C68,0x00C0,0x19A3,0x11C1,0x6CE9,0x962D,0x9E4E,0x7D6B,
  0x646A,0x2A82,0xBF52,0x0000,0x0000,0xE797,0xCF54,0x0000,0x85AB,0x5C66,0x4C04,0x5425,
  0x5C66,0xA690,0xCF34,0x0000,0x0000,0x0000,0x0000,0xB731,0x09E0,0x5408,0x6D09,0x8E0D,
  0x962D,0x6D0B,0x32E5,0x1161,0x0000,0x536A,0x0180,0x5427,0x5C68,0x4C08,0x4388,0x3302,
  0xB731,0xD775,0xF7B8,0xF7B9,0xD775,0x0000,0xBF32,0xBF52,0x85CA,0x8DEA,0xB6F0,0xDFB6,
  0xF798,0xF7B8,0x0000,0x0000,0x0000,0xBF52,0x09E0,0x53E8,0x43A6,0x5407,0x5428,0x1A22,
  0x19E3,0x0000,0x0000,0x0000,0x0000,0x2263,0x4386,0x4BC7,0x0180,0x8DAB,0x0000,0xEFB8,
  0xF7B8,0x0000,0x0000,0x0000,0x0000,0x0000,0x8DCC,0xAEF1,0xDFB6,0xF797,0xF7B8,0xDF55,
  0x0000,0x0000,0x0000,0xBF52,0x64A8,0x09C0,0x4BC7,0x4BA7,0x0120,0x0000,0x0000,0x0000,
  0x0000,0x0000,0x0000,0x63EB,0x0100,0x53EA,0x09A0,0x8DCB,0x0000,0xD775,0xE7B6,0x0000,
  0x0000,0x0000,0x0000,0x0000,0x85AC,0xB732,0xE7B7,0xF797,0xEFD7,0x0000,0x0000,0x0000,
  0x0000,0xBF52,0x6CE7,0x09E0,0x4388,0x0961,0x0000,0x0000,0x0000,0x0000,0x0000,0x0000,
  0x0000,0x0000,0x0000,0x00E0,0x0180,0x85AA,0xBF52,0x0000,0x0000,0x0000,0x0000,0x0000,
  0x0000,0x0000,0x85AC,0xB732,0xE7B6,0xEFD7,0x0000,0x0000,0x0000,0x0000,0xB712,0xBF52,
  0x7527,0x09A0,0x0120,0x0000,0x0000,0x0000,0x0000,0x0000,0x0000,0x0000,0x0000,0x0000,
  0x0000,0x0000,0x0140,0x85A9,0xAEF0,0x0000,0x0000,0x0000,0x0000,0x0000,0x0000,0x0000,
  0x85AC,0xB752,0x0000,0x0000,0xBF32,0xBF32,0xBF32,0x0000,0xBF52,0x962B,0x7527,0x0980,
  0x0000,0x0000,0x0000,0x0000,0x0000,0x0000,0x0000,0x0000,0x0000,0x0000,0x0000,0x0000,
  0x0140,0x85C9,0x962C,0xBF52,0x0000,0x0000,0x0000,0x0000,0x0000,0xB711,0x6CE8,0x9E6F,
  0xB732,0x0000,0x0000,0x0000,0x0000,0xB732,0x962C,0x962A,0x64A6,0x0980,0x0000,0x0000,
  0x0000,0x0000,0x0000,0x0000,0x0000,0x0000,0x0000,0x0000,0x0000,0x0000,0x0960,0x64A6,
  0x964B,0x962C,0x960D,0x0000,0xBF32,0xBF32,0x8DEC,0x960B,0x5C86,0x85CB,0x8DEC,0x0000,
  0xBF32,0x0000,0x0000,0x960C,0x962B,0x964B,0x4384,0x0960,0x0000,0x0000,0x0000,0x0000,
  0x0000,0x0000,0x0000,0x0000,0x0000,0x0000,0x0000,0x0000,0x0000,0x11E0,0x9E8C,0x964B,
  0x964C,0x964B,0x962C,0x962B,0x962B,0x6CE9,0x4BE7,0x2AC2,0x7529,0x964B,0x964C,0x9E4C,
  0x9E4C,0x964B,0x962B,0x962B,0x0160,0x0000,0x0000,0x0000,0x0000,0x0000,0x0000,0x0000,
  0x0000,0x0000,0x0000,0x0000,0x0000,0x0000,0x0000,0x0120,0x754A,0x9E8B,0x9E6B,0x9E6D,
  0x9E8C,0x85CA,0x7D8B,0x1A61,0x6CEA,0x5406,0x22C1,0x85EC,0x9E6C,0x9E6C,0x9E6C,0x9E6C,
  0x964B,0x6CE8,0x0100,0x0000,0x0000,0x0000,0x0000,0x0000,0x0000,0x0000,0x0000,0x0000,
  0x0000,0x0000,0x0000,0x0000,0x0000,0x9DD4,0x3345,0x754A,0x7547,0x7527,0x7548,0x7529,
  0x2282,0x6469,0x960E,0x960E,0x6D0A,0x1260,0x6D09,0x6D07,0x6D27,0x7547,0x756A,0x5C4A,
  0x0000,0x0000,0x0000,0x0000,0x0000,0x0000,0x0000,0x0000,0x0000,0x0000,0x0000,0x0000,
  0x0000,0x0000,0x0000,0x9572,0x856D,0x6CE9,0x1240,0x1A60,0x1A80,0x8DCF,0xA670,0xB712,
  0x0000,0xB732,0xB732,0x8E0E,0x7D4D,0x1240,0x1220,0x1220,0x6D09,0x85CD,0x0000,0x0000,
  0x0000,0x0000,0x0000,0x0000,0x0000,0x0000,0x0000,0x0000,0x0000,0x0000,0x0000,0x0000,
  0x0000,0x9572,0x74AB,0x6CE7,0x6CE8,0x6D09,0x5427,0x9E6F,0x0000,0x0000,0x0000,0xBF12,
  0xB712,0xB732,0x964F,0x4C06,0x6D09,0x7509,0x6D07,0x752B,0x0000,0x0000,0x0000,0x0000,
  0x0000,0x0000,0x0000,0x0000,0x0000,0x0000,0x0000,0x0000,0x0000,0x0000,0x0000,0x0000,
  0x00C0,0x5C27,0x7D48,0x962B,0x6D08,0x0000,0x0000,0xE797,0x0000,0x0000,0x0000,0xB712,
  0xB732,0x64A7,0x8E0B,0x6D07,0x64A8,0x0100,0x0000,0x0000,0x0000,0x0000,0x0000,0x0000,
  0x0000,0x0000,0x0000,0x0000,0x0000,0x0000,0x0000,0x0000,0x0000,0x0000,0x00A0,0x5407,
  0x7D47,0x960C,0x6CE8,0x0000,0x0000,0xEFB8,0x0000,0x0000,0x0000,0x0000,0x0000,0x64C8,
  0x8E2A,0x7D67,0x6CAA,0x00E1,0x0000,0x0000,0x0000,0x0000,0x0000,0x0000,0x0000,0x0000,
  0x0000,0x0000,0x0000,0x0000,0x0000,0x0000,0x0000,0x0000,0x00C0,0x3B45,0x7549,0x964C,
  0x7509,0x0000,0x0000,0xEF97,0x0000,0x0000,0x0000,0x0000,0xB732,0x64A8,0x8DEB,0x7549,
  0x32E4,0x00C0,0x0000,0x0000,0x0000,0x0000,0x0000,0x0000,0x0000,0x0000,0x0000,0x0000,
  0x0000,0x0000,0x0000,0x0000,0x0000,0x0000,0x0100,0x6489,0x7548,0x5C66,0x6D09,0x0000,
  0x0000,0xEF97,0x0000,0x0000,0x0000,0x0000,0x0000,0x5C67,0x5C66,0x43A3,0x5C68,0x0120,
  0x0000,0x0000,0x0000,0x0000,0x0000,0x0000,0x0000,0x0000,0x0000,0x0000,0x0000,0x0000,
  0x0000,0x0000,0x0000,0x9552,0x74ED,0x64C7,0x85A9,0x9E2D,0x5425,0x6CC8,0x0000,0xEFB7,
  0xCF34,0xB732,0x0000,0xAED1,0x6CC8,0x5426,0xA6AF,0x85C9,0x6CE8,0x646B,0x0000,0x0000,
  0x0000,0x0000,0x0000,0x0000,0x0000,0x0000,0x0000,0x0000,0x0000,0x0000,0x0000,0x0000,
  0x0000,0x8D52,0x74EA,0x64E6,0x960A,0xAECE,0x960C,0xAEB0,0x6467,0x6446,0x5C46,0x5C66,
  0x5C67,0x6487,0xA68F,0x6CC8,0xAEEF,0x964A,0x7567,0x5C88,0x0000,0x0000,0x0000,0x0000,
  0x0000,0x0000,0x0000,0x0000,0x0000,0x0000,0x0000,0x0000,0x0000,0x0000,0x0000,0x8D51,
  0x6CA9,0x8E2B,0x962B,0x6486,0xAEB0,0x0000,0x0000,0x0000,0x0000,0x0000,0xBF32,0xBF32,
  0x0000,0x8DED,0x5C85,0x962A,0x8E2A,0x64A8,0x0000,0x0000,0x0000,0x0000,0x0000,0x0000,
  0x0000,0x0000,0x0000,0x0000,0x0000,0x0000,0x0000,0x0000,0x0000,0x0100,0x5C66,0x85C9,
  0xB72E,0x5C86,0xBF32,0x0000,0x0000,0xEFB6,0xCF53,0x0000,0x0000,0x0000,0x0000,0xB712,
  0x64C7,0xAECE,0x962A,0x5C86,0x0960,0x0000,0x0000,0x0000,0x0000,0x0000,0x0000,0x0000,
  0x0000,0x0000,0x0000,0x0000,0x0000,0x0000,0x538A,0x3B23,0x7D89,0x64A5,0x9E6C,0x85AB,
  0xBF32,0x0000,0xEFB7,0xF7B7,0xCF54,0x0000,0x0000,0x0000,0x0000,0x0000,0x64A7,0x8E0B,
  0x85C8,0x7D68,0x3303,0x538A,0x0000,0x0000,0x0000,0x0000,0x0000,0x0000,0x0000,0x0000,
  0x0000,0x0000,0x0000,0x0000,0x0120,0x64A6,0x962A,0xA68C,0x6CC7,0x8DCC,0xBF32,0xBF12,
  0xEFB7,0xF7B7,0x0000,0x0000,0x0000,0x0000,0x0000,0xB732,0x962D,0x4C04,0xAEED,0x8DC8,
  0x5424,0x0140,0x0000,0x0000,0x0000,0x0000,0x0000,0x0000,0x0000,0x0000,0x0000,0x0000,
  0x0000,0x0941,0x64A8,0x7D68,0xAEAB,0xAEAD,0x5405,0x5425,0xA6AF,0x0000,0xC6D2,0xEFB7,
  0x0000,0x0000,0x0000,0x0000,0x0000,0xAEF1,0x5445,0x4C05,0xA6AD,0xB72D,0x64E6,0x5447,
  0x0120,0x0000,0x0000,0x0000,0x0000,0x0000,0x0000,0x0000,0x0000,0x0000,0x0000,0x0940,
  0x5C86,0x7DA9,0xAEAC,0x7507,0x64A7,0x9E4D,0x95EC,0x0000,0x0000,0xEFB7,0x0000,0x0000,
  0x0000,0x0000,0x0000,0x7D2A,0x962D,0x6D29,0x9EAD,0xB72E,0x64A4,0x5444,0x0121,0x0000,
  0x0000,0x0000,0x0000,0x0000,0x0000,0x0000,0x0000,0x0000,0x536A,0x4346,0x7527,0x85A9,
  0x7D88,0x5C85,0x960C,0xA6AF,0x7D4A,0x64A7,0x9E4E,0xB690,0xA68F,0x9E8E,0x9E6F,0x9E4E,
  0x7509,0x95ED,0xA64F,0x85CB,0x5465,0xA6CD,0x8E09,0x7547,0x2AA3,0x3267,0x0000,0x0000,
  0x0000,0x0000,0x0000,0x0000,0x0000,0x0000,0x00E0,0x5C26,0x7527,0xA64B,0x8568,0x64C7,
  0x9E2D,0x0000,0x0000,0xB712,0xD7B5,0xCF54,0x0000,0xB6F1,0xAEF0,0xB732,0x0000,0x0000,
  0xAE91,0x8E0C,0x5CA6,0x6D06,0x9609,0x7D67,0x5406,0x00A0,0x0000,0x0000,0x0000,0x0000,
  0x0000,0x0000,0x0000,0x0000,0x0100,0x6487,0x7527,0x9E4B,0x53E4,0x8E0C,0x9E2D,0xB712,
  0x0000,0x0000,0xE7B7,0xEF96,0xD754,0xBF32,0x0000,0x0000,0x0000,0x0000,0xA690,0x8DEC,
  0x9E8E,0x3B81,0x8DE9,0x7D67,0x5C67,0x00A0,0x0000,0x0000,0x0000,0x0000,0x0000,0x0000,
  0x0000,0x0000,0x0120,0x6CC8,0x85A9,0x8DC9,0x2AE1,0x8DEC,0x960D,0xB712,0x0000,0x0000,
  0xCF34,0xEFB7,0xD754,0x0000,0x0000,0x0000,0x0000,0x0000,0x9E6F,0x8DEC,0x964E,0x22C0,
  0x8E0A,0x8DE9,0x64A8,0x00C0,0x0000,0x0000,0x0000,0x0000,0x0000,0x0000,0x0000,0x0000,
  0x0920,0x6CC8,0x85C9,0x85C9,0x22E1,0x4C05,0x8DCC,0xAEF1,0x0000,0x0000,0x0000,0xEFD8,
  0xD755,0x0000,0x0000,0x0000,0x0000,0xBF32,0x9E4F,0x7D8A,0x4BE5,0x2AE1,0x8E09,0x8DEA,
  0x64C8,0x00E0,0x0000,0x0000,0x0000,0x0000,0x0000,0x0000,0x0000,0x0000,0x3AE7,0x3AE4,
  0x5CA6,0x85A9,0x1AA0,0x6D08,0x5445,0x85CB,0xB732,0x0000,0x0000,0x0000,0x0000,0x0000,
  0x0000,0x0000,0x0000,0xA6D0,0x858B,0x4BE4,0x5C88,0x2AC1,0x7D89,0x6CE6,0x2AA3,0x2A26,
  0x0000,0x0000,0x0000,0x0000,0x0000,0x0000,0x0000,0x0000,0x0000,0x9D93,0x0100,0x6CC8,
  0x64A8,0x6CE7,0x8E0B,0x8E0C,0x7549,0x6CC9,0xAED1,0x0000,0xBF32,0x0000,0xB712,0xAEB0,
  0x74E9,0x962D,0x8DCB,0x8E0C,0x64A7,0x6488,0x5427,0x09A0,0x0000,0x0000,0x0000,0x0000,
  0x0000,0x0000,0x0000,0x0000,0x0000,0x0000,0x0000,0x0000,0x0000,0x0160,0x6CE8,0x6CE7,
  0x960C,0x962E,0xA68F,0xBF52,0x4C05,0x53E5,0x5405,0x5406,0x5C46,0x6487,0xBF31,0x9E6F,
  0x962D,0x964D,0x6487,0x5C68,0x0120,0x0000,0x0000,0x0000,0x0000,0x0000,0x0000,0x0000,
  0x0000,0x0000,0x0000,0x0000,0x0000,0x0000,0x0000,0x0000,0x3B06,0x7509,0x8E2C,0x9E2D,
  0x9E4E,0x0000,0xBF72,0xDFF6,0xDFD5,0xB6F1,0xB712,0xB712,0x0000,0x962D,0x962D,0x962D,
  0x64C9,0x4B88,0x0000,0x0000,0x0000,0x0000,0x0000,0x0000,0x0000,0x0000,0x0000,0x0000,
  0x0000,0x0000,0x0000,0x0000,0x0000,0x0000,0x00C0,0x3B25,0x7549,0x9E4E,0x962D,0x962D,
  0x960C,0xB731,0xBF31,0xB731,0xB731,0x962C,0x962C,0x962D,0x9E4D,0x5426,0x5BE9,0x0080,
  0x0000,0x0000,0x0000,0x0000,0x0000,0x0000,0x0000,0x0000,0x0000,0x0000,0x0000,0x0000,
  0x0000,0x0000,0x0000,0x0000,0x0000,0x00C0,0x4BC7,0x6CE8,0x962D,0x962D,0x962D,0x960C,
  0x9E2D,0x962D,0x960D,0x962D,0x962D,0x964D,0x64C7,0x64A9,0x0080,0x0000,0x0000,0x0000,
  0x0000,0x0000,0x0000,0x0000,0x0000,0x0000,0x0000,0x0000,0x0000,0x0000,0x0000,0x0000,
  0x0000,0x0000,0x0000,0x0000,0x0000,0x0100,0x43A5,0x4C25,0x964E,0x9E4D,0x9E4D,0x9E2D,
  0x962D,0x85CB,0x4BE4,0x5426,0x0180,0x0000,0x0000,0x0000,0x0000,0x0000,0x0000,0x0000,
  0x0000,0x0000,0x0000,0x0000,0x0000,0x0000,0x0000,0x0000,0x0000,0x0000,0x0000,0x0000,
  0x0000,0x0000,0x0000,0x0000,0x3304,0x7568,0x4C04,0x4C24,0x4C24,0x4C25,0x4BE4,0x4BC4,
  0x752A,0x0140,0x0000,0x0000,0x0000,0x0000,0x0000,0x0000,0x0000,0x0000,0x0000,0x0000,
  0x0000,0x0000,0x0000,0x0000,0x0000,0x0000,0x0000,0x0000,0x0000,0x0000,0x0000,0x0000,
  0x0000,0x0000,0x538A,0x7D4B,0x8DEA,0x8589,0x7D69,0x7D69,0x858A,0x7529,0x7509,0x8510,
  0x0000,0x0000,0x0000,0x0000,0x0000,0x0000,0x0000,0x0000,0x0000,0x0000,0x0000,0x0000,
  0x0000,0x0000,0x0000,0x0000,0x0000,0x0000,0x0000,0x0000,0x0000,0x0000,0x0000,0x0000,
  0x0000,0x00C0,0x74EB,0x5C49,0x5C49,0x5C69,0x6468,0x6CCB,0x00C0,0x0000,0x0000,0x0000,
  0x0000,0x0000,0x0000,0x0000,0x0000,0x0000,0x0000,0x0000,0x0000,0x0000,0x0000,0x0000,
  0x0000,0x0000,0x0000,0x0000,0x0000,0x0000,0x0000,0x0000,0x0000,0x0000,0x0000,0x0000,
  0x00C0,0x00C0,0x0100,0x0120,0x0100,0x00E0,0x0000,0x0000,0x0000,0x0000,0x0000,0x0000,
  0x0000,0x0000,0x0000,0x0000,0x0000,0x0000,0x0000,0x0000,
};

static const int PART_HEAD_W = 52;
static const int PART_HEAD_H = 40;
static const uint16_t part_head[2080] = {
  0x0000,0x0000,0x51C7,0x59C7,0x51A7,0x49A6,0x2A03,0x2262,0x2223,0x0000,0x0000,0x0000,
  0x0000,0x0000,0x0000,0x0000,0x0000,0x0000,0x0000,0x0000,0x0000,0x0000,0x0000,0x0000,
  0x0000,0x0000,0x0000,0x0000,0x0000,0x0000,0x0000,0x0000,0x0000,0x0000,0x0000,0x0000,
  0x0000,0x0000,0x0000,0x0000,0x0000,0x0000,0x0000,0x11C1,0x2263,0x2A23,0x39C5,0x49A6,
  0x51C7,0x59C7,0x0000,0x0000,0x0000,0x6187,0xF599,0xED38,0xA2CF,0x92CC,0x746A,0x85EA,
  0x8E0E,0x1A22,0x2242,0x0000,0x0000,0x0000,0x0000,0x0000,0x0000,0x0000,0x0000,0x0000,
  0x0000,0x0000,0x0000,0x0000,0x0000,0x0000,0x0000,0x0000,0x0000,0x0000,0x0000,0x0000,
  0x0000,0x0000,0x0000,0x0000,0x0000,0x0000,0x0000,0x0000,0x0000,0x11C1,0x1A42,0x9E4F,
  0x7DAA,0x850C,0x8AEC,0xA28D,0xF598,0xF5D8,0x5946,0x0000,0x4125,0xECB7,0xEC96,0xC372,
  0x92ED,0x29A4,0x11E2,0x11C1,0x1A21,0x9E4F,0xA6D0,0x1A41,0x11A1,0x0000,0x0000,0x0000,
  0x0000,0x0000,0x0000,0x0000,0x0000,0x0000,0x0000,0x0000,0x0000,0x0000,0x0000,0x0000,
  0x0000,0x0000,0x0000,0x0000,0x0000,0x0000,0x0000,0x0000,0x0000,0x0000,0x0000,0x0000,
  0x2AA2,0x9E6F,0x9E6E,0x11E0,0x11C1,0x19E2,0x29C4,0x7A4A,0xDC14,0xECD7,0xE475,0x4145,
  0x31E5,0x92AD,0x928D,0x8A8C,0x41A6,0x0000,0x0000,0x0000,0x0000,0x19E2,0x2A64,0x962E,
  0x8DEE,0x1A01,0x0000,0x0000,0x0000,0x0000,0x0000,0x0000,0x0000,0x0000,0x0000,0x0000,
  0x0000,0x0000,0x0000,0x0000,0x0000,0x0000,0x0000,0x0000,0x0000,0x0000,0x0000,0x0000,
  0x0000,0x0000,0x0980,0x1A00,0x95EE,0x11E1,0x19E2,0x0000,0x0000,0x0000,0x0000,0x840F,
  0x7A2B,0x81CA,0x820A,0x52C9,0x0000,0x0000,0x0000,0x0000,0x0000,0x0000,0x0000,0x0000,
  0x0000,0x0000,0x0000,0x0961,0x1A20,0xAED0,0x09A0,0x0000,0x0000,0x0000,0x0000,0x0000,
  0x0000,0x0000,0x0000,0x0000,0x0000,0x0000,0x0000,0x0000,0x0000,0x0000,0x0000,0x0000,
  0x0000,0x0000,0x0000,0x0000,0x0000,0x8D90,0x0000,0x0000,0x0960,0x0000,0x0000,0x0000,
  0x0000,0x0000,0x0000,0x0000,0x0000,0x0000,0x0000,0x0000,0x0000,0x0000,0x0000,0x0000,
  0x0000,0x0000,0x0000,0x0000,0x0000,0x0000,0x0000,0x0000,0x0000,0x2A84,0x9E4E,0x1A42,
  0x0000,0x0000,0x0000,0x0000,0x0000,0x0000,0x0000,0x0000,0x0000,0x0000,0x0000,0x0000,
  0x0000,0x0000,0x0000,0x0000,0x0000,0x0000,0x0000,0x0000,0x95F1,0x5C47,0x09E0,0x644C,
  0x0000,0x0000,0x0000,0x0000,0x0000,0x0000,0x0000,0x0000,0x0000,0x0000,0x0000,0x0000,
  0x0000,0x0000,0x0000,0x0000,0x0000,0x0000,0x0000,0x0000,0x0000,0x0000,0x0000,0x0000,
  0x0000,0x0000,0x11C1,0x1A40,0x74CC,0x0000,0x0000,0x0000,0x0000,0x0000,0x0000,0x0000,
  0x0000,0x0000,0x0000,0x0000,0x0000,0x0000,0x0000,0x0000,0x0000,0x0000,0x0000,0x0940,
  0x74EA,0x2A83,0x0000,0x0000,0x0000,0x0000,0x0000,0x0000,0x0000,0x0000,0x0000,0x0000,
  0x0000,0x0000,0x0000,0x0000,0x0000,0x0000,0x0000,0x0000,0x0000,0x0000,0x0000,0x0000,
  0x0000,0x0000,0x0000,0x0000,0x0000,0x0000,0x0000,0x0980,0x6CA9,0x0000,0x0000,0x0000,
  0x0000,0x0000,0x0000,0x0000,0x0000,0x0000,0x0000,0x0000,0x0000,0x0000,0x0000,0x0000,
  0x0000,0x0000,0x0000,0x09A0,0x4385,0x0000,0x0000,0x0000,0x0000,0x0000,0x0000,0x0000,
  0x0000,0x0000,0x0000,0x0000,0x0000,0x0000,0x0000,0x0000,0x0000,0x0000,0x0000,0x0000,
  0x0000,0x0000,0x0000,0x0000,0x0000,0x0000,0x0000,0x0000,0x0000,0x0000,0x0000,0x0000,
  0x5407,0x09C0,0x0000,0x0000,0x0000,0x0000,0x0000,0x0000,0x0000,0x0000,0x0000,0x0000,
  0x0000,0x0000,0x0000,0x0000,0x0000,0x0000,0x11E1,0xA66F,0x0000,0x0000,0x0000,0x0000,
  0x0000,0x0000,0x0000,0x0000,0x0000,0x0000,0x0000,0x0000,0x0000,0x0000,0x0000,0x0000,
  0x0000,0x0000,0x0000,0x0000,0x0000,0x0000,0x0000,0x0000,0x0000,0x0000,0x0000,0x0000,
  0x0000,0x0000,0x0000,0x0000,0x0000,0xA68F,0x0960,0x0000,0x0000,0x0000,0x0000,0x0000,
  0x0000,0x0000,0x0000,0x0000,0x0000,0x0000,0x0000,0x0000,0x0000,0x0980,0x964E,0x0980,
  0x0000,0x0000,0x0000,0x0000,0x0000,0x0000,0x0000,0x0000,0x0000,0x0000,0x0000,0x0000,
  0x0000,0x0000,0x0000,0x0000,0x0000,0x0000,0x0000,0x0000,0x0000,0x0000,0x0000,0x0000,
  0x0000,0x0000,0x0000,0x0000,0x0000,0x0000,0x0000,0x0000,0x0000,0x9E4F,0x09C0,0x0000,
  0x0000,0x0000,0x0000,0x0000,0x0000,0x0000,0x0000,0x0000,0x0000,0x0000,0x0000,0x0000,
  0x0000,0x2AC2,0x8E0C,0x0961,0x0000,0x0000,0x0000,0x0000,0x0000,0x0000,0x0000,0x0000,
  0x0000,0x0000,0x0000,0x0000,0x0000,0x0000,0x0000,0x0000,0x0000,0x0000,0x0000,0x0000,
  0x0000,0x0000,0x0000,0x0000,0x0000,0x0000,0x0000,0x0000,0x0000,0x0000,0x0000,0x0000,
  0x0000,0x0120,0xA690,0x11C1,0x0000,0x0000,0x0000,0x0000,0x0000,0x0000,0x0000,0x0000,
  0x0000,0x0000,0x0000,0x0000,0x2223,0x9E50,0x1A22,0x0000,0x0000,0x0000,0x0000,0x0000,
  0x0000,0x0000,0x0000,0x0000,0x0000,0x0000,0x0000,0x0000,0x0000,0x0000,0x0000,0x0000,
  0x0000,0x0000,0x0000,0x0000,0x0000,0x0000,0x0000,0x0000,0x0000,0x0000,0x0000,0x0000,
  0x0000,0x0000,0x0000,0x0000,0x0000,0x0961,0x960E,0x22A2,0x0000,0x0000,0x0000,0x0000,
  0x0000,0x0000,0x0000,0x0000,0x0000,0x0000,0x0000,0x0000,0x2242,0x960E,0x19E3,0x0000,
  0x0000,0x0000,0x0000,0x0000,0x0000,0x0000,0x0000,0x0000,0x0000,0x0000,0x0000,0x0000,
  0x0000,0x0000,0x0000,0x0000,0x0000,0x0000,0x0000,0x0000,0x0000,0x0000,0x0000,0x0000,
  0x0000,0x0000,0x0000,0x0000,0x0000,0x0000,0x0000,0x0000,0x0000,0x0000,0x0140,0xAED2,
  0x0140,0x0000,0x0000,0x0000,0x0000,0x0000,0x0000,0x0000,0x0000,0x0000,0x0000,0x4B69,
  0x9E70,0x11E0,0x0000,0x0000,0x0000,0x0000,0x0000,0x0000,0x0000,0x0000,0x0000,0x0000,
  0x0000,0x0000,0x0000,0x0000,0x0000,0x0000,0x0000,0x0000,0x0000,0x0000,0x0000,0x0000,
  0x0000,0x0000,0x0000,0x0000,0x0000,0x0000,0x0000,0x0000,0x0000,0x0000,0x0000,0x0000,
  0x0000,0x0000,0x0120,0x962D,0x09A1,0x0000,0x0100,0x0941,0x0961,0x0981,0x0981,0x0981,
  0x0961,0x0941,0x0000,0x4B68,0x8DCB,0x19E2,0x0000,0x0000,0x0000,0x0000,0x0000,0x0000,
  0x0000,0x0000,0x0000,0x0000,0x0000,0x0000,0x0000,0x0000,0x0000,0x0000,0x0000,0x0000,
  0x0000,0x0000,0x0000,0x0000,0x0000,0x0000,0x0000,0x0000,0x0000,0x0000,0x0000,0x0000,
  0x0000,0x0000,0x0000,0x0000,0x0000,0x0000,0x3285,0x2263,0x962E,0x1201,0x64A8,0x9E2F,
  0x0000,0x0000,0x0000,0x0000,0x960E,0x7D2A,0x11E0,0x7D4C,0x1A00,0x11E1,0x0000,0x0000,
  0x0000,0x0000,0x0000,0x0000,0x0000,0x0000,0x0000,0x0000,0x0000,0x0000,0x0000,0x0000,
  0x0000,0x0000,0x0000,0x0000,0x0000,0x0000,0x0000,0x0000,0x0000,0x0000,0x0000,0x0000,
  0x0000,0x0000,0x0000,0x0000,0x0000,0x0000,0x640D,0x6C4D,0x8DCE,0x858D,0x856B,0x11E0,
  0x6CC9,0x1A61,0xB710,0x0000,0x0000,0x0000,0x0000,0x0000,0x0000,0xA66E,0x2281,0x8DED,
  0x11A0,0x8DCD,0x74EA,0x74EA,0x4B89,0x4B6A,0x0000,0x0000,0x0000,0x0000,0x0000,0x0000,
  0x0000,0x0000,0x0000,0x0000,0x0000,0x0000,0x0000,0x0000,0x0000,0x0000,0x0000,0x0000,
  0x0000,0x0000,0x0000,0x0000,0x0000,0x0000,0x0000,0x0000,0x0000,0x0000,0x7D0D,0x8DCD,
  0xB710,0xCFB4,0xCF92,0x09A0,0x5C68,0x2B03,0x0000,0x0000,0xF799,0x0000,0xA691,0x0000,
  0x0000,0xBF32,0x2282,0x5448,0x1181,0xB711,0xBF31,0xC772,0x858B,0x7D0D,0x4328,0x0000,
  0x0000,0x0000,0x0000,0x0000,0x0000,0x0000,0x0000,0x0000,0x0000,0x0000,0x0000,0x0000,
  0x0000,0x0000,0x0000,0x0000,0x0000,0x0000,0x0000,0x0000,0x0000,0x0000,0x0000,0x0000,
  0x0000,0x0140,0x7569,0x8E0B,0xAECF,0x0000,0xCF53,0x8DAD,0x1200,0x85CC,0x0000,0x0000,
  0x0000,0x9E70,0x85EE,0xA6D1,0x0000,0xBF32,0x960D,0x09C0,0x85AD,0xB6D1,0xBF12,0xA64F,
  0x7D48,0x7509,0x7D2D,0x0000,0x0000,0x0000,0x0000,0x0000,0x0000,0x0000,0x0000,0x0000,
  0x0000,0x0000,0x0000,0x0000,0x0000,0x0000,0x0000,0x0000,0x0000,0x0000,0x0000,0x0000,
  0x0000,0x0000,0x0000,0x0000,0x19A2,0x6C4B,0x0060,0x0040,0x0020,0x6C89,0xBF72,0xBF32,
  0xB6F1,0x0000,0x0000,0x0000,0x9EB1,0x8E0F,0x860F,0x6D2B,0x0000,0x0000,0xAEF1,0xAEB1,
  0x0000,0xBF11,0x8D4C,0x00A0,0x08C1,0x00C0,0x0100,0x0120,0x0000,0x0000,0x0000,0x0000,
  0x0000,0x0000,0x0000,0x0000,0x0000,0x0000,0x0000,0x0000,0x0000,0x0000,0x0000,0x0000,
  0x0000,0x0000,0x0000,0x0000,0x0000,0x0000,0x0000,0x0080,0x3226,0x1104,0x31E8,0x31C8,
  0x2986,0x0020,0x7C2C,0xB711,0x0000,0x0000,0x0000,0x0000,0x8E4F,0x85CE,0x85CE,0x0000,
  0x0000,0x0000,0x0000,0x0000,0xBF32,0x8D4D,0x00A2,0x31C8,0x29C8,0x31E8,0x1103,0x1122,
  0x0901,0x0000,0x0000,0x0000,0x0000,0x0000,0x0000,0x0000,0x0000,0x0000,0x0000,0x0000,
  0x0000,0x0000,0x0000,0x0000,0x0000,0x0000,0x0000,0x0000,0x0000,0x0000,0x0000,0x0060,
  0x29A7,0x2986,0x0000,0x0000,0x3208,0x10E4,0x0041,0x1180,0xBF32,0x0000,0x0000,0x0000,
  0x0000,0x64EA,0x650A,0x0000,0x0000,0x0000,0x0000,0xAED0,0x7CEB,0x08A1,0x18E4,0x0000,
  0x73D0,0x31E9,0x2146,0x1945,0x00A1,0x0000,0x0000,0x0000,0x0000,0x0000,0x0000,0x0000,
  0x0000,0x0000,0x0000,0x0000,0x0000,0x0000,0x0000,0x0000,0x0000,0x0000,0x0000,0x0000,
  0x0000,0x0000,0x0000,0x2986,0x2987,0x0000,0x0000,0x0000,0x4A8A,0x1945,0x1945,0x0040,
  0x854B,0xBF32,0x0000,0x0000,0x0000,0xA6D1,0x6D4B,0xB732,0x0000,0x0000,0x0000,0x74A9,
  0x00A2,0x424A,0x0000,0x0000,0x0000,0x3A29,0x1925,0x2146,0x08A3,0x0040,0x0000,0x0000,
  0x0000,0x0000,0x0000,0x0000,0x0000,0x0000,0x0000,0x0000,0x0000,0x0000,0x0000,0x0000,
  0x0000,0x0000,0x0000,0x0000,0x0000,0x0000,0x0000,0x2166,0x1925,0x4A6A,0x0000,0x0000,
  0x39E8,0x2145,0x1945,0x10E3,0x0040,0xBF52,0x0000,0x0000,0x0000,0x6D2B,0x6D2B,0x0000,
  0x0000,0x0000,0xBF32,0x1160,0x2165,0x424A,0x0000,0x0000,0x31C8,0x1904,0x0000,0x2166,
  0x1945,0x0020,0x0000,0x0000,0x0000,0x0000,0x0000,0x0000,0x0000,0x0000,0x0000,0x0000,
  0x0000,0x0000,0x0000,0x0000,0x0000,0x0000,0x0000,0x0000,0x0000,0x0000,0x0000,0x2166,
  0x10E4,0x2187,0x0000,0x31A7,0x2145,0x0000,0x1083,0x10E4,0x0040,0x854C,0x0000,0x0000,
  0x0000,0x756C,0x6D0B,0x0000,0x0000,0x0000,0x95CD,0x0080,0x29A7,0x29A7,0x31E8,0x31A7,
  0x18C4,0x0000,0x0000,0x1925,0x1925,0x0020,0x0000,0x0000,0x0000,0x0000,0x0000,0x0000,
  0x0000,0x0000,0x0000,0x0000,0x0000,0x0000,0x0000,0x0000,0x0000,0x0000,0x0000,0x0000,
  0x0000,0x0000,0x0000,0x2145,0x1904,0x0042,0x1904,0x2145,0x0020,0x0000,0x0000,0x10A2,
  0x0862,0x42C6,0x0000,0x0000,0x0000,0x0000,0x0000,0x0000,0x0000,0xB732,0x6C2A,0x0021,
  0x2187,0x31C8,0x31C7,0x0020,0x0000,0x0000,0x0000,0x2146,0x1925,0x0020,0x0000,0x0000,
  0x0000,0x0000,0x0000,0x0000,0x0000,0x0000,0x0000,0x0000,0x0000,0x0000,0x0000,0x0000,
  0x0000,0x0000,0x0000,0x0000,0x0000,0x0000,0x0000,0x2186,0x2967,0x0021,0x0000,0x0000,
  0x0000,0x0000,0x0000,0x0000,0x10C3,0x3A44,0xBF32,0x0000,0x0000,0x0000,0x0000,0x0000,
  0x0000,0x0000,0x640A,0x10C4,0x10C3,0x18E4,0x0000,0x0000,0x0000,0x0000,0x18E4,0x1966,
  0x2145,0x0060,0x0000,0x0000,0x0000,0x0000,0x0000,0x0000,0x0000,0x0000,0x0000,0x0000,
  0x0000,0x0000,0x0000,0x0000,0x0000,0x0000,0x0000,0x0000,0x0000,0x0000,0x0000,0x0040,
  0x2146,0x39E8,0x0021,0x0020,0x0000,0x0000,0x0000,0x0000,0x18E4,0x3204,0x0000,0x0000,
  0x0000,0x0000,0x0000,0x0000,0x0000,0x0000,0x63E9,0x18E4,0x0021,0x0000,0x0000,0x0000,
  0x0000,0x0000,0x4A6A,0x29E7,0x0080,0x0000,0x0000,0x0000,0x0000,0x0000,0x0000,0x0000,
  0x0000,0x0000,0x0000,0x0000,0x0000,0x0000,0x0000,0x0000,0x0000,0x0000,0x0000,0x0000,
  0x0000,0x0000,0x0000,0x0000,0x0081,0x2165,0x2987,0x0021,0x0000,0x0000,0x2965,0x6B8E,
  0x1925,0x3244,0xBF32,0x0000,0x0000,0x0000,0x0000,0x0000,0x0000,0xB712,0x640A,0x2987,
  0x3A29,0x0000,0x0000,0x0000,0x0000,0x31C8,0x29C7,0x1984,0x0000,0x0000,0x0000,0x0000,
  0x0000,0x0000,0x0000,0x0000,0x0000,0x0000,0x0000,0x0000,0x0000,0x0000,0x0000,0x0000,
  0x0000,0x0000,0x0000,0x0000,0x0000,0x0000,0x0000,0x0000,0x00E0,0x3265,0x3A09,0x39E8,
  0x0000,0x0000,0x6B6E,0x52CB,0x1904,0x32A3,0x0000,0x0000,0x0000,0x0000,0x0000,0x0000,
  0x0000,0xB731,0x6C89,0x08C2,0x634D,0x426A,0x0000,0x0000,0x18E4,0x52EC,0x3AC7,0x00C0,
  0x0000,0x0000,0x0000,0x0000,0x0000,0x0000,0x0000,0x0000,0x0000,0x0000,0x0000,0x0000,
  0x0000,0x0000,0x0000,0x0000,0x0000,0x0000,0x0000,0x0000,0x0000,0x0000,0x0000,0x0000,
  0x0000,0x1121,0x00C0,0x0020,0x29A7,0x29C8,0x2187,0x29E8,0x00E0,0x962C,0xB712,0x0000,
  0xF799,0x0000,0x0000,0x0000,0xB712,0xAEF1,0x964C,0x0100,0x08C4,0x31E8,0x2987,0x2967,
  0x2145,0x00C0,0x640B,0x0000,0x0000,0x0000,0x0000,0x0000,0x0000,0x0000,0x0000,0x0000,
  0x0000,0x0000,0x0000,0x0000,0x0000,0x0000,0x0000,0x0000,0x0000,0x0000,0x0000,0x0000,
  0x0000,0x0000,0x0000,0x0000,0x0000,0x0000,0x00A0,0x6CEA,0x8D8C,0x95AD,0x8D8D,0x8DAD,
  0xA6CE,0xB712,0x0000,0xAE50,0xFFB9,0xF7B9,0x0000,0x0000,0x85CC,0xB6F1,0xB731,0x9E6D,
  0x856C,0x8D8D,0x8D8D,0x8D8D,0x74EB,0x00E0,0x0000,0x0000,0x0000,0x0000,0x0000,0x0000,
  0x0000,0x0000,0x0000,0x0000,0x0000,0x0000,0x0000,0x0000,0x0000,0x0000,0x0000,0x0000,
  0x0000,0x0000,0x0000,0x0000,0x0000,0x0000,0x0000,0x0000,0x0000,0x0000,0x0000,0x0120,
  0x5C28,0x8E0C,0x964B,0x9EAD,0xAF11,0x0000,0x0000,0xB6F2,0xDFB6,0x0000,0x0000,0x962E,
  0x7DAB,0xB712,0xB712,0xAEEF,0x9E8E,0x8DEB,0x8588,0x7509,0x2202,0x0000,0x0000,0x0000,
  0x0000,0x0000,0x0000,0x0000,0x0000,0x0000,0x0000,0x0000,0x0000,0x0000,0x0000,0x0000,
  0x0000,0x0000,0x0000,0x0000,0x0000,0x0000,0x0000,0x0000,0x0000,0x0000,0x0000,0x0000,
  0x0000,0x0000,0x0000,0x0000,0x3AA7,0x3AE5,0x6CE9,0x9E6C,0xA6D0,0x0000,0x0000,0x0000,
  0xB732,0x0000,0x0000,0xB732,0xB752,0xBF32,0x0000,0xAEF0,0x8589,0x5C45,0x4B67,0x4328,
  0x0000,0x0000,0x0000,0x0000,0x0000,0x0000,0x0000,0x0000,0x0000,0x0000,0x0000,0x0000,
  0x0000,0x0000,0x0000,0x0000,0x0000,0x0000,0x0000,0x0000,0x0000,0x0000,0x0000,0x0000,
  0x0000,0x0000,0x0000,0x0000,0x0000,0x0000,0x0000,0x0000,0x0000,0x0000,0x0100,0x6CA9,
  0x7D69,0xB732,0xA6D0,0x0000,0x0000,0x0000,0x0000,0x0000,0x0000,0x8E2C,0xAEEF,0x8DCA,
  0x5C45,0x0100,0x0000,0x0000,0x0000,0x0000,0x0000,0x0000,0x0000,0x0000,0x0000,0x0000,
  0x0000,0x0000,0x0000,0x0000,0x0000,0x0000,0x0000,0x0000,0x0000,0x0000,0x0000,0x0000,
  0x0000,0x0000,0x0000,0x0000,0x0000,0x0000,0x0000,0x0000,0x0000,0x0000,0x0000,0x0000,
  0x0000,0x0000,0x0000,0x00A0,0x2A83,0x750A,0x1A60,0x0000,0x0000,0x0000,0x0000,0x0000,
  0x85AD,0x01C0,0x95EB,0x53E7,0x00C0,0x0000,0x0000,0x0000,0x0000,0x0000,0x0000,0x0000,
  0x0000,0x0000,0x0000,0x0000,0x0000,0x0000,0x0000,0x0000,0x0000,0x0000,0x0000,0x0000,
  0x0000,0x0000,0x0000,0x0000,0x0000,0x0000,0x0000,0x0000,0x0000,0x0000,0x0000,0x0000,
  0x0000,0x0000,0x0000,0x0000,0x0000,0x0000,0x0000,0x0000,0x1182,0x0920,0x8DCD,0x1260,
  0x85AD,0x0000,0x0000,0x750B,0x85AB,0x7D69,0x00A0,0x0080,0x0000,0x0000,0x0000,0x0000,
  0x0000,0x0000,0x0000,0x0000,0x0000,0x0000,0x0000,0x0000,0x0000,0x0000,0x0000,0x0000,
  0x0000,0x0000,0x0000,0x0000,0x0000,0x0000,0x0000,0x0000,0x0000,0x0000,0x0000,0x0000,
  0x0000,0x0000,0x0000,0x0000,0x0000,0x0000,0x0000,0x0000,0x0000,0x0000,0x0000,0x0000,
  0x0000,0x0000,0x00C0,0x962F,0x6D09,0x4C06,0x5427,0x5C67,0xA68F,0x21C3,0x0000,0x0000,
  0x0000,0x0000,0x0000,0x0000,0x0000,0x0000,0x0000,0x0000,0x0000,0x0000,0x0000,0x0000,
  0x0000,0x0000,0x0000,0x0000,0x0000,0x0000,0x0000,0x0000,0x0000,0x0000,0x0000,0x0000,
  0x0000,0x0000,0x0000,0x0000,0x0000,0x0000,0x0000,0x0000,0x0000,0x0000,0x0000,0x0000,
  0x0000,0x0000,0x0000,0x0000,0x0000,0x0000,0x0000,0x0000,0x4365,0x858B,0x8DAC,0x6449,
  0x0940,0x0000,0x0000,0x0000,0x0000,0x0000,0x0000,0x0000,0x0000,0x0000,0x0000,0x0000,
  0x0000,0x0000,0x0000,0x0000,0x0000,0x0000,0x0000,0x0000,0x0000,0x0000,0x0000,0x0000,
  0x0000,0x0000,0x0000,0x0000,0x0000,0x0000,0x0000,0x0000,0x0000,0x0000,0x0000,0x0000,
  0x0000,0x0000,0x0000,0x0000,0x0000,0x0000,0x0000,0x0000,0x0000,0x0000,0x0000,0x0000,
  0x6C2E,0x00E0,0x00C0,0x00C0,0x0000,0x0000,0x0000,0x0000,0x0000,0x0000,0x0000,0x0000,
  0x0000,0x0000,0x0000,0x0000,0x0000,0x0000,0x0000,0x0000,0x0000,0x0000,0x0000,0x0000,
  0x0000,0x0000,0x0000,0x0000,
};

static const int PART_ABDOMEN_W = 36;
static const int PART_ABDOMEN_H = 56;
static const uint16_t part_abdomen[2016] = {
  0x0000,0x0000,0x0000,0x0000,0x0000,0x0000,0x0000,0x0000,0x0000,0x0000,0x0000,0x0000,
  0x0000,0x744D,0x0100,0x0100,0x0100,0x0100,0x0100,0x00E0,0x00E0,0x0100,0x6C6D,0x0000,
  0x0000,0x0000,0x0000,0x0000,0x0000,0x0000,0x0000,0x0000,0x0000,0x0000,0x0000,0x0000,
  0x0000,0x0000,0x0000,0x0000,0x0000,0x0000,0x0000,0x0000,0x0000,0x0000,0x0000,0x0000,
  0x0120,0x2AA3,0x7D49,0x7D4A,0x7D49,0x7D29,0x7D08,0x7D08,0x7D08,0x7D09,0x2A82,0x1181,
  0x0000,0x0000,0x0000,0x0000,0x0000,0x0000,0x0000,0x0000,0x0000,0x0000,0x0000,0x0000,
  0x0000,0x0000,0x0000,0x0000,0x0000,0x0000,0x0000,0x0000,0x0000,0x0000,0x0100,0x00E0,
  0x6486,0x7527,0xA68B,0xA66B,0xA66C,0xA64C,0xA64B,0x9E4B,0x9E6B,0x9E4B,0x7D47,0x74E8,
  0x0140,0x0160,0x0000,0x0000,0x0000,0x0000,0x0000,0x0000,0x0000,0x0000,0x0000,0x0000,
  0x0000,0x0000,0x0000,0x0000,0x0000,0x0000,0x0000,0x0000,0x0000,0x0940,0x6466,0x6CC5,
  0x9609,0x9629,0x9E4B,0xA64B,0xA66B,0xA66B,0xA64B,0xA66B,0xA66B,0xA68B,0xA66A,0x9609,
  0x74E6,0x6CA7,0x00E0,0x0000,0x0000,0x0000,0x0000,0x0000,0x0000,0x0000,0x0000,0x0000,
  0x0000,0x0000,0x0000,0x0000,0x0000,0x0000,0x0000,0x0000,0x0140,0x7528,0x74E6,0x8587,
  0x9E6A,0xA66B,0xC72F,0xCF2F,0xC72F,0xC72F,0xC70F,0xCF10,0xC72F,0xC72F,0xAE8C,0x9E4A,
  0x85A7,0x7507,0x74E9,0x00E0,0x0000,0x0000,0x0000,0x0000,0x0000,0x0000,0x0000,0x0000,
  0x0000,0x0000,0x0000,0x0000,0x0000,0x0000,0x0000,0x2A85,0x7509,0x85C7,0xA68B,0xA68B,
  0xA66A,0xC72F,0xC72F,0xC72F,0xCF10,0xCF10,0xC70F,0xC70F,0xC70F,0xC72F,0xC72F,0xA64B,
  0xA68A,0x7D66,0x6D05,0x74E9,0x4B68,0x0000,0x0000,0x0000,0x0000,0x0000,0x0000,0x0000,
  0x0000,0x0000,0x0000,0x0000,0x0000,0x0000,0x9DF3,0x4BA6,0x7506,0x9E6A,0xA68B,0xAE6C,
  0xC72F,0xC72F,0xD750,0xDF52,0xEFB5,0xD752,0xCF50,0xCF50,0xC72F,0xC72F,0xC70F,0xC70F,
  0xAE6B,0x9E6A,0x9E6A,0x960A,0x53E5,0x0000,0x0000,0x0000,0x0000,0x0000,0x0000,0x0000,
  0x0000,0x0000,0x0000,0x0000,0x0000,0x0000,0x0960,0x74E8,0x9E6B,0xA66B,0xAE8C,0xC70F,
  0xC70F,0x8568,0x7D28,0x8529,0x8529,0x8529,0x7D08,0x7D48,0x7D28,0x7507,0x7D48,0xBF2F,
  0xBF2E,0xAECC,0xA68B,0xAEAC,0x74E6,0x0960,0x0000,0x0000,0x0000,0x0000,0x0000,0x0000,
  0x0000,0x0000,0x0000,0x0000,0x0000,0x0120,0x6CA7,0x960A,0xA68B,0x9E6B,0x6CE5,0x7506,
  0x7527,0x9E4B,0xC770,0xCF92,0xCF91,0xC770,0xC750,0xC770,0xC770,0xBF2F,0x8DE9,0x7506,
  0x6CC5,0x7506,0xAECD,0xAECC,0x8DE9,0x5C06,0x0100,0x0000,0x0000,0x0000,0x0000,0x0000,
  0x0000,0x0000,0x0000,0x0000,0x0000,0x0160,0x7527,0x7547,0x5C43,0x8DC9,0xA66C,0xC750,
  0xC74F,0xC72F,0xE7B3,0xF7F7,0xF7D6,0xEFD4,0xD750,0xCF2F,0xCF0F,0xCF50,0xC72F,0xCF50,
  0xCF70,0xBF2F,0x8568,0x6485,0x7507,0x5C65,0x0120,0x0000,0x0000,0x0000,0x0000,0x0000,
  0x0000,0x0000,0x0000,0x0000,0x0100,0x5406,0x4BC2,0x7527,0x9E6C,0xAE6C,0xCF50,0xCF2F,
  0xCF2F,0xCF2F,0xEFB5,0xF7B7,0xF7B7,0xEFD6,0xCF30,0xC72F,0xCF2F,0xCF2F,0xCF2F,0xCF2F,
  0xCF30,0xCF2F,0xAE6C,0xA66C,0x6CA5,0x5425,0x5C66,0x0980,0x0000,0x0000,0x0000,0x0000,
  0x0000,0x0000,0x0000,0x0000,0x0120,0x3B42,0x7507,0xA66B,0xA66B,0xCF70,0xCF30,0xCF30,
  0xCF30,0xCF30,0xEFB6,0xF7B7,0xF7B6,0xEFB5,0xCF0F,0xCF30,0xCF30,0xCF30,0xCF30,0xCF30,
  0xCF30,0xCF30,0xAE6C,0xA68B,0xA66B,0x8DC8,0x4BE4,0x0980,0x0000,0x0000,0x0000,0x0000,
  0x0000,0x0000,0x0000,0x0140,0x854B,0x4383,0x7D47,0xA64A,0xA66A,0xC70F,0xCF30,0xCF30,
  0xCF30,0xD732,0xF7B7,0xF7B7,0xF7B6,0xEFB6,0xCF0F,0xCF2F,0xCF2F,0xCF2F,0xCF2F,0xCF2F,
  0xCF30,0xCF2F,0xC74F,0xA66B,0xA66B,0x85A8,0x4BE3,0x7528,0x0940,0x0000,0x0000,0x0000,
  0x0000,0x0000,0x0000,0x0980,0x8DCB,0x4BC3,0x9E6B,0x9E6B,0x9E4A,0xC72F,0xCF2F,0xCF2F,
  0xCF2F,0xD732,0xF7B7,0xEFB7,0xEFB7,0xEFB6,0xCF11,0xCF30,0xCF30,0xCF2F,0xCF2F,0xCF2F,
  0xCF2F,0xCF2F,0xC74F,0xA66A,0xA66B,0xA68B,0x4382,0x7D49,0x0120,0x0000,0x0000,0x0000,
  0x0000,0x0000,0x0000,0x11E0,0x7D49,0x5C44,0xA66B,0xA66B,0xBF0E,0xC72F,0xC72E,0xC70F,
  0xC70F,0xE753,0xF7B7,0xF797,0xF797,0xF797,0xEFB6,0xCF12,0xCF12,0xCF11,0xD731,0xC6EF,
  0xC72F,0xC72F,0xC72E,0x9E6A,0x9E6A,0x9E6B,0x4BE3,0x6CA7,0x1A00,0x9DB2,0x0000,0x0000,
  0x0000,0x0000,0x1181,0x8DAA,0x5424,0x7D67,0xA66B,0xA66B,0xBF2E,0xC70F,0xC70E,0xC72F,
  0x9DCB,0x9DCC,0xA5ED,0xA60E,0xA60E,0xA60D,0xA60E,0xA5EE,0xA5ED,0x9DCD,0x95AB,0x8D89,
  0xCF50,0xCF0F,0xC74F,0xAECB,0x9E6A,0x9E6A,0x7D47,0x4BA3,0x7D29,0x1181,0x0000,0x0000,
  0x0000,0x0000,0x0962,0x8589,0x5404,0x8DC8,0xA68B,0xA66B,0xA66B,0x5BE3,0x53C3,0x53C3,
  0xAECF,0xE7F6,0xEFF6,0xEFF6,0xEFF7,0xEFF6,0xEFF6,0xEFF7,0xEFF7,0xEFF6,0xE7F5,0xAE8E,
  0x5403,0x5C24,0x53E2,0xB6ED,0x9E4A,0x9E6A,0x7D67,0x4BE4,0x8589,0x1181,0x0000,0x0000,
  0x0000,0x0000,0x53E7,0x8589,0x5404,0x9E6B,0x9E6B,0x5C64,0x5C23,0xCFB2,0xCF71,0xC750,
  0xC70F,0xD732,0xEFB6,0xF797,0xEFB7,0xEFB7,0xD732,0xCF11,0xCF11,0xCF11,0xCF11,0xCF51,
  0xCF91,0xCF92,0xC770,0x53E3,0x5404,0x9E6C,0x7D87,0x5404,0x8DCA,0x6C89,0x6C6B,0x0000,
  0x0000,0x0100,0x5C26,0x8589,0x53E4,0x962B,0x5C64,0x8DCA,0xCF71,0xC730,0xCF30,0xCF2F,
  0xCF2F,0xD752,0xF7B7,0xF7B7,0xF797,0xEFD6,0xCF30,0xCF30,0xCF30,0xCF30,0xCF30,0xCF30,
  0xCF30,0xCF30,0xCF0F,0xC72F,0x7D48,0x5C24,0x8DEA,0x5424,0x85A9,0x64A7,0x0160,0x0000,
  0x0000,0x0100,0x5C06,0x4B83,0x53E5,0x5423,0x9E4B,0xA66B,0xCF70,0xCF0F,0xCF30,0xCF30,
  0xCF30,0xD753,0xF7B7,0xF7B7,0xF7B7,0xEFD6,0xCF10,0xCF30,0xCF30,0xCF30,0xCF2F,0xCF2F,
  0xCF30,0xCF30,0xCF2F,0xC72F,0xAE8C,0xA68B,0x5C24,0x5405,0x4BE3,0x5C28,0x0921,0x0000,
  0x0000,0x0120,0x53E6,0x8DAA,0x5404,0xA66B,0xA68B,0xA68B,0xC74F,0xCF30,0xCF30,0xCF30,
  0xCF30,0xD753,0xF797,0xF7B7,0xF7B7,0xF7B6,0xCF30,0xCF30,0xCF30,0xCF30,0xCF30,0xCF30,
  0xCF30,0xCF30,0xCF30,0xC750,0xA68B,0xA68B,0xA68B,0x5C45,0x8DCA,0x4B85,0x00E0,0x0000,
  0x0000,0x0141,0x858B,0x960A,0x5C44,0xA68B,0xA68B,0xA66B,0xC72F,0xCF0F,0xCF2F,0xCF30,
  0xCF30,0xDF53,0xF797,0xF7B7,0xF797,0xEFB6,0xCF10,0xCF2F,0xCF2F,0xCF30,0xCF30,0xCF30,
  0xCF30,0xCF30,0xCF30,0xC750,0xA68B,0xA68B,0xA66B,0x5404,0x85A9,0x74E9,0x00C0,0x0000,
  0x0000,0x0140,0x7D29,0x960A,0x53E3,0xA68C,0xA68B,0xA68B,0xC72F,0xCF0F,0xCF2F,0xCF2F,
  0xCF30,0xD732,0xF797,0xF7B7,0xEF97,0xE794,0xCF30,0xCF2F,0xCF2F,0xCF2F,0xCF30,0xCF2F,
  0xCF30,0xCF30,0xCF30,0xC74F,0xA68B,0xA66B,0xA66B,0x4BC3,0x8DEA,0x7508,0x00C0,0x0000,
  0x0080,0x74C9,0x6CE7,0x960A,0x5C24,0xAE8C,0xAE8B,0xA68B,0xC74F,0xCF0F,0xCF2F,0xC72F,
  0xC72E,0xD752,0xF7B7,0xF7B7,0xEFB7,0xCF10,0xC72F,0xCF2F,0xCF2F,0xCF2F,0xCF2F,0xC72F,
  0xCF30,0xCF30,0xCF30,0xC72F,0xA66B,0xA66B,0xA66B,0x4BE4,0x960A,0x74E7,0x74EA,0x00E0,
  0x0080,0x74C9,0x6CE7,0x8DEA,0x53E3,0xAE8C,0xAE8B,0xAE8C,0xCF70,0xCF2F,0xCF2F,0xC6EF,
  0xD751,0xE773,0xEFB7,0xEFB7,0xF7B7,0xE794,0xE7B4,0xE794,0xE7B4,0xE794,0xDF74,0xDF73,
  0xCF30,0xCF2F,0xC72F,0xBF0E,0xA66B,0xA66B,0xA66B,0x4BE4,0x960A,0x74E7,0x74EA,0x00E0,
  0x00A0,0x74C9,0x6CE7,0x8DEA,0x4BC3,0xA66B,0xA68B,0xAE8B,0xA66B,0xCF30,0xC72F,0xCF50,
  0x74C7,0x7487,0x7C88,0x7C88,0x7CA8,0x84C9,0x84C9,0x7CC9,0x7CC9,0x7CC8,0x84E9,0x7CA7,
  0xCF71,0xC730,0xC74F,0xA66B,0xA66B,0xA66B,0xA66B,0x4BC3,0x95E9,0x74E7,0x750A,0x00E0,
  0x00C0,0x6CC9,0x6CE7,0x8DEA,0x4BC3,0xA66B,0xA66B,0xA66B,0xA66B,0x5C23,0x5C45,0x6485,
  0xBEF0,0xEFF6,0xEFF6,0xEFF6,0xEFF7,0xEFF6,0xEFF6,0xEFF7,0xEFF7,0xEFF7,0xEFF5,0xBECF,
  0x53E3,0x4BC3,0x5403,0xA66B,0xA66B,0xA66B,0x9E4B,0x53C3,0x8DE9,0x74E7,0x7D0A,0x00E0,
  0x00E0,0x74E9,0x6D06,0x962A,0x53E4,0x7D28,0x7508,0x5404,0x5C24,0xC751,0xC750,0xCF50,
  0xCF30,0xD712,0xEFB6,0xEFB7,0xEFB6,0xCEF1,0xCF31,0xCF50,0xCF30,0xCF30,0xC710,0xCF2F,
  0xCF70,0xC730,0xBF10,0x5C24,0x5C44,0x8DC9,0x8588,0x4C03,0x8E09,0x7507,0x7D0A,0x00E0,
  0x0100,0x7529,0x7547,0x9E6C,0x5C46,0x4BC3,0x4381,0xA68C,0xBF2E,0xCF2F,0xCF2F,0xCF2F,
  0xCF30,0xD732,0xF7B7,0xF7B7,0xF7D7,0xCF0F,0xC74F,0xCF30,0xCF30,0xCF30,0xCF2F,0xCF30,
  0xCF2F,0xCF2F,0xC72F,0xBF0E,0xAEAC,0x4BC2,0x4BE4,0x43C4,0x962C,0x7527,0x7D2B,0x00E0,
  0x0100,0x752A,0x7549,0x5C44,0x5404,0x7D47,0xA66B,0xA66B,0xC72E,0xCF2F,0xCF2F,0xCF2F,
  0xCF30,0xD712,0xF7B7,0xF7B7,0xF7D7,0xCF30,0xCF4F,0xCF2F,0xCF30,0xCF2F,0xCF30,0xCF30,
  0xCF30,0xCF30,0xCF30,0xBF0F,0xA66B,0xA66B,0x74E7,0x4BC4,0x5424,0x7528,0x7D2B,0x00C0,
  0x00E0,0x53C7,0x5426,0x8589,0x4BE4,0x7506,0xA66B,0xA66B,0xC72E,0xCF2F,0xCF2F,0xCF2F,
  0xCF2F,0xD711,0xF7B7,0xF7B7,0xEFB5,0xCF30,0xCF2F,0xCF2F,0xCF30,0xCF30,0xCF30,0xCF30,
  0xCF2F,0xCF2F,0xCF2F,0xBF0E,0x9E4B,0xA66B,0x6CC6,0x4384,0x7D49,0x5C46,0x53E8,0x00C0,
  0x0000,0x00C0,0x53E6,0x7D48,0x4BA4,0x6CE6,0xA66B,0xA66B,0xAE8C,0xC70F,0xCF2F,0xCF2F,
  0xCF2F,0xC70F,0xEFB5,0xF7B7,0xCF11,0xC72F,0xC72F,0xCF30,0xCF30,0xCF30,0xCF30,0xCF2F,
  0xCF2F,0xCF2F,0xCF50,0xA66B,0x9E6A,0xA66B,0x6CA6,0x4363,0x7D49,0x6448,0x0100,0x0000,
  0x0000,0x00E0,0x5BE8,0x7528,0x4384,0x6CA6,0xA64B,0xA66B,0xA66B,0xCF50,0xCF30,0xCF30,
  0xCF2F,0xCF4F,0xE7B4,0xEFB6,0xC710,0xC74F,0xC72F,0xCF30,0xCF30,0xCF30,0xCF2F,0xCF2F,
  0xCF2F,0xCF2F,0xC72F,0xA66B,0xA66B,0x9E4B,0x6CA6,0x3B64,0x7D49,0x5C07,0x00E0,0x0000,
  0x0000,0x00E1,0x5BE7,0x74E7,0x4363,0x6CA6,0x9E4B,0xA66B,0xA66B,0xCF50,0xCF30,0xCF30,
  0xCF30,0xCF2F,0xDF93,0xEFD6,0xCEF0,0xC72F,0xCF2F,0xCF30,0xCF30,0xCF2F,0xCF2F,0xCF2F,
  0xCF2F,0xCF2F,0xC72F,0xA66B,0xA66B,0x9E6B,0x74E7,0x4384,0x7D49,0x5C27,0x00E1,0x0000,
  0x0000,0x00C0,0x5C09,0x7508,0x7D49,0x43A3,0x7D67,0xA66B,0xA64A,0xB6CD,0xC72F,0xC70F,
  0xCF2F,0xCF2F,0xCF30,0xE7B3,0xC6F0,0xC70F,0xCF30,0xCF2F,0xCF30,0xCF2F,0xCF10,0xCF2F,
  0xC72F,0xC72F,0xA66B,0x9E6B,0xA66B,0x85A7,0x4BC3,0x7D69,0x7507,0x5BE8,0x00E0,0x0000,
  0x0000,0x0000,0x1161,0x7D49,0x7D88,0x4BC4,0x7D67,0x9E6B,0x9629,0x962A,0xA66B,0xA64C,
  0xBF0F,0xCF30,0xC70F,0xCF31,0xD751,0xCF31,0xD751,0xCF51,0xCF51,0xCF31,0xCF30,0xC750,
  0xA62B,0x9E6B,0x9E4A,0x9E6B,0xA66B,0x8587,0x43A3,0x7D68,0x7D49,0x1181,0x0000,0x0000,
  0x0000,0x0000,0x1181,0x856A,0x85AB,0x43A3,0x7507,0x7507,0x6CC7,0x6CC7,0x4BC3,0x53E3,
  0x53E4,0x5404,0x5C05,0x6426,0x5C05,0x5C05,0x5BE5,0x53C4,0x53C4,0x53C4,0x53E4,0x5404,
  0x5403,0x53E4,0x74E7,0x7D28,0x7D48,0x7548,0x43C3,0x7D48,0x858A,0x19C2,0x0000,0x0000,
  0x0000,0x0000,0x1181,0x5407,0x6487,0x7529,0x3B83,0x5424,0x5424,0x5403,0xAEEE,0xB6CD,
  0xB6ED,0xB6CE,0xDFD3,0xF7F7,0xE7F5,0xDFD3,0xE7D3,0xE7D3,0xDFD3,0xD7B1,0xB6CD,0xB6CD,
  0xB6CD,0xB6EE,0x5403,0x5403,0x53E4,0x3B43,0x7D69,0x5C47,0x6489,0x1982,0x0000,0x0000,
  0x0000,0x0000,0x7CCF,0x2A83,0x53E5,0x74E9,0x3B43,0x8589,0x9609,0x960A,0x960A,0xB6ED,
  0xB6CD,0xB6CD,0xB6CD,0xE7D4,0xB66D,0xB6ED,0xB6CC,0xAECC,0xAEAC,0xB6CD,0xB6CD,0xB6CD,
  0xB6ED,0x9E2A,0x9609,0x960A,0x8567,0x3B43,0x7529,0x5405,0x2243,0x6C2D,0x0000,0x0000,
  0x0000,0x0000,0x0000,0x0100,0x64A7,0x6CE8,0x3B23,0x7528,0x9629,0x960A,0x962A,0xAECC,
  0xB6CD,0xB6CD,0xB6CD,0xC72F,0xAEAC,0xAEAC,0xB6AC,0xAEAC,0xB6CD,0xB6CD,0xB6CD,0xB6CD,
  0xA68B,0x9E2A,0x962A,0x964A,0x7507,0x3303,0x7528,0x6467,0x1160,0x0000,0x0000,0x0000,
  0x0000,0x0000,0x0000,0x0100,0x3B23,0x7508,0x7509,0x5C45,0x9609,0x9E2A,0x964A,0x962A,
  0xB6CD,0xB6CC,0xB6AC,0xB6ED,0xAEAC,0xAECC,0xB6AC,0xAEAC,0xB6CD,0xB6CD,0xB6CD,0xB6CD,
  0x95E9,0x962A,0x962A,0x962A,0x4BC3,0x6CC9,0x64A6,0x3B64,0x0920,0x0000,0x0000,0x0000,
  0x0000,0x0000,0x0000,0x0000,0x0120,0x7528,0x6D08,0x5425,0x8DEA,0x960A,0x9629,0x9609,
  0x95E9,0xAECD,0xB6CD,0xB6CD,0xB6CD,0xAECD,0xB6AD,0xAEAC,0xAEAC,0xAEAC,0xAEAC,0x9609,
  0x95E9,0x9609,0x960A,0x7D67,0x5405,0x7549,0x5405,0x00E0,0x0000,0x0000,0x0000,0x0000,
  0x0000,0x0000,0x0000,0x0000,0x0120,0x4BE6,0x4C05,0x4C06,0x7526,0x9E4C,0x960A,0x95E9,
  0x95EA,0xA68C,0xAECD,0xB6CD,0xB6CE,0xB6CD,0xB6AD,0xB6CD,0xB6CD,0xAEAC,0xA66C,0x8DE9,
  0x9609,0x962A,0x960A,0x64A6,0x4BC5,0x4C06,0x5408,0x0940,0x0000,0x0000,0x0000,0x0000,
  0x0000,0x0000,0x0000,0x0000,0x0000,0x0140,0x5446,0x5426,0x3B85,0x3B64,0x3B63,0x6CC7,
  0x6CE7,0x7D68,0x8DCA,0x8DCA,0x8DEA,0x8DEA,0x8DEA,0x8DEA,0x8DEA,0x8DC9,0x7D48,0x7507,
  0x7509,0x3B43,0x4385,0x43A5,0x5C87,0x5C87,0x0180,0x0000,0x0000,0x0000,0x0000,0x0000,
  0x0000,0x0000,0x0000,0x0000,0x0000,0x00A0,0x2A83,0x4C05,0x5C47,0x6D07,0x7508,0x3B62,
  0x3B63,0x4383,0x43A3,0x4383,0x3B62,0x4362,0x4363,0x4382,0x4382,0x4382,0x4343,0x3B43,
  0x3B22,0x7508,0x6D07,0x5C47,0x4C05,0x53E6,0x00C0,0x0000,0x0000,0x0000,0x0000,0x0000,
  0x0000,0x0000,0x0000,0x0000,0x0000,0x0000,0x0100,0x6CA8,0x32E3,0x6CE7,0x7527,0x6CE6,
  0x8DE9,0x9E4A,0x9E4A,0x962A,0xAEAD,0xAECD,0xAECD,0x960A,0x9E2A,0x962A,0x9E4A,0x9E4B,
  0x6CE7,0x6CE7,0x6CE8,0x3B44,0x5425,0x0100,0x0000,0x0000,0x0000,0x0000,0x0000,0x0000,
  0x0000,0x0000,0x0000,0x0000,0x0000,0x0000,0x0080,0x4365,0x32E4,0x6D09,0x7507,0x7546,
  0x7547,0x962A,0x962A,0x9609,0x962A,0x9609,0x962A,0x960A,0x962A,0x962A,0x960A,0x7D47,
  0x7527,0x7507,0x752A,0x3B65,0x4365,0x00E0,0x0000,0x0000,0x0000,0x0000,0x0000,0x0000,
  0x0000,0x0000,0x0000,0x0000,0x0000,0x0000,0x0000,0x19E2,0x4386,0x3B44,0x64A7,0x7547,
  0x7527,0x7D67,0x962A,0x962A,0x962A,0x962A,0x960A,0x962A,0x960A,0x960A,0x7D47,0x7527,
  0x6D07,0x5C86,0x3B85,0x5448,0x11E2,0x0000,0x0000,0x0000,0x0000,0x0000,0x0000,0x0000,
  0x0000,0x0000,0x0000,0x0000,0x0000,0x0000,0x0000,0x8D30,0x3B44,0x43A6,0x5427,0x5424,
  0x7507,0x6D06,0x8588,0x964A,0x962B,0x960A,0x960A,0x9609,0x8DEA,0x6CC6,0x6CE7,0x6D07,
  0x43A3,0x4BE6,0x3B65,0x5427,0x7CCF,0x0000,0x0000,0x0000,0x0000,0x0000,0x0000,0x0000,
  0x0000,0x0000,0x0000,0x0000,0x0000,0x0000,0x0000,0x0000,0x2A64,0x43A6,0x5427,0x3B44,
  0x4344,0x4384,0x64E7,0x7527,0x7508,0x7508,0x74E8,0x6D07,0x6CE8,0x4BC5,0x3B44,0x3B63,
  0x4BC6,0x5C88,0x43E6,0x2A64,0x9572,0x0000,0x0000,0x0000,0x0000,0x0000,0x0000,0x0000,
  0x0000,0x0000,0x0000,0x0000,0x0000,0x0000,0x0000,0x0000,0x6C0C,0x0100,0x2AC3,0x64A8,
  0x64C7,0x6D09,0x4C06,0x3344,0x3B44,0x3B44,0x3B64,0x3324,0x3324,0x3B84,0x6488,0x5C67,
  0x4BC5,0x2AE3,0x11A1,0x84F0,0x0000,0x0000,0x0000,0x0000,0x0000,0x0000,0x0000,0x0000,
  0x0000,0x0000,0x0000,0x0000,0x0000,0x0000,0x0000,0x0000,0x0000,0x0000,0x0100,0x4C07,
  0x43C5,0x5C67,0x5C87,0x6CE6,0x7D48,0x7D88,0x8588,0x8588,0x64A7,0x6487,0x5C85,0x4385,
  0x4386,0x0120,0x2A45,0x0000,0x0000,0x0000,0x0000,0x0000,0x0000,0x0000,0x0000,0x0000,
  0x0000,0x0000,0x0000,0x0000,0x0000,0x0000,0x0000,0x0000,0x0000,0x0000,0x0000,0x0980,
  0x43A6,0x4BE6,0x4C06,0x5C86,0x5C86,0x5C86,0x5CA6,0x5CA6,0x5C86,0x5C66,0x4BE6,0x4386,
  0x0120,0x0000,0x0000,0x0000,0x0000,0x0000,0x0000,0x0000,0x0000,0x0000,0x0000,0x0000,
  0x0000,0x0000,0x0000,0x0000,0x0000,0x0000,0x0000,0x0000,0x0000,0x0000,0x0000,0x0000,
  0x0921,0x11C2,0x4366,0x3B85,0x43A5,0x43C5,0x43C5,0x4C46,0x5427,0x43A6,0x11C2,0x11A2,
  0x0000,0x0000,0x0000,0x0000,0x0000,0x0000,0x0000,0x0000,0x0000,0x0000,0x0000,0x0000,
  0x0000,0x0000,0x0000,0x0000,0x0000,0x0000,0x0000,0x0000,0x0000,0x0000,0x0000,0x0000,
  0x0000,0x0000,0x00A0,0x5BE9,0x4BC8,0x4BE8,0x4C08,0x4BC8,0x644B,0x0120,0x9552,0x0000,
  0x0000,0x0000,0x0000,0x0000,0x0000,0x0000,0x0000,0x0000,0x0000,0x0000,0x0000,0x0000,
  0x0000,0x0000,0x0000,0x0000,0x0000,0x0000,0x0000,0x0000,0x0000,0x0000,0x0000,0x0000,
  0x0000,0x0000,0x0000,0x19A3,0x00E0,0x00E0,0x00E0,0x00E0,0x00E0,0x0000,0x0000,0x0000,
  0x0000,0x0000,0x0000,0x0000,0x0000,0x0000,0x0000,0x0000,0x0000,0x0000,0x0000,0x0000,

};

static const int PART_ARM_L_UP_W = 35;
static const int PART_ARM_L_UP_H = 40;
static const uint16_t part_arm_L_up[1400] = {
  0x0000,0x0000,0x0000,0x0000,0x0000,0x0000,0x0000,0x0000,0x0000,0x0000,0x0000,0x0000,
  0x0000,0x0000,0x0000,0x0000,0x0000,0x0000,0x0000,0x0000,0x0000,0x0000,0x0000,0x0000,
  0x746F,0x6C4D,0x642B,0x5C09,0x644A,0x646A,0x5C28,0x642B,0x6C4E,0x0000,0x0000,0x0000,
  0x0000,0x0000,0x0000,0x0000,0x0000,0x0000,0x0000,0x0000,0x0000,0x0000,0x0000,0x0000,
  0x0000,0x0000,0x0000,0x0000,0x0000,0x0000,0x0000,0x0000,0x0000,0x0000,0x0000,0x0120,
  0x09A0,0x6408,0x9DED,0xAE4F,0xAEB0,0x8E0C,0x962E,0x0160,0x0000,0x0000,0x0000,0x0000,
  0x0000,0x0000,0x0000,0x0000,0x0000,0x0000,0x0000,0x0000,0x0000,0x0000,0x0000,0x0000,
  0x0000,0x0000,0x0000,0x0000,0x0000,0x0000,0x0000,0x0000,0x95B2,0x0120,0x7D4A,0xC731,
  0xDF73,0xEFD6,0xE7F6,0xC712,0xAEAF,0xA66E,0x8DEC,0x11E0,0x744D,0x0000,0x0000,0x0000,
  0x0000,0x0000,0x0000,0x0000,0x0000,0x0000,0x0000,0x0000,0x0000,0x0000,0x0000,0x0000,
  0x0000,0x0000,0x0000,0x0000,0x0000,0x0000,0x0100,0x00C0,0x8D8B,0xB6F0,0xDFB4,0xEFB5,
  0xEFF6,0xBEF1,0xB731,0xB711,0xB710,0x9E4C,0x09A0,0x63ED,0x0000,0x0000,0x0000,0x0000,
  0x0000,0x0000,0x0000,0x0000,0x0000,0x0000,0x0000,0x0000,0x0000,0x0000,0x0000,0x0000,
  0x0000,0x0000,0x0000,0x0000,0x0000,0x00E0,0x0960,0x8DEB,0xBF12,0xBF31,0xB710,0xBF32,
  0xB732,0xB712,0xB711,0xB710,0x8DCA,0x11E0,0x5BCC,0x0000,0x0000,0x0000,0x0000,0x0000,
  0x0000,0x0000,0x0000,0x0000,0x0000,0x0000,0x0000,0x0000,0x0000,0x0000,0x0000,0x0000,
  0x0000,0x0000,0x0000,0x0000,0x0921,0x0140,0x960F,0x0000,0x0000,0xBF31,0xB712,0xB712,
  0xB732,0xB731,0xB751,0x8DCA,0x11C0,0x5BAC,0x0000,0x0000,0x0000,0x0000,0x0000,0x0000,
  0x0000,0x0000,0x0000,0x0000,0x0000,0x0000,0x0000,0x0000,0x0000,0x0000,0x0000,0x0000,
  0x0000,0x0000,0x0981,0x1A02,0x0980,0x1A02,0x5C49,0x0000,0xB712,0xB731,0xB731,0xB711,
  0xA6CF,0x964C,0x964C,0x1200,0x5BAC,0x0000,0x0000,0x0000,0x0000,0x0000,0x0000,0x0000,
  0x0000,0x0000,0x0000,0x0000,0x0000,0x0000,0x0000,0x0000,0x0000,0x0000,0x0000,0x0000,
  0x0921,0x95EF,0x9E4F,0x9E2E,0x5C49,0x2243,0x5C29,0x6CEA,0x964D,0x8E0C,0x8E0B,0x962C,
  0x9E6D,0x6D28,0x09C0,0x5BAB,0x0000,0x0000,0x0000,0x0000,0x0000,0x0000,0x0000,0x0000,
  0x0000,0x0000,0x0000,0x0000,0x0000,0x0000,0x0000,0x0000,0x0000,0x0000,0x00E0,0x0000,
  0xBF51,0xB710,0xBF31,0x8DEC,0x6CAA,0x1220,0x1A62,0x5C47,0x8DEB,0x85CB,0x7569,0x5CA6,
  0x64A8,0x09A0,0x5BEC,0x0000,0x0000,0x0000,0x0000,0x0000,0x0000,0x0000,0x0000,0x0000,
  0x0000,0x0000,0x0000,0x0000,0x0000,0x0000,0x0000,0x7CAF,0x8D2F,0x744A,0xDFB5,0xBF32,
  0xB711,0xB710,0x962C,0x7509,0x3B64,0x3306,0x2261,0x6CE8,0x6CE9,0x64C8,0x5C67,0x3B25,
  0x2A64,0x8510,0x0000,0x0000,0x0000,0x0000,0x0000,0x0000,0x0000,0x0000,0x0000,0x0000,
  0x0000,0x0000,0x0000,0x0000,0x0000,0x0000,0x00C0,0x3AA2,0xC6B2,0xE7D5,0xBF32,0xB710,
  0xB70F,0xAF0E,0x7DA9,0x5CA7,0x53E8,0x1A01,0x5427,0x5C48,0x5C27,0x5C09,0x0100,0x0000,
  0x0000,0x0000,0x0000,0x0000,0x0000,0x0000,0x0000,0x0000,0x0000,0x0000,0x0000,0x0000,
  0x0000,0x0000,0x0000,0x1162,0x0941,0xB692,0xDF93,0xE7F6,0xC732,0xB711,0xB710,0xB70F,
  0x8E0A,0x7548,0x5C66,0x4326,0x0120,0x5C08,0x0120,0x0940,0x0100,0x0000,0x0000,0x0000,
  0x0000,0x0000,0x0000,0x0000,0x0000,0x0000,0x0000,0x0000,0x0000,0x0000,0x0000,0x0000,
  0x0080,0x00E0,0x0000,0xD794,0xDF93,0xEFF4,0xBEF1,0xB731,0xB710,0x9E8E,0x8DEB,0x7507,
  0x6488,0x0120,0x19C3,0x0000,0x0120,0x0100,0x0000,0x0000,0x0000,0x0000,0x0000,0x0000,
  0x0000,0x0000,0x0000,0x0000,0x0000,0x0000,0x0000,0x0000,0x0000,0x0000,0x42E8,0x7CCD,
  0xAE50,0xD754,0xEFF5,0xD753,0xCF73,0xB730,0x9EAD,0x960B,0x8DE9,0x85A8,0x4384,0x2AA4,
  0x6C4C,0x84F1,0x0000,0x748E,0x8510,0x0000,0x0000,0x0000,0x0000,0x0000,0x0000,0x0000,
  0x0000,0x0000,0x0000,0x0000,0x0000,0x0000,0x0000,0x0000,0x0000,0x0120,0xBEB1,0xDF72,
  0xDFD5,0xD7D5,0xB711,0xB731,0xB750,0x962C,0x7D68,0x7D8A,0x7D4B,0x11C1,0x0901,0x0000,
  0x0000,0x0000,0x0000,0x0000,0x0000,0x0000,0x0000,0x0000,0x0000,0x0000,0x0000,0x0000,
  0x0000,0x0000,0x0000,0x0000,0x0000,0x0000,0x0940,0x00E0,0xB690,0xE7F7,0x0000,0xBF10,
  0xB6F1,0xB731,0x964C,0x8DEB,0x6CE7,0x6CE7,0x2A82,0x0981,0x00A0,0x0000,0x0000,0x0000,
  0x0000,0x0000,0x0000,0x0000,0x0000,0x0000,0x0000,0x0000,0x0000,0x0000,0x0000,0x0000,
  0x0000,0x0000,0x0000,0x0080,0x2A63,0x852D,0x0000,0xE7D4,0xC6F2,0xB6F1,0xB711,0xB710,
  0x85AA,0x6D06,0x6CE6,0x6CA7,0x0120,0x0120,0x4B29,0x0000,0x0000,0x0000,0x0000,0x0000,
  0x0000,0x0000,0x0000,0x0000,0x0000,0x0000,0x0000,0x0000,0x0000,0x0000,0x0000,0x0000,
  0x0000,0x5B8A,0x4326,0xAE91,0xB6D0,0xD793,0xCF53,0xBF12,0xB6F1,0xA6AF,0x960B,0x7D68,
  0x4B84,0x2241,0x19E0,0x0000,0x0000,0x0000,0x0000,0x0000,0x0000,0x0000,0x0000,0x0000,
  0x0000,0x0000,0x0000,0x0000,0x0000,0x0000,0x0000,0x0000,0x0000,0x0000,0x0000,0x9DF4,
  0x0160,0x8DCB,0xAECF,0xB710,0xBF51,0xB710,0xAF10,0xB710,0xA6CF,0x8DC9,0x7D2B,0x53C8,
  0x2204,0x2A26,0x0000,0x0000,0x0000,0x0000,0x0000,0x0000,0x0000,0x0000,0x0000,0x0000,
  0x0000,0x0000,0x0000,0x0000,0x0000,0x0000,0x0000,0x00C0,0x0960,0x0140,0x0100,0x648A,
  0xA68E,0xB751,0xAF11,0xAF11,0xA6AE,0x7D88,0x858A,0x856C,0x74E9,0x0920,0x0000,0x0000,
  0x0000,0x0000,0x0000,0x0000,0x0000,0x0000,0x0000,0x0000,0x0000,0x0000,0x0000,0x0000,
  0x0000,0x0000,0x0000,0x0000,0x0000,0x00E0,0x4368,0x74ED,0x6CAB,0x6CCC,0x09C0,0x53E6,
  0xA68F,0x9E6E,0x9E6D,0x7548,0x6D07,0x32E2,0x0120,0x0960,0x0000,0x0000,0x0000,0x0000,
  0x0000,0x0000,0x0000,0x0000,0x0000,0x0000,0x0000,0x0000,0x0000,0x0000,0x0000,0x0000,
  0x0000,0x0000,0x0000,0x11A3,0x2265,0x6CAC,0x0000,0xA671,0x8DEE,0x85AE,0x1A43,0x752A,
  0x6CC6,0x6CE8,0x5405,0x11A0,0x850F,0x0000,0x0000,0x0000,0x0000,0x0000,0x0000,0x0000,
  0x0000,0x0000,0x0000,0x0000,0x0000,0x0000,0x0000,0x0000,0x0000,0x0000,0x0000,0x0000,
  0x0000,0x0000,0x0120,0x32E6,0x64AA,0x0000,0xA672,0x95F0,0x74CD,0x2225,0x4BA8,0x5408,
  0x4BA7,0x0140,0x0101,0x8D31,0x0000,0x0000,0x0000,0x0000,0x0000,0x0000,0x0000,0x0000,
  0x0000,0x0000,0x0000,0x0000,0x0000,0x0000,0x0000,0x0000,0x0000,0x0000,0x0000,0x0000,
  0x0000,0x0100,0x2264,0x4366,0x6CCC,0x09C1,0x11C1,0x11C1,0x2A85,0x19E1,0x11A1,0x0962,
  0x19C3,0x0000,0x0000,0x0000,0x0000,0x0000,0x0000,0x0000,0x0000,0x0000,0x0000,0x0000,
  0x0000,0x0000,0x0000,0x0000,0x0000,0x0000,0x0000,0x0000,0x0000,0x0000,0x0000,0x0000,
  0x0100,0x3285,0x3B06,0x19E2,0x5C28,0x6CC8,0x960C,0x9E4E,0x960D,0x646A,0x0980,0x0960,
  0x0000,0x0000,0x0000,0x0000,0x0000,0x0000,0x0000,0x0000,0x0000,0x0000,0x0000,0x0000,
  0x0000,0x0000,0x0000,0x0000,0x0000,0x0000,0x0000,0x0000,0x0000,0x0000,0x0000,0x0000,
  0x0000,0x0941,0x53E8,0x858B,0x85A9,0xA6AD,0xC772,0xC772,0xC733,0x0000,0x3B25,0x00C0,
  0x0942,0x0000,0x0000,0x0000,0x0000,0x0000,0x0000,0x0000,0x0000,0x0000,0x0000,0x0000,
  0x0000,0x0000,0x0000,0x0000,0x0000,0x0000,0x0000,0x0000,0x0000,0x0000,0x0000,0x0000,
  0x0120,0x4BC6,0x7D88,0x8589,0xA68F,0xC733,0xCF53,0xCF52,0xC6D2,0x7CAA,0x2221,0x3AC6,
  0xA5F4,0x0000,0x0000,0x0000,0x0000,0x0000,0x0000,0x0000,0x0000,0x0000,0x0000,0x0000,
  0x0000,0x0000,0x0000,0x0000,0x0000,0x0000,0x0000,0x0000,0x0000,0x0000,0x0000,0x0921,
  0x53C8,0x7D68,0x7DA8,0xAEEF,0xAEF1,0xC773,0xD793,0xDFB4,0xDFB4,0xA60D,0x7CAB,0x00E0,
  0x0000,0x0000,0x0000,0x0000,0x0000,0x0000,0x0000,0x0000,0x0000,0x0000,0x0000,0x0000,
  0x0000,0x0000,0x0000,0x0000,0x0000,0x0000,0x0000,0x0000,0x0000,0x0000,0x0000,0x0120,
  0x7D0B,0x7D29,0x85CB,0xA6CF,0xAF10,0xAECF,0xAED0,0xC752,0x0000,0xEFF7,0xD754,0x21C2,
  0x1181,0x0000,0x0000,0x0000,0x0000,0x0000,0x0000,0x0000,0x0000,0x0000,0x0000,0x0000,
  0x0000,0x0000,0x0000,0x0000,0x0000,0x0000,0x0000,0x0000,0x0000,0x0000,0x0000,0x0982,
  0x09A1,0x2AE2,0x858A,0x85CA,0xA68E,0xAED1,0xBF31,0xBEF2,0xD774,0xEFF7,0x0000,0xDF75,
  0x4306,0x0121,0x0060,0x0000,0x0000,0x0000,0x0000,0x0000,0x0000,0x0000,0x0000,0x0000,
  0x0000,0x0000,0x0000,0x0000,0x0000,0x0000,0x0000,0x0000,0x0000,0x0000,0x1181,0x09A0,
  0x2263,0x5C49,0x7D69,0x964B,0x9E4D,0xB6D0,0xBF12,0xCF53,0xE7F6,0xE7F6,0xDF74,0x8D2C,
  0x5BC9,0x2A43,0x9592,0x9592,0x0000,0x0000,0x0000,0x0000,0x0000,0x0000,0x0000,0x0000,
  0x0000,0x0000,0x0000,0x0000,0x0000,0x0000,0x0000,0x0000,0x0000,0x0100,0x6C4B,0x0120,
  0x0120,0x7D4C,0x85AA,0x85CA,0xA68D,0xBF51,0xB731,0xB711,0xB731,0xD7D4,0xDF74,0xDF95,
  0x8D6C,0x0920,0x0920,0x0000,0x0000,0x0000,0x0000,0x0000,0x0000,0x0000,0x0000,0x0000,
  0x0000,0x0000,0x0000,0x0000,0x0000,0x0000,0x0000,0x0000,0x0000,0x00E0,0x5BC8,0x7D0C,
  0x0120,0x2A63,0x6447,0x960C,0x8DEA,0xA6AE,0xAF10,0xAF10,0xB711,0xC752,0xD775,0x0000,
  0xD754,0x958E,0x0960,0x0000,0x0000,0x0000,0x0000,0x0000,0x0000,0x0000,0x0000,0x0000,
  0x0000,0x0000,0x0000,0x0000,0x0000,0x0000,0x0000,0x0000,0x0000,0x00C0,0x0961,0x0000,
  0x0100,0x0140,0x09A0,0x7D6B,0x85A9,0x8E0A,0x964C,0xB6F1,0xAEF0,0xB6D1,0xEFF8,0x4B43,
  0x7D2A,0x8DAD,0x00E0,0x0000,0x0000,0x0000,0x0000,0x0000,0x0000,0x0000,0x0000,0x0000,
  0x0000,0x0000,0x0000,0x0000,0x0000,0x0000,0x0000,0x0000,0x0000,0x0000,0x0000,0x00C0,
  0x642B,0x11C1,0x00C0,0x4BA4,0x7D88,0x8588,0x960B,0x95ED,0x0000,0x5BC5,0xD794,0x0000,
  0xAF12,0x0100,0x0000,0x0000,0x0000,0x0000,0x0000,0x0000,0x0000,0x0000,0x0000,0x0000,
  0x0000,0x0000,0x0000,0x0000,0x0000,0x0000,0x0000,0x0000,0x0000,0x0000,0x0100,0x642B,
  0x11A1,0x00E0,0x5388,0x95ED,0x95EC,0x964C,0x964D,0x0000,0x5C26,0xCF54,0x0000,0xB6D2,
  0x0900,0x0000,0x0000,0x0000,0x0000,0x0000,0x0000,0x0000,0x0000,0x0000,0x0000,0x0000,
  0x0000,0x0000,0x0000,0x0000,0x0000,0x0000,0x0000,0x0000,0x0000,0x0000,0x0941,0x1162,
  0x0000,0x63CD,0x0941,0x0962,0x8DAE,0x7D49,0x95ED,0x3B44,0xC752,0x0000,0x0000,0x0100,
  0x0000,0x0000,0x0000,0x0000,0x0000,0x0000,0x0000,0x0000,0x0000,0x0000,0x0000,0x0000,
  0x0000,0x0000,0x0000,0x0000,0x0000,0x0000,0x0000,0x0000,0x0000,0x0000,0x0000,0x0000,
  0x0000,0x0000,0x0000,0x0921,0x0100,0x0100,0x74E8,0x7529,0x2A63,0x0120,0x0000,0x0000,
  0x0000,0x0000,0x0000,0x0000,0x0000,0x0000,0x0000,0x0000,0x0000,0x0000,0x0000,0x0000,
  0x0000,0x0000,0x0000,0x0000,0x0000,0x0000,0x0000,0x0000,0x0000,0x0000,0x0000,0x0000,
  0x0000,0x0000,0x0000,0x0000,0x0000,0x0960,0x0120,0x748D,0x0000,0x0000,0x0000,0x0000,
  0x0000,0x0000,0x0000,0x0000,0x0000,0x0000,0x0000,0x0000,0x0000,0x0000,0x0000,0x0000,
  0x0000,0x0000,0x0000,0x0000,0x0000,0x0000,0x0000,0x0000,0x0000,0x0000,0x0000,0x0000,
  0x0000,0x0000,0x0000,0x0000,0x6C2D,0x6C4D,0x0000,0x0000,0x0000,0x0000,0x0000,0x0000,
  0x0000,0x0000,0x0000,0x0000,0x0000,0x0000,0x0000,0x0000,
};

static const int PART_ARM_L_OUT_W = 40;
static const int PART_ARM_L_OUT_H = 35;
static const uint16_t part_arm_L_out[1400] = {
  0x0000,0x0000,0x0000,0x0000,0x0000,0x0000,0x0000,0x0000,0x0000,0x0000,0x0000,0x0000,
  0x0000,0x0000,0x0000,0x0000,0x0000,0x0000,0x0000,0x0000,0x0000,0x0000,0x0000,0x0000,
  0x0000,0x0000,0x0000,0x0000,0x0000,0x0100,0x0921,0x0900,0x0000,0x0000,0x0000,0x0000,
  0x0000,0x0000,0x0000,0x0000,0x0000,0x0000,0x0000,0x0000,0x0000,0x0000,0x0000,0x0000,
  0x0000,0x0000,0x0000,0x0000,0x0000,0x0000,0x0000,0x0000,0x0000,0x0000,0x0000,0x0000,
  0x0000,0x0000,0x0000,0x0000,0x0000,0x0000,0x0120,0x0921,0x0160,0x7D4C,0x6CCA,0x21E3,
  0x00A0,0x0000,0x0000,0x0000,0x0000,0x0000,0x0000,0x0000,0x0000,0x0000,0x0000,0x0000,
  0x0000,0x0000,0x0000,0x0000,0x0000,0x0000,0x0000,0x0000,0x0000,0x0000,0x0000,0x0000,
  0x0000,0x0000,0x0000,0x0000,0x0000,0x0000,0x0000,0x3AE6,0x0901,0x0940,0xA651,0xD734,
  0x0000,0x7D6C,0x1A60,0x856C,0xB6D2,0x00C0,0x0000,0x0000,0x0000,0x0000,0x0000,0x0000,
  0x0000,0x0000,0x0000,0x0000,0x0000,0x0000,0x0000,0x0000,0x0000,0x0000,0x0000,0x0000,
  0x0000,0x0000,0x0000,0x0000,0x0000,0x0000,0x0000,0x0000,0x21E5,0x0921,0x0120,0x7D0C,
  0x0000,0xEFF7,0xEFF5,0xD773,0xB6F1,0x1220,0x5446,0xB6F0,0xD7B2,0xC6B1,0x00C0,0xA5F4,
  0x0000,0x0000,0x0000,0x0000,0x0000,0x0000,0x0000,0x0000,0x0000,0x0000,0x0000,0x0000,
  0x0000,0x0000,0x0000,0x0000,0x0000,0x0000,0x0000,0x0000,0x0100,0x00E0,0x0101,0x0121,
  0x0000,0x0000,0x0000,0xEFF5,0xD773,0xBEF1,0xBF32,0xA66E,0x964F,0x2AE3,0x85EB,0xB711,
  0xCF53,0xE7B5,0xA60F,0x4327,0x748E,0x0000,0x0000,0x0000,0x0000,0x0000,0x0000,0x0000,
  0x0000,0x0000,0x0000,0x0000,0x0000,0x0000,0x0000,0x0000,0x0000,0x0000,0x0000,0x0000,
  0x53A8,0x642A,0x7C8C,0x84CC,0xBE91,0xDF93,0xDF74,0xD774,0xCF53,0xA6D1,0x9EAE,0xA6AE,
  0x7D6D,0x3B44,0x85CA,0xB732,0xBEF2,0xE7D6,0xBEAF,0x4325,0x744F,0x0000,0x0000,0x0000,
  0x0000,0x0000,0x0000,0x0000,0x0000,0x0000,0x0000,0x0000,0x0000,0xA5F4,0x0000,0x0000,
  0x32A4,0x5B67,0x5B47,0x5B88,0xAE0F,0xD772,0xDF73,0xDFB4,0xD774,0xC753,0xB6F2,0xB712,
  0xB711,0xAF0F,0x8DEA,0x3B46,0x00E0,0x2A83,0x7D8A,0xB732,0xB712,0x0000,0xE795,0x84CB,
  0x642C,0x0000,0x0000,0x0000,0x0000,0x0000,0x0000,0x0000,0x0000,0x0000,0x0000,0x95B3,
  0x850F,0x4B86,0x6C4A,0x6C29,0xAE0E,0xE774,0xE795,0xD794,0xD774,0xCF73,0xB6F1,0xB6F2,
  0x0000,0xAF11,0xAF10,0xB710,0x966B,0x8E2C,0x646A,0x11C2,0x1A04,0x11C2,0x4365,0xAED2,
  0xB731,0x0000,0xE7F5,0xCEF1,0x4B47,0x8510,0x0000,0x0000,0x0000,0x0000,0x0000,0x32A4,
  0x4B67,0x5367,0x5B88,0x744B,0x7429,0xC6D0,0xE793,0xD774,0xD794,0xD774,0xCF74,0xB6F1,
  0xB6F2,0xB712,0xAEF0,0x964C,0x8E0B,0x8E09,0x5C86,0x5C47,0x6448,0x3AE6,0x84F1,0x11C3,
  0x3B87,0x2AE6,0x11C2,0x85A9,0xB731,0x0000,0x0000,0xDF94,0x5BA6,0x5BCA,0x9572,0x0000,
  0x0000,0x0120,0x1A22,0xA62F,0xE7F6,0xD773,0xDFB4,0xE7D5,0xE7D5,0xEFD5,0xDFF5,0xBF12,
  0xB6F2,0xB6F2,0xB6F2,0xB712,0xB731,0xB710,0xAEEF,0x7DA9,0x858A,0x8D8C,0x1A22,0x0160,
  0x19E2,0x0941,0x0000,0x0961,0x3B86,0x3B87,0x1A04,0x85AB,0xBF52,0xB712,0x0000,0xD774,
  0xC711,0x32A5,0x1162,0x0000,0x00E0,0x74E8,0xC773,0xE7F6,0xEFF6,0xE7D6,0x0000,0xAEF2,
  0xAEF2,0xAF11,0xAED1,0xAF11,0xB6F0,0xB710,0xB710,0x8DC9,0x8DE9,0x8DEB,0x95ED,0x64A8,
  0x0120,0x0901,0x3AE6,0x4BC5,0x74EC,0x0101,0x0000,0x1181,0x3BA7,0x4388,0x11C2,0x32C5,
  0x9E6D,0xBF52,0xAF12,0xCF93,0xC710,0x32A4,0x0941,0x0000,0x0921,0x7D6B,0xB730,0xBF31,
  0xB6F1,0xBF32,0xB731,0xB731,0xB711,0xAF11,0xAF0F,0x7DA8,0x85C9,0x8DCC,0x8DCC,0x8DCC,
  0x95CD,0x0160,0x0160,0x11C2,0x0000,0x4308,0x4B68,0x646B,0x0080,0x0000,0x0000,0x0941,
  0x4BC9,0x0120,0x0000,0x11A2,0x858B,0xAF10,0xB711,0xB712,0xD794,0x4306,0x0962,0x0000,
  0x0100,0x6489,0x7D89,0xA6AE,0xA6D0,0xA6AE,0x85E9,0x85C8,0x8DE8,0x7567,0x85AA,0x85AA,
  0x856D,0x0141,0x11A3,0x00C0,0x1182,0x5C09,0x6467,0x0100,0x0000,0x4B28,0x21E4,0x0101,
  0x0000,0x0000,0x0000,0x0961,0x11A2,0x0000,0x0000,0x0941,0x856D,0xAEF0,0xB711,0xB711,
  0xDFB5,0x42E4,0x0120,0x0000,0x0000,0x00C0,0x8D8E,0x85AB,0x858A,0x858B,0x8DCC,0x8DCB,
  0x8DCC,0x7D8C,0x0981,0x0982,0x0120,0x5406,0x2263,0x0000,0x0100,0x5C09,0x0140,0x0000,
  0x0000,0x4309,0x8D11,0x0000,0x0000,0x0000,0x0000,0x0100,0x0000,0x0000,0x0120,0x2A65,
  0x0120,0x9E2F,0xB731,0xBF32,0xDFB5,0xB670,0xA650,0x63ED,0x0000,0x0000,0x0100,0x0121,
  0x0100,0x00E0,0x0100,0x0140,0x0160,0x0980,0x2245,0x0000,0x11A1,0x6CC9,0x00E0,0x0000,
  0x0921,0x3AC7,0x8530,0x0000,0x0000,0x0000,0x0000,0x0000,0x0000,0x0000,0x0000,0x0000,
  0x0000,0x0000,0x0981,0x3B27,0x0982,0x9E4E,0xB751,0x0000,0xDF95,0xE7B4,0xE7D7,0x642D,
  0x0000,0x0000,0x0000,0x0000,0x0000,0x0000,0x0000,0x32A3,0x6CA9,0x53A8,0x3AA6,0x0000,
  0x11C2,0x1A02,0x0000,0x0000,0x0921,0x0100,0x0000,0x0000,0x0000,0x0000,0x0000,0x0000,
  0x0000,0x0000,0x0000,0x0000,0x0000,0x0000,0x00E0,0x0000,0x11A2,0x7D2B,0xBF52,0x0000,
  0xB6F2,0xDFB4,0xDF96,0x640D,0x0000,0x0000,0x0000,0x0000,0x0000,0x0000,0x0000,0x2A63,
  0x5C09,0x00E0,0x0000,0x0000,0x0981,0x0000,0x0000,0x0000,0x0000,0x0000,0x0000,0x0000,
  0x0000,0x0000,0x0000,0x0000,0x0000,0x0000,0x0000,0x0000,0x0000,0x0100,0x95B2,0x0000,
  0x0900,0x11E1,0x0000,0xB712,0xB712,0xDFB4,0xE7B7,0x3266,0x0000,0x0000,0x0000,0x0000,
  0x0000,0x0000,0x1142,0x0921,0x00C0,0x0000,0x0000,0x0000,0x0000,0x0000,0x0000,0x0000,
  0x0000,0x0000,0x0000,0x0000,0x0000,0x0000,0x0000,0x0000,0x0000,0x0000,0x0000,0x0000,
  0x0000,0x0000,0x0000,0x0000,0x00E0,0x1A04,0x0000,0xB711,0xB6F2,0xDFB3,0xEFD8,0x00E0,
  0x0000,0x0000,0x0000,0x0000,0x0000,0x0000,0x0000,0x0000,0x0000,0x0000,0x0000,0x0000,
  0x0000,0x0000,0x0000,0x0000,0x0000,0x0000,0x0000,0x0000,0x0000,0x0000,0x0000,0x0000,
  0x0000,0x0000,0x0000,0x0000,0x0000,0x0000,0x0000,0x11A2,0x3AE7,0x0961,0x858C,0xA6CF,
  0xB6F2,0xD793,0xEFD8,0x00E0,0x0000,0x0000,0x0000,0x0000,0x0000,0x0000,0x0000,0x0000,
  0x0000,0x0000,0x0000,0x0000,0x0000,0x0000,0x0000,0x0000,0x0000,0x0000,0x0000,0x0000,
  0x0000,0x0000,0x0000,0x0000,0x0000,0x0000,0x0000,0x0000,0x0000,0x0000,0x0141,0x19E3,
  0x0000,0x0120,0x858C,0xAED0,0xB6F2,0xD793,0xEFD7,0x00E0,0x0000,0x0000,0x0000,0x0000,
  0x0000,0x0000,0x0000,0x0000,0x0000,0x0000,0x0000,0x0000,0x0000,0x0000,0x0000,0x0000,
  0x0000,0x0000,0x0000,0x0000,0x0000,0x0000,0x0000,0x0000,0x0000,0x0000,0x0000,0x0000,
  0x0000,0x0000,0x1182,0x0000,0x0000,0x1983,0x1A42,0x8DCD,0xB6F2,0xD793,0xEFD7,0x00E0,
  0x0000,0x0000,0x0000,0x0000,0x0000,0x0000,0x0000,0x0000,0x0000,0x0000,0x0000,0x0000,
  0x0000,0x0000,0x0000,0x0000,0x0000,0x0000,0x0000,0x0000,0x0000,0x0000,0x0000,0x0000,
  0x0000,0x0000,0x0000,0x0000,0x0000,0x0000,0x0000,0x0000,0x0120,0x1162,0x11C1,0x95AF,
  0x0000,0xDF94,0xEFD7,0x00E0,0x0000,0x0000,0x0000,0x0000,0x0000,0x0000,0x0000,0x0000,
  0x0000,0x0000,0x0000,0x0000,0x0000,0x0000,0x0000,0x0000,0x0000,0x0000,0x0000,0x0000,
  0x0000,0x0000,0x0000,0x0000,0x0000,0x0000,0x0000,0x0000,0x0000,0x0000,0x0000,0x7CEF,
  0x00A0,0x0000,0x0961,0x95CF,0x0000,0xDF95,0xE7D7,0x0100,0x0000,0x0000,0x0000,0x0000,
  0x0000,0x0000,0x0000,0x0000,0x0000,0x0000,0x0000,0x0000,0x0000,0x0000,0x0000,0x0000,
  0x0000,0x0000,0x0000,0x0000,0x0000,0x0000,0x0000,0x0000,0x0000,0x0000,0x0000,0x0000,
  0x0000,0x0000,0x0000,0x0000,0x0000,0x19A3,0x0140,0x750C,0xBF32,0xC732,0x0000,0x0120,
  0x0000,0x0000,0x0000,0x0000,0x0000,0x0000,0x0000,0x0000,0x0000,0x0000,0x0000,0x0000,
  0x0000,0x0000,0x0000,0x0000,0x0000,0x0000,0x0000,0x0000,0x0000,0x0000,0x0000,0x0000,
  0x0000,0x0000,0x0000,0x0000,0x0000,0x0000,0x0000,0x0000,0x0000,0x1182,0x2A65,0x752B,
  0xB711,0x9E8F,0x6CA9,0x0000,0x0000,0x0000,0x0000,0x0000,0x0000,0x0000,0x0000,0x0000,
  0x0000,0x0000,0x0000,0x0000,0x0000,0x0000,0x0000,0x0000,0x0000,0x0000,0x0000,0x0000,
  0x0000,0x0000,0x0000,0x0000,0x0000,0x0000,0x0000,0x0000,0x0000,0x0000,0x0000,0x0000,
  0x2A65,0x0961,0x1A24,0x750A,0xAECF,0x32E3,0x11C1,0x0000,0x0000,0x0000,0x0000,0x0000,
  0x0000,0x0000,0x0000,0x0000,0x0000,0x0000,0x0000,0x0000,0x0000,0x0000,0x0000,0x0000,
  0x0000,0x0000,0x0000,0x0000,0x0000,0x0000,0x0000,0x0000,0x0000,0x0000,0x0000,0x0000,
  0x0000,0x0000,0x0000,0x0000,0x0100,0x00A0,0x2AC3,0x85AB,0xA6AF,0x2A83,0x1182,0x0000,
  0x0000,0x0000,0x0000,0x0000,0x0000,0x0000,0x0000,0x0000,0x0000,0x0000,0x0000,0x0000,
  0x0000,0x0000,0x0000,0x0000,0x0000,0x0000,0x0000,0x0000,0x0000,0x0000,0x0000,0x0000,
  0x0000,0x0000,0x0000,0x0000,0x0000,0x0000,0x0000,0x0000,0x0000,0x0100,0x7D6B,0x966C,
  0x6D09,0x2A84,0x2A46,0x0000,0x0000,0x0000,0x0000,0x0000,0x0000,0x0000,0x0000,0x0000,
  0x0000,0x0000,0x0000,0x0000,0x0000,0x0000,0x0000,0x0000,0x0000,0x0000,0x0000,0x0000,
  0x0000,0x0000,0x0000,0x0000,0x0000,0x0000,0x0000,0x0000,0x0000,0x0000,0x0000,0x0000,
  0x0000,0x0100,0x8DCD,0x64E7,0x2A85,0x95B3,0x0000,0x0000,0x0000,0x0000,0x0000,0x0000,
  0x0000,0x0000,0x0000,0x0000,0x0000,0x0000,0x0000,0x0000,0x0000,0x0000,0x0000,0x0000,
  0x0000,0x0000,0x0000,0x0000,0x0000,0x0000,0x0000,0x0000,0x0000,0x0000,0x0000,0x0000,
  0x0000,0x0000,0x0000,0x0000,0x0000,0x0160,0x9E6E,0x3302,0x6C4E,0x0000,0x0000,0x0000,
  0x0000,0x0000,0x0000,0x0000,0x0000,0x0000,0x0000,0x0000,0x0000,0x0000,0x0000,0x0000,
  0x0000,0x0000,0x0000,0x0000,0x0000,0x0000,0x0000,0x0000,0x0000,0x0000,0x0000,0x0000,
  0x0000,0x0000,0x0000,0x0000,0x0000,0x0000,0x0000,0x0000,0x0100,0x3B45,0x9E6F,0x2A83,
  0x7CCF,0x0000,0x0000,0x0000,0x0000,0x0000,0x0000,0x0000,0x0000,0x0000,0x0000,0x0000,
  0x0000,0x0000,0x0000,0x0000,0x0000,0x0000,0x0000,0x0000,0x0000,0x0000,0x0000,0x0000,
  0x0000,0x0000,0x0000,0x0000,0x0000,0x0000,0x0000,0x0000,0x0000,0x0000,0x0000,0x0000,
  0x0100,0x854D,0x0100,0x5BAB,0x0000,0x0000,0x0000,0x0000,0x0000,0x0000,0x0000,0x0000,
  0x0000,0x0000,0x0000,0x0000,0x0000,0x0000,0x0000,0x0000,0x0000,0x0000,0x0000,0x0000,
  0x0000,0x0000,0x0000,0x0000,0x0000,0x0000,0x0000,0x0000,0x0000,0x0000,0x0000,0x0000,
  0x0000,0x0000,0x0000,0x00C0,0x95AD,0x00C0,0x0000,0x0000,0x0000,0x0000,0x0000,0x0000,
  0x0000,0x0000,0x0000,0x0000,0x0000,0x0000,0x0000,0x0000,0x0000,0x0000,0x0000,0x0000,
  0x0000,0x0000,0x0000,0x0000,0x0000,0x0000,0x0000,0x0000,0x0000,0x0000,0x0000,0x0000,
  0x0000,0x0000,0x0000,0x0000,0x0000,0x0000,0x0121,0x854D,0x00C0,0x0000,0x0000,0x0000,
  0x0000,0x0000,0x0000,0x0000,0x0000,0x0000,0x0000,0x0000,0x0000,0x0000,0x0000,0x0000,
  0x0000,0x0000,0x0000,0x0000,0x0000,0x0000,0x0000,0x0000,0x0000,0x0000,0x0000,0x0000,
  0x0000,0x0000,0x0000,0x0000,0x0000,0x0000,0x0000,0x0000,0x0000,0x0000,0x0962,0x0120,
  0x0000,0x0000,0x0000,0x0000,0x0000,0x0000,0x0000,0x0000,
};

static const int PART_ARM_R_UP_W = 35;
static const int PART_ARM_R_UP_H = 40;
static const uint16_t part_arm_R_up[1400] = {
  0x0000,0x0000,0x744E,0x5389,0x644A,0x644A,0x6C6B,0x6469,0x538A,0x534A,0x5349,0x0000,
  0x0000,0x0000,0x0000,0x0000,0x0000,0x0000,0x0000,0x0000,0x0000,0x0000,0x0000,0x0000,
  0x0000,0x0000,0x0000,0x0000,0x0000,0x0000,0x0000,0x0000,0x0000,0x0000,0x0000,0x0000,
  0x0000,0x0940,0x7D49,0x8DEC,0xAE90,0xB690,0xA62E,0x11C0,0x0120,0x0080,0x0000,0x0000,
  0x0000,0x0000,0x0000,0x0000,0x0000,0x0000,0x0000,0x0000,0x0000,0x0000,0x0000,0x0000,
  0x0000,0x0000,0x0000,0x0000,0x0000,0x0000,0x0000,0x0000,0x0000,0x0000,0x0000,0x00E0,
  0x7509,0xA690,0x0000,0xEFF8,0xF7D8,0xEFD7,0xD733,0x9DED,0x7D2B,0x0100,0x0000,0x0000,
  0x0000,0x0000,0x0000,0x0000,0x0000,0x0000,0x0000,0x0000,0x0000,0x0000,0x0000,0x0000,
  0x0000,0x0000,0x0000,0x0000,0x0000,0x0000,0x0000,0x0000,0x0000,0x0000,0x0120,0x964C,
  0xBF31,0x0000,0xC712,0xCF33,0xEFB6,0xE7D5,0xB6D0,0xA6CF,0x854C,0x0920,0x0000,0x0000,
  0x0000,0x0000,0x0000,0x0000,0x0000,0x0000,0x0000,0x0000,0x0000,0x0000,0x0000,0x0000,
  0x0000,0x0000,0x0000,0x0000,0x0000,0x0000,0x0000,0x0000,0x0000,0x0980,0x964C,0xBF52,
  0xB6F1,0xB712,0xBF12,0xBEF2,0xB6D1,0xB6F1,0xAF10,0x85AC,0x0980,0x9593,0x0000,0x0000,
  0x0000,0x0000,0x0000,0x0000,0x0000,0x0000,0x0000,0x0000,0x0000,0x0000,0x0000,0x0000,
  0x0000,0x0000,0x0000,0x0000,0x0000,0x0000,0x0000,0x0000,0x0980,0x964C,0xBF52,0xB711,
  0xB711,0xB712,0xBF12,0xB710,0x0000,0x0000,0x858D,0x0120,0x8D51,0x0000,0x0000,0x0000,
  0x0000,0x0000,0x0000,0x0000,0x0000,0x0000,0x0000,0x0000,0x0000,0x0000,0x0000,0x0000,
  0x0000,0x0000,0x0000,0x0000,0x0000,0x0000,0x0000,0x0160,0x8E0B,0x962D,0xB751,0xB731,
  0xB711,0xB731,0xAF10,0x750C,0x5C6B,0x11E0,0x2A83,0x11C1,0x3AE7,0x0000,0x0000,0x0000,
  0x0000,0x0000,0x0000,0x0000,0x0000,0x0000,0x0000,0x0000,0x0000,0x0000,0x0000,0x0000,
  0x0000,0x0000,0x0000,0x0000,0x0000,0x0000,0x0100,0x64A7,0x964C,0x964D,0x9E8D,0x9E6D,
  0x964E,0x43A6,0x1A23,0x11E0,0x4BE4,0x9E6F,0xA68F,0x8D8F,0x00A0,0x0000,0x0000,0x0000,
  0x0000,0x0000,0x0000,0x0000,0x0000,0x0000,0x0000,0x0000,0x0000,0x0000,0x0000,0x0000,
  0x0000,0x0000,0x0000,0x0000,0xA5D5,0x0120,0x5445,0x5C86,0x64E6,0x85CA,0x85CB,0x5C69,
  0x1202,0x53E8,0x5C67,0x85AA,0xB751,0xAF31,0xB6F2,0x0000,0x00C0,0x0000,0x0000,0x0000,
  0x0000,0x0000,0x0000,0x0000,0x0000,0x0000,0x0000,0x0000,0x0000,0x0000,0x0000,0x0000,
  0x0000,0x0000,0x0000,0x0000,0x640B,0x32E4,0x5C86,0x5C86,0x6D09,0x750B,0x2AC4,0x32E4,
  0x6CC8,0x6D07,0x960B,0xB731,0xB711,0xB6F1,0x0000,0x7C8C,0x744D,0x6C4D,0x0000,0x0000,
  0x0000,0x0000,0x0000,0x0000,0x0000,0x0000,0x0000,0x0000,0x0000,0x0000,0x0000,0x0000,
  0x0000,0x0000,0x0000,0x0000,0x1142,0x6469,0x5C28,0x5407,0x5408,0x11C1,0x6469,0x85A9,
  0x7D88,0x9EAD,0xAEF0,0xB711,0xC732,0xE7D5,0xC6F3,0x0940,0x0100,0x0000,0x0000,0x0000,
  0x0000,0x0000,0x0000,0x0000,0x0000,0x0000,0x0000,0x0000,0x0000,0x0000,0x0000,0x0000,
  0x0000,0x0000,0x0000,0x0000,0x0101,0x0920,0x5BE9,0x4B86,0x0100,0x644A,0x7528,0x6D27,
  0x85CA,0xB731,0xAEF1,0xBF12,0xC6F2,0xE7D6,0xD755,0x0000,0x1140,0x00C0,0x0000,0x0000,
  0x0000,0x0000,0x0000,0x0000,0x0000,0x0000,0x0000,0x0000,0x0000,0x0000,0x0000,0x0000,
  0x0000,0x0000,0x0000,0x0000,0x0000,0x00C0,0x0100,0x0000,0x00C0,0x3B44,0x4C04,0x7548,
  0x7D8A,0xA6D0,0xAEF1,0xB6F2,0xC6F2,0xEFF6,0xEFD6,0x0000,0x0000,0x00E0,0x0000,0x0000,
  0x0000,0x0000,0x0000,0x0000,0x0000,0x0000,0x0000,0x0000,0x0000,0x0000,0x0000,0x0000,
  0x0000,0x0000,0x0000,0x0000,0x9552,0x9593,0x0000,0x0000,0x2243,0x11C0,0x6CC7,0x7D8A,
  0x8E2C,0x964D,0xA68E,0xB711,0xCF53,0xD753,0xEFD5,0xD795,0x956F,0x2A25,0x21E4,0x0000,
  0x0000,0x0000,0x0000,0x0000,0x0000,0x0000,0x0000,0x0000,0x0000,0x0000,0x0000,0x0000,
  0x0000,0x0000,0x0000,0x0000,0x0000,0x0000,0x0000,0x00A0,0x00A0,0x0960,0x856D,0x85AA,
  0x7DA9,0x8E2B,0xAF10,0xAED0,0xBEF1,0xDFB4,0xE7D4,0xC6F2,0x0920,0x00E0,0x0000,0x0000,
  0x0000,0x0000,0x0000,0x0000,0x0000,0x0000,0x0000,0x0000,0x0000,0x0000,0x0000,0x0000,
  0x0000,0x0000,0x0000,0x0000,0x0000,0x0000,0x0000,0x0000,0x0000,0x0900,0x7D0B,0x6D07,
  0x7568,0x8E4C,0xAEF0,0xAEF0,0xBF11,0xC712,0xE7F6,0xCF13,0x0000,0x0920,0x4326,0x0000,
  0x0000,0x0000,0x0000,0x0000,0x0000,0x0000,0x0000,0x0000,0x0000,0x0000,0x0000,0x0000,
  0x0000,0x0000,0x0000,0x0000,0x0000,0x0000,0x0000,0x0000,0x0000,0x00C0,0x0120,0x64E7,
  0x6D07,0x7D8A,0x85EC,0xB710,0xAED0,0xBEB1,0xE7D6,0xE7D7,0x0000,0x4345,0x0080,0x00A0,
  0x0000,0x0000,0x0000,0x0000,0x0000,0x0000,0x0000,0x0000,0x0000,0x0000,0x0000,0x0000,
  0x0000,0x0000,0x0000,0x0000,0x0000,0x0000,0x0000,0x0000,0x0000,0x0000,0x11A0,0x2AC2,
  0x7549,0x7548,0x7D69,0xAED0,0xB6F1,0xD795,0xDFB5,0xD795,0xAE90,0x53C7,0x5389,0x9572,
  0x7CF0,0x0000,0x0000,0x0000,0x0000,0x0000,0x0000,0x0000,0x0000,0x0000,0x0000,0x0000,
  0x0000,0x0000,0x0000,0x0000,0x0000,0x0000,0x0000,0x0000,0x0000,0x42C8,0x3286,0x53E9,
  0x5426,0x7D89,0xAEF0,0xB731,0xB732,0xB6F1,0x0000,0xAECF,0x85AA,0x6486,0x11A1,0x0100,
  0x0000,0x0000,0x0000,0x0000,0x0000,0x0000,0x0000,0x0000,0x0000,0x0000,0x0000,0x0000,
  0x0000,0x0000,0x0000,0x0000,0x0000,0x0000,0x0000,0x0000,0x0000,0x0000,0x00E0,0x0120,
  0x3B24,0x7D6A,0x85EB,0xA6CF,0xA6D0,0xB712,0xAF10,0x9E8E,0x7D8C,0x646A,0x0160,0x0921,
  0x0922,0x0920,0x0000,0x0000,0x0000,0x0000,0x0000,0x0000,0x0000,0x0000,0x0000,0x0000,
  0x0000,0x0000,0x0000,0x0000,0x0000,0x0000,0x0000,0x0000,0x0000,0x0000,0x0000,0x00C0,
  0x0140,0x7529,0x7569,0x7569,0x962D,0x960C,0x5406,0x2AE4,0x11E0,0x6449,0x7D4C,0x648A,
  0x4327,0x00C0,0x0000,0x0000,0x0000,0x0000,0x0000,0x0000,0x0000,0x0000,0x0000,0x0000,
  0x0000,0x0000,0x0000,0x0000,0x0000,0x0000,0x0000,0x0000,0x0000,0x0000,0x0000,0x0000,
  0x0920,0x2A82,0x5C47,0x7528,0x6CE8,0x1A41,0x5C4B,0x752B,0x8E0D,0xAED2,0xA671,0x5C69,
  0x0100,0x640C,0x0000,0x0000,0x0000,0x0000,0x0000,0x0000,0x0000,0x0000,0x0000,0x0000,
  0x0000,0x0000,0x0000,0x0000,0x0000,0x0000,0x0000,0x0000,0x0000,0x0000,0x0000,0x1983,
  0x00C0,0x11C2,0x4365,0x4365,0x1A23,0x5C4B,0x648B,0x856E,0x0000,0x9E50,0x6CEA,0x0981,
  0x538A,0x0000,0x0000,0x0000,0x0000,0x0000,0x0000,0x0000,0x0000,0x0000,0x0000,0x0000,
  0x0000,0x0000,0x0000,0x0000,0x0000,0x0000,0x0000,0x0000,0x0000,0x0000,0x0000,0x1162,
  0x1162,0x19E3,0x11A1,0x1A03,0x11E1,0x1A02,0x1A01,0x5C4B,0x646B,0x648A,0x0961,0x4B49,
  0x0000,0x0000,0x0000,0x0000,0x0000,0x0000,0x0000,0x0000,0x0000,0x0000,0x0000,0x0000,
  0x0000,0x0000,0x0000,0x0000,0x0000,0x0000,0x0000,0x0000,0x0000,0x0000,0x0000,0x9D93,
  0x0100,0xA66E,0xA66E,0x9E4D,0x9E4D,0x6CE8,0x09A0,0x11C2,0x3306,0x0121,0x536A,0x0000,
  0x0000,0x0000,0x0000,0x0000,0x0000,0x0000,0x0000,0x0000,0x0000,0x0000,0x0000,0x0000,
  0x0000,0x0000,0x0000,0x0000,0x0000,0x0000,0x0000,0x0000,0x0080,0x0940,0x0160,0x9E30,
  0xC731,0xD7B3,0xB6D0,0xAEEE,0x85A9,0x5C46,0x3B06,0x1182,0x0000,0x0000,0x0000,0x0000,
  0x0000,0x0000,0x0000,0x0000,0x0000,0x0000,0x0000,0x0000,0x0000,0x0000,0x0000,0x0000,
  0x0000,0x0000,0x0000,0x0000,0x0000,0x0000,0x0000,0x3AC5,0x6C09,0x748A,0xBEF1,0xC732,
  0xC751,0xAEAF,0x9E8E,0x7DA8,0x5444,0x2AC3,0x0101,0x0000,0x0000,0x0000,0x0000,0x0000,
  0x0000,0x0000,0x0000,0x0000,0x0000,0x0000,0x0000,0x0000,0x0000,0x0000,0x0000,0x0000,
  0x0000,0x0000,0x0000,0x0000,0x0000,0x0120,0xA64F,0xDFB5,0xEFF6,0xE7F6,0xDFF5,0xAED0,
  0x9EAF,0x9E8C,0x7DA8,0x6487,0x2AA5,0x0942,0x0000,0x0000,0x0000,0x0000,0x0000,0x0000,
  0x0000,0x0000,0x0000,0x0000,0x0000,0x0000,0x0000,0x0000,0x0000,0x0000,0x0000,0x0000,
  0x0000,0x00E0,0x0920,0x0940,0xB670,0xDFD4,0xD773,0xD794,0x0000,0xB6F1,0xAEF0,0x85CA,
  0x85A9,0x6CC8,0x0980,0x00A0,0x0000,0x0000,0x0000,0x0000,0x0000,0x0000,0x0000,0x0000,
  0x0000,0x0000,0x0000,0x0000,0x0000,0x0000,0x0000,0x0000,0x0000,0x0000,0x0000,0x0120,
  0xAE71,0x0000,0xDF95,0xE7F5,0xCF52,0xB6F1,0xAEF1,0xB732,0xA6AF,0x85C9,0x7526,0x32E3,
  0x0980,0x0121,0x0000,0x0000,0x0000,0x0000,0x0000,0x0000,0x0000,0x0000,0x0000,0x0000,
  0x0000,0x0000,0x0000,0x0000,0x0000,0x0000,0x0000,0x9D73,0x8D31,0x7CAD,0x6C49,0xB6D0,
  0xC731,0xD773,0xDFF4,0xC772,0xA6F0,0x9EAF,0xA68E,0x964B,0x7D88,0x43A5,0x1A21,0x1A02,
  0x0120,0x0000,0x0000,0x0000,0x0000,0x0000,0x0000,0x0000,0x0000,0x0000,0x0000,0x0000,
  0x0000,0x0000,0x0000,0x0000,0x0000,0x0000,0x00C0,0x0920,0x4B04,0xC6D2,0xEFF5,0xCF72,
  0xB710,0xB731,0xB731,0x9E8D,0x8E4B,0x85CA,0x858B,0x750B,0x0181,0x2283,0x74CD,0x00E0,
  0x0000,0x0000,0x0000,0x0000,0x0000,0x0000,0x0000,0x0000,0x0000,0x0000,0x0000,0x0000,
  0x0000,0x0000,0x0000,0x0000,0x1181,0x0000,0xDFB5,0xE7B5,0xE7D6,0xBF12,0xB711,0xA6D0,
  0xB751,0x8E4B,0x85EA,0x7548,0x854D,0x0962,0x0940,0x6449,0x4347,0x0120,0x0000,0x0000,
  0x0000,0x0000,0x0000,0x0000,0x0000,0x0000,0x0000,0x0000,0x0000,0x0000,0x0000,0x0000,
  0x0000,0x7CAF,0x0100,0xA652,0x5BC7,0x84CB,0xEFF6,0xBEF2,0xAF12,0xAF11,0x960C,0x8E2A,
  0x7546,0x6487,0x0160,0x0100,0x2A25,0x0000,0x0141,0x9571,0x0000,0x0000,0x0000,0x0000,
  0x0000,0x0000,0x0000,0x0000,0x0000,0x0000,0x0000,0x0000,0x0000,0x0000,0x0000,0x0000,
  0x7C8F,0x0100,0x0000,0xCF93,0xB671,0x5386,0x0000,0x85CA,0x8DCA,0x7D68,0x7D88,0x0160,
  0x0160,0x0140,0x74AC,0x2224,0x0000,0x0000,0x0000,0x0000,0x0000,0x0000,0x0000,0x0000,
  0x0000,0x0000,0x0000,0x0000,0x0000,0x0000,0x0000,0x0000,0x0000,0x0000,0x0000,0x7CAF,
  0x0100,0xBF12,0xC791,0xAE91,0x53C7,0xBF51,0x8E29,0x8E0A,0x856A,0x8DAD,0x00C0,0x0921,
  0x0940,0x74CC,0x19E2,0x0000,0x0000,0x0000,0x0000,0x0000,0x0000,0x0000,0x0000,0x0000,
  0x0000,0x0000,0x0000,0x0000,0x0000,0x0000,0x0000,0x0000,0x0000,0x0000,0x84D0,0x0100,
  0x0000,0xC792,0xAE90,0x4365,0x856B,0x7D2A,0x6C8A,0x0141,0x0921,0x0000,0x42C7,0x1162,
  0x11A2,0x0000,0x0000,0x0000,0x0000,0x0000,0x0000,0x0000,0x0000,0x0000,0x0000,0x0000,
  0x0000,0x0000,0x0000,0x0000,0x0000,0x0000,0x0000,0x0000,0x0000,0x0000,0x0000,0x1162,
  0x74CA,0x6CA7,0x74EC,0x0100,0x00A0,0x0941,0x0000,0x0000,0x0000,0x0000,0x0000,0x0000,
  0x0000,0x0000,0x0000,0x0000,0x0000,0x0000,0x0000,0x0000,0x0000,0x0000,0x0000,0x0000,
  0x0000,0x0000,0x0000,0x0000,0x0000,0x0000,0x0000,0x0000,0x0000,0x0000,0x0000,0x0940,
  0x0140,0x00C0,0x0000,0x0000,0x0000,0x0000,0x0000,0x0000,0x0000,0x0000,0x0000,0x0000,
  0x0000,0x0000,0x0000,0x0000,0x0000,0x0000,0x0000,0x0000,0x0000,0x0000,0x0000,0x0000,
  0x0000,0x0000,0x0000,0x0000,0x0000,0x0000,0x0000,0x0000,0x0000,0x0000,0x6C4E,0x6C2E,
  0x6C4D,0x0000,0x0000,0x0000,0x0000,0x0000,0x0000,0x0000,0x0000,0x0000,0x0000,0x0000,
  0x0000,0x0000,0x0000,0x0000,0x0000,0x0000,0x0000,0x0000,
};

static const int PART_ARM_R_OUT_W = 40;
static const int PART_ARM_R_OUT_H = 35;
static const uint16_t part_arm_R_out[1400] = {
  0x0000,0x0000,0x0000,0x0000,0x0000,0x0000,0x0000,0x0000,0x00E0,0x0122,0x0100,0x0000,
  0x0000,0x0000,0x0000,0x0000,0x0000,0x0000,0x0000,0x0000,0x0000,0x0000,0x0000,0x0000,
  0x0000,0x0000,0x0000,0x0000,0x0000,0x0000,0x0000,0x0000,0x0000,0x0000,0x0000,0x0000,
  0x0000,0x0000,0x0000,0x0000,0x0000,0x0000,0x0000,0x0000,0x0000,0x0000,0x0000,0x0121,
  0x11C2,0x6CAC,0x7D2B,0x0140,0x0921,0x0100,0x9592,0x0000,0x0000,0x0000,0x0000,0x0000,
  0x0000,0x0000,0x0000,0x0000,0x0000,0x0000,0x0000,0x0000,0x0000,0x0000,0x0000,0x0000,
  0x0000,0x0000,0x0000,0x0000,0x0000,0x0000,0x0000,0x0000,0x0000,0x0000,0x0000,0x0000,
  0x0000,0x0000,0x0100,0xB6F2,0x7D6C,0x1200,0x8DCC,0xD794,0x0000,0x9E50,0x3285,0x0921,
  0x32A5,0x0000,0x0000,0x0000,0x0000,0x0000,0x0000,0x0000,0x0000,0x0000,0x0000,0x0000,
  0x0000,0x0000,0x0000,0x0000,0x0000,0x0000,0x0000,0x0000,0x0000,0x0000,0x0000,0x0000,
  0x0000,0x0000,0x0000,0x0000,0x0000,0x00A0,0xDFB6,0xCF93,0xAEEF,0x4BE6,0x1200,0xB6F1,
  0xCF31,0xE7D4,0xEFF5,0x0000,0x5C28,0x0140,0x0100,0x1A04,0x0000,0x0000,0x0000,0x0000,
  0x0000,0x0000,0x0000,0x0000,0x0000,0x0000,0x0000,0x0000,0x0000,0x0000,0x0000,0x0000,
  0x0000,0x0000,0x0000,0x0000,0x0000,0x0000,0x0000,0x0000,0x11C1,0xAE92,0xEFF5,0xCFB3,
  0xB732,0x7D8A,0x1221,0xA6B1,0xAEF0,0xB6D0,0xBEF0,0xD772,0xDFB5,0x0000,0x0000,0x0000,
  0x0100,0x0101,0x00E0,0x0120,0x0000,0x0000,0x0000,0x0000,0x0000,0x0000,0x0000,0x0000,
  0x0000,0x0000,0x0000,0x0000,0x0000,0x0000,0x0000,0x0000,0x0000,0x0000,0x0000,0x0000,
  0x0140,0xAE2E,0xE7D5,0xBF32,0xB712,0x7D69,0x2262,0x74EC,0xA6D1,0xA70E,0xA710,0x0000,
  0xCF33,0xD753,0xD773,0xCF34,0x744A,0x6409,0x6409,0x4366,0x9592,0x9DD3,0xA5F4,0x0000,
  0x0000,0x0000,0x0000,0x0000,0x0000,0x0000,0x0000,0x0000,0x0000,0x0000,0x0000,0x0000,
  0x0000,0x0000,0x0000,0x0000,0x4B25,0xEFB6,0xD754,0xB712,0xB712,0x7549,0x32E5,0x0121,
  0x5BE9,0x960A,0xA6AD,0xA6AE,0xB731,0xAF12,0x0000,0xD794,0xD794,0xD773,0xDF93,0xA60D,
  0x5B67,0x5346,0x2A63,0x2263,0x0000,0x0000,0x0000,0x0000,0x0000,0x0000,0x0000,0x0000,
  0x0000,0x0000,0x0000,0x0000,0x0000,0x0000,0x0000,0x0900,0xB670,0xEF95,0xB712,0xB731,
  0xAEF1,0x5407,0x11E3,0x2AA6,0x09A2,0x750C,0x856B,0x9E8A,0xA6AE,0xAEEF,0xA6AF,0xAEF2,
  0xAED1,0xB6F1,0xCF93,0xD793,0xD774,0xE795,0xD733,0x852B,0x6C09,0x740A,0x42E5,0x9DB1,
  0x0000,0x0000,0x0000,0x0000,0x0000,0x0000,0x0000,0x0000,0x0000,0x0000,0x0000,0x2A61,
  0xDF94,0xCF94,0xB712,0x0000,0x9E6C,0x1A23,0x2AA5,0x43A7,0x1A04,0x4B49,0x5BEA,0x4BA6,
  0x6468,0x64A7,0x8E0B,0x9E6D,0x966D,0xAF11,0xAF11,0xB732,0x0000,0xC733,0xD774,0xD733,
  0xD774,0xE7B4,0xCF30,0x7CAB,0x63E9,0x4B47,0x42E5,0x3AE6,0x32E5,0x11A1,0x0000,0x0000,
  0x0000,0x0000,0x00E0,0xAE8F,0xDFD4,0xAEF1,0xAF11,0xB771,0x7DAA,0x1A43,0x43A7,0x4387,
  0x11C3,0x0000,0x9DD3,0x0961,0x0981,0x1A23,0x8DCD,0x85AB,0x8E0B,0xB711,0xB731,0xBF31,
  0xBF12,0x0000,0x0000,0xAF12,0xB712,0xDFD5,0xEFD5,0xE7F4,0xE7F4,0xDF93,0xDF53,0xD773,
  0x0000,0x2222,0x00E0,0x0000,0x0000,0x0000,0x00C0,0xCF31,0xDFF5,0xAEF1,0xAF10,0x8E0C,
  0x11E2,0x0161,0x4388,0x43A6,0x11A2,0x0000,0xA5F4,0x3284,0x5C28,0x32A5,0x0102,0x0100,
  0x5C27,0x962D,0x964C,0x960A,0x8E0A,0xB710,0xB711,0xB6F0,0xAF10,0xAF10,0xAF11,0xAF12,
  0xAF12,0x0000,0xEFF7,0xEFF7,0xEFF8,0x0000,0x858B,0x0921,0x0000,0x0000,0x0920,0xE7D5,
  0xB6F1,0xAEF1,0xAF10,0x8DED,0x1182,0x9DB2,0x0961,0x4BA9,0x0961,0x0000,0x0000,0x6C2D,
  0x5BCA,0x5BEA,0x19E4,0x9DD3,0x0980,0x09A0,0x0180,0x85AD,0x858C,0x962C,0x962E,0x8E09,
  0x85A7,0xAF0F,0xAF11,0xB731,0xB731,0xB732,0xB712,0x0000,0x0000,0xB710,0x7D4A,0x00E0,
  0x0000,0x0000,0x1120,0xE7D6,0xB712,0xAF11,0xAEF1,0x648A,0x0941,0x0000,0x0961,0x19C3,
  0x0121,0x0000,0x0000,0x0000,0x21E4,0x4308,0x2225,0x0000,0x0140,0x750B,0x648A,0x0981,
  0x0963,0x0982,0x0962,0x7D4C,0x8DCC,0x85CB,0x85A9,0x8DC9,0x8DC9,0x8DE9,0x9E6C,0xA6CE,
  0xA6AE,0x8DEB,0x7D0C,0x00C0,0x0000,0x53C8,0xBEB1,0xE7D6,0x0000,0xB731,0x960E,0x0141,
  0x32A6,0x19C3,0x0000,0x0000,0x0941,0x0000,0x0000,0x0000,0x0000,0x748E,0x21C4,0x0000,
  0x0000,0x0160,0x74EB,0x0141,0x0000,0x0100,0x3B24,0x0120,0x0941,0x0981,0x95EF,0x8DCB,
  0x8DCC,0x8DCC,0x8DCC,0x856B,0x858B,0x6CAC,0x0101,0x0000,0x0000,0x7C8D,0xE7D4,0xE7F6,
  0x0000,0xB731,0x750A,0x0161,0x4BA8,0x0961,0x0000,0x0000,0x0000,0x0000,0x0000,0x0000,
  0x0000,0x0000,0x0000,0x0000,0x0000,0x7CEF,0x3AC7,0x0100,0x0000,0x0941,0x5C08,0x0180,
  0x0000,0x5B8B,0x0980,0x0180,0x09A1,0x0120,0x0100,0x00E0,0x0100,0x00A0,0x0000,0x0000,
  0x0000,0x84AD,0xE7F5,0xB732,0xB712,0xB732,0x5408,0x0942,0x0000,0x0922,0x0000,0x0000,
  0x0000,0x0000,0x0000,0x0000,0x0000,0x0000,0x0000,0x0000,0x0000,0x0000,0x642C,0x00C0,
  0x0000,0x0000,0x00A0,0x0160,0x0000,0x5BEB,0x4B88,0x64C9,0x4388,0x53AB,0x0000,0x0000,
  0x0000,0x0000,0x0000,0x0000,0x0000,0x84CD,0xDFD4,0xAF12,0xB712,0x0000,0x11C2,0x0901,
  0x0000,0x0000,0x1141,0x0000,0x0000,0x0000,0x0000,0x0000,0x0000,0x0000,0x0000,0x0000,
  0x0000,0x0000,0x0000,0x0000,0x0000,0x0000,0x0000,0x11C3,0x0000,0x0000,0x2A65,0x6489,
  0x4307,0x5BCC,0x0000,0x0000,0x0000,0x0000,0x0000,0x0000,0x00C0,0x0000,0xE7D6,0xAF12,
  0xAF11,0x0000,0x11C2,0x0100,0x0000,0x0000,0x0000,0x0000,0x0000,0x0000,0x0000,0x0000,
  0x0000,0x0000,0x0000,0x0000,0x0000,0x0000,0x0000,0x0000,0x0000,0x0000,0x0000,0x0000,
  0x0000,0x0000,0x0000,0x2204,0x1182,0x0921,0x0000,0x0000,0x0000,0x0000,0x0000,0x0000,
  0x00C0,0x0000,0xE7F6,0xB712,0xB731,0x754A,0x0140,0x4347,0x19C3,0x0000,0x0000,0x0000,
  0x0000,0x0000,0x0000,0x0000,0x0000,0x0000,0x0000,0x0000,0x0000,0x0000,0x0000,0x0000,
  0x0000,0x0000,0x0000,0x0000,0x0000,0x0000,0x0000,0x0000,0x0000,0x0000,0x0000,0x0000,
  0x0000,0x0000,0x0000,0x0000,0x00C0,0x0000,0xE7F6,0xB732,0xAF11,0x752A,0x0940,0x0000,
  0x11C2,0x0921,0x0000,0x0000,0x0000,0x0000,0x0000,0x0000,0x0000,0x0000,0x0000,0x0000,
  0x0000,0x0000,0x0000,0x0000,0x0000,0x0000,0x0000,0x0000,0x0000,0x0000,0x0000,0x0000,
  0x0000,0x0000,0x0000,0x0000,0x0000,0x0000,0x0000,0x0000,0x00C0,0x0000,0xE7D6,0xAF11,
  0xA6B1,0x09C0,0x0921,0x0000,0x0000,0x0942,0x0000,0x0000,0x0000,0x0000,0x0000,0x0000,
  0x0000,0x0000,0x0000,0x0000,0x0000,0x0000,0x0000,0x0000,0x0000,0x0000,0x0000,0x0000,
  0x0000,0x0000,0x0000,0x0000,0x0000,0x0000,0x0000,0x0000,0x0000,0x0000,0x0000,0x0000,
  0x00C0,0x0000,0xE7D5,0xB732,0xA671,0x0100,0x0941,0x1182,0x0000,0x0000,0x0000,0x0000,
  0x0000,0x0000,0x0000,0x0000,0x0000,0x0000,0x0000,0x0000,0x0000,0x0000,0x0000,0x0000,
  0x0000,0x0000,0x0000,0x0000,0x0000,0x0000,0x0000,0x0000,0x0000,0x0000,0x0000,0x0000,
  0x0000,0x0000,0x0000,0x0000,0x00E0,0x0000,0xE7F6,0xB712,0xA671,0x0100,0x0000,0x0941,
  0x748F,0x0000,0x0000,0x0000,0x0000,0x0000,0x0000,0x0000,0x0000,0x0000,0x0000,0x0000,
  0x0000,0x0000,0x0000,0x0000,0x0000,0x0000,0x0000,0x0000,0x0000,0x0000,0x0000,0x0000,
  0x0000,0x0000,0x0000,0x0000,0x0000,0x0000,0x0000,0x0000,0x0942,0xB672,0xCF94,0xAF12,
  0x962F,0x1182,0x19C3,0x0000,0x0000,0x0000,0x0000,0x0000,0x0000,0x0000,0x0000,0x0000,
  0x0000,0x0000,0x0000,0x0000,0x0000,0x0000,0x0000,0x0000,0x0000,0x0000,0x0000,0x0000,
  0x0000,0x0000,0x0000,0x0000,0x0000,0x0000,0x0000,0x0000,0x0000,0x0000,0x0000,0x0000,
  0x0000,0x09A0,0x85AA,0xAF10,0x858C,0x1A03,0x11A2,0x0000,0x0000,0x0000,0x0000,0x0000,
  0x0000,0x0000,0x0000,0x0000,0x0000,0x0000,0x0000,0x0000,0x0000,0x0000,0x0000,0x0000,
  0x0000,0x0000,0x0000,0x0000,0x0000,0x0000,0x0000,0x0000,0x0000,0x0000,0x0000,0x0000,
  0x0000,0x0000,0x0000,0x0000,0x0000,0x95B2,0x11E0,0x9ECE,0x962F,0x2A84,0x19C3,0x3AC7,
  0x0000,0x0000,0x0000,0x0000,0x0000,0x0000,0x0000,0x0000,0x0000,0x0000,0x0000,0x0000,
  0x0000,0x0000,0x0000,0x0000,0x0000,0x0000,0x0000,0x0000,0x0000,0x0000,0x0000,0x0000,
  0x0000,0x0000,0x0000,0x0000,0x0000,0x0000,0x0000,0x0000,0x0000,0x0000,0x0120,0x7DCA,
  0xA6D0,0x648A,0x0100,0x0941,0x8D51,0x0000,0x0000,0x0000,0x0000,0x0000,0x0000,0x0000,
  0x0000,0x0000,0x0000,0x0000,0x0000,0x0000,0x0000,0x0000,0x0000,0x0000,0x0000,0x0000,
  0x0000,0x0000,0x0000,0x0000,0x0000,0x0000,0x0000,0x0000,0x0000,0x0000,0x0000,0x0000,
  0x0000,0x0000,0x2A44,0x43A5,0xA6CE,0x6D09,0x1162,0x0000,0x0000,0x0000,0x0000,0x0000,
  0x0000,0x0000,0x0000,0x0000,0x0000,0x0000,0x0000,0x0000,0x0000,0x0000,0x0000,0x0000,
  0x0000,0x0000,0x0000,0x0000,0x0000,0x0000,0x0000,0x0000,0x0000,0x0000,0x0000,0x0000,
  0x0000,0x0000,0x0000,0x0000,0x0000,0x0000,0x0000,0x21E3,0x750A,0x7D8B,0x0121,0x0000,
  0x0000,0x0000,0x0000,0x0000,0x0000,0x0000,0x0000,0x0000,0x0000,0x0000,0x0000,0x0000,
  0x0000,0x0000,0x0000,0x0000,0x0000,0x0000,0x0000,0x0000,0x0000,0x0000,0x0000,0x0000,
  0x0000,0x0000,0x0000,0x0000,0x0000,0x0000,0x0000,0x0000,0x0000,0x0000,0x0000,0x0000,
  0x11C0,0x8E0B,0x0100,0x0000,0x0000,0x0000,0x0000,0x0000,0x0000,0x0000,0x0000,0x0000,
  0x0000,0x0000,0x0000,0x0000,0x0000,0x0000,0x0000,0x0000,0x0000,0x0000,0x0000,0x0000,
  0x0000,0x0000,0x0000,0x0000,0x0000,0x0000,0x0000,0x0000,0x0000,0x0000,0x0000,0x0000,
  0x0000,0x0000,0x0000,0x0000,0x0960,0x8E0E,0x53C6,0x1163,0x0000,0x0000,0x0000,0x0000,
  0x0000,0x0000,0x0000,0x0000,0x0000,0x0000,0x0000,0x0000,0x0000,0x0000,0x0000,0x0000,
  0x0000,0x0000,0x0000,0x0000,0x0000,0x0000,0x0000,0x0000,0x0000,0x0000,0x0000,0x0000,
  0x0000,0x0000,0x0000,0x0000,0x0000,0x0000,0x0000,0x0000,0x0000,0x00C0,0x9E10,0x0940,
  0x0000,0x0000,0x0000,0x0000,0x0000,0x0000,0x0000,0x0000,0x0000,0x0000,0x0000,0x0000,
  0x0000,0x0000,0x0000,0x0000,0x0000,0x0000,0x0000,0x0000,0x0000,0x0000,0x0000,0x0000,
  0x0000,0x0000,0x0000,0x0000,0x0000,0x0000,0x0000,0x0000,0x0000,0x0000,0x0000,0x0000,
  0x0000,0x0000,0x0940,0x9E4F,0x0960,0x0000,0x0000,0x0000,0x0000,0x0000,0x0000,0x0000,
  0x0000,0x0000,0x0000,0x0000,0x0000,0x0000,0x0000,0x0000,0x0000,0x0000,0x0000,0x0000,
  0x0000,0x0000,0x0000,0x0000,0x0000,0x0000,0x0000,0x0000,0x0000,0x0000,0x0000,0x0000,
  0x0000,0x0000,0x0000,0x0000,0x0000,0x0000,0x0000,0x0100,0x8DAD,0x0941,0x0000,0x0000,
  0x0000,0x0000,0x0000,0x0000,0x0000,0x0000,0x0000,0x0000,0x0000,0x0000,0x0000,0x0000,
  0x0000,0x0000,0x0000,0x0000,0x0000,0x0000,0x0000,0x0000,0x0000,0x0000,0x0000,0x0000,
  0x0000,0x0000,0x0000,0x0000,0x0000,0x0000,0x0000,0x0000,0x0000,0x0000,0x0000,0x0000,
  0x0961,0x0921,0x0000,0x0000,0x0000,0x0000,0x0000,0x0000,0x0000,0x0000,0x0000,0x0000,
  0x0000,0x0000,0x0000,0x0000,0x0000,0x0000,0x0000,0x0000,0x0000,0x0000,0x0000,0x0000,
  0x0000,0x0000,0x0000,0x0000,0x0000,0x0000,0x0000,0x0000,
};

static const int PART_LEG0_W = 26;
static const int PART_LEG0_H = 40;
static const uint16_t part_leg0[1040] = {
  0x0000,0x0000,0x0000,0x0000,0x0000,0x0000,0x0000,0x0000,0x0000,0x0000,0x0000,0x0000,
  0x0000,0x0000,0x0000,0x0000,0x0000,0x0000,0x0000,0x0000,0x3AC7,0x0100,0x00C0,0x00C0,
  0x00C0,0x00E0,0x0000,0x0000,0x0000,0x0000,0x0000,0x0000,0x0000,0x0000,0x0000,0x0000,
  0x0000,0x0000,0x0000,0x0000,0x0000,0x0000,0x0000,0x0000,0x0000,0x9DB4,0x4B48,0x53A8,
  0x5BE9,0x53C8,0x4366,0x3B06,0x0000,0x0000,0x0000,0x0000,0x0000,0x0000,0x0000,0x0000,
  0x0000,0x0000,0x0000,0x0000,0x0000,0x0000,0x0000,0x0000,0x0000,0x0000,0x0000,0x00A0,
  0x5406,0xA62E,0xB6B0,0xA68F,0x8DCD,0x4BC6,0x0000,0x0000,0x0000,0x0000,0x0000,0x0000,
  0x0000,0x0000,0x0000,0x0000,0x0000,0x0000,0x0000,0x0000,0x0000,0x0000,0x0000,0x0000,
  0x00C0,0x7D0E,0x95EE,0xC6D1,0xDF73,0xDFF5,0x9EAF,0x7D8B,0x0000,0x0000,0x0000,0x0000,
  0x0000,0x0000,0x0000,0x0000,0x0000,0x0000,0x0000,0x0000,0x0000,0x0000,0x0000,0x0000,
  0x0000,0x0000,0x00C0,0x11C1,0x2242,0x2262,0x7D4B,0xA690,0x9E8F,0x756A,0x0000,0x0000,
  0x0000,0x0000,0x0000,0x0000,0x0000,0x0000,0x0000,0x0000,0x0000,0x0000,0x0000,0x0000,
  0x0000,0x0000,0x0000,0x19C3,0x8DAF,0x8DCD,0x5C89,0x4BE8,0x2262,0x4BE6,0x85EC,0x756B,
  0x0000,0x0000,0x0000,0x0000,0x0000,0x0000,0x0000,0x0000,0x0000,0x0000,0x0000,0x0000,
  0x0000,0x0000,0x0000,0x0000,0x0000,0x3284,0x9E4E,0x964B,0x7DAA,0x5C47,0x2283,0x3306,
  0x7D8D,0x754B,0x0000,0x0000,0x0000,0x0000,0x0000,0x0000,0x0000,0x0000,0x0000,0x0000,
  0x0000,0x0000,0x0000,0x0000,0x0000,0x0000,0x0940,0xB6B1,0xBEF0,0xAECF,0x962B,0x7529,
  0x3B46,0x0120,0x53E9,0x5409,0x0000,0x0000,0x0000,0x0000,0x0000,0x0000,0x0000,0x0000,
  0x0000,0x0000,0x0000,0x0000,0x0000,0x0000,0x0000,0x00C0,0xA60C,0xE7D4,0xDFB5,0xAECF,
  0x966C,0x85EB,0x5C89,0x32E6,0x0982,0x4B88,0x0000,0x0000,0x0000,0x0000,0x0000,0x0000,
  0x0000,0x0000,0x0000,0x0000,0x0000,0x0000,0x0000,0x0000,0x0940,0xBECF,0xDFB3,0xE7F5,
  0xB6D0,0xAECF,0x9E6D,0x85EB,0x5447,0x4B68,0x0942,0x0921,0x0000,0x0000,0x0000,0x0000,
  0x0000,0x0000,0x0000,0x0000,0x0000,0x0000,0x0000,0x0000,0x00E0,0x3263,0xC712,0xE7D6,
  0xE7F5,0xBF10,0xAEEF,0x85CB,0x7547,0x6D08,0x53A8,0x0080,0x0000,0x0000,0x0000,0x0000,
  0x0000,0x0000,0x0000,0x0000,0x0000,0x0000,0x0000,0x0000,0x0000,0x0080,0x0000,0xDFB5,
  0xE7F5,0xDFD6,0xBF11,0xB730,0x8E2B,0x5C86,0x64A7,0x4B65,0x5369,0x0000,0x0000,0x0000,
  0x0000,0x0000,0x0000,0x0000,0x0000,0x0000,0x0000,0x0000,0x0000,0x0000,0x4B49,0xA5F1,
  0xC733,0xE7B4,0xDF55,0xC752,0xAF12,0x9E6D,0x7568,0x6486,0x2AA1,0x2A64,0xA5F5,0x0000,
  0x0000,0x0000,0x0000,0x0000,0x0000,0x0000,0x0000,0x0000,0x0000,0x0000,0x0000,0x0000,
  0x00C0,0xBEB2,0xD7B2,0xE7F5,0xD794,0xBF52,0xB730,0x960B,0x7568,0x74E9,0x19E2,0x0120,
  0x0000,0x0000,0x0000,0x0000,0x0000,0x0000,0x0000,0x0000,0x0000,0x0000,0x0000,0x0000,
  0x0000,0x0920,0xBEB2,0xE7F5,0xC712,0xB710,0xB710,0xB730,0x85CA,0x7526,0x7528,0x0100,
  0x8D71,0x0000,0x0000,0x0000,0x0000,0x0000,0x0000,0x0000,0x0000,0x0000,0x0000,0x0000,
  0x0000,0x0000,0x1161,0xBED1,0xD7B5,0xBF12,0xB6EF,0xAF30,0xAEEF,0x7D89,0x64C5,0x6CE8,
  0x0100,0x0000,0x0000,0x0000,0x0000,0x0000,0x0000,0x0000,0x0000,0x0000,0x0000,0x0000,
  0x0000,0x0000,0x0000,0x0920,0x0000,0xDFD5,0xBF11,0xB711,0xAF11,0xAEEF,0x7D48,0x7528,
  0x6CA8,0x00E0,0x0000,0x0000,0x0000,0x0000,0x0000,0x0000,0x0000,0x0000,0x0000,0x0000,
  0x0000,0x0000,0x0000,0x0000,0x0120,0xA631,0xD794,0xBEF1,0xB712,0xB711,0x9E2C,0x7D68,
  0x856A,0x0140,0x0100,0x0000,0x0000,0x0000,0x0000,0x0000,0x0000,0x0000,0x0000,0x0000,
  0x0000,0x0000,0x0000,0x0000,0x0000,0x0101,0x9590,0xAE90,0xE7F6,0xBF32,0xB712,0x8DCB,
  0x8588,0x5C45,0x2222,0x0000,0x0000,0x0000,0x0000,0x0000,0x0000,0x0000,0x0000,0x0000,
  0x0000,0x0000,0x0000,0x0000,0x0000,0x0000,0x0000,0x0120,0x8D8D,0xBF10,0xBF52,0xB731,
  0xA6EE,0x85EA,0x7529,0x4B67,0x0060,0x0000,0x0000,0x0000,0x0000,0x0000,0x0000,0x0000,
  0x0000,0x0000,0x0000,0x0000,0x0000,0x0000,0x0000,0x0000,0x1162,0x74EB,0xAEAF,0xBF11,
  0xB710,0xAF10,0x7587,0x7D8A,0x09A0,0x5BCB,0x0000,0x0000,0x0000,0x0000,0x0000,0x0000,
  0x0000,0x0000,0x0000,0x0000,0x0000,0x0000,0x0000,0x0000,0x0000,0x00A0,0x11E2,0x7D6D,
  0x95ED,0xB6F1,0xBF51,0x85C9,0x7D8A,0x0100,0x0000,0x0000,0x0000,0x0000,0x0000,0x0000,
  0x0000,0x0000,0x0000,0x0000,0x0000,0x0000,0x0000,0x0000,0x0000,0x0000,0x0100,0x7CED,
  0x3B45,0x1221,0x3324,0x7D4B,0x858A,0x74E9,0x0100,0x0000,0x0000,0x0000,0x0000,0x0000,
  0x0000,0x0000,0x0000,0x0000,0x0000,0x0000,0x0000,0x0000,0x0000,0x0000,0x0000,0x0961,
  0x95B0,0x0000,0x960E,0x53E8,0x2AE5,0x2AC2,0x5C48,0x00E0,0x0000,0x0000,0x0000,0x0000,
  0x0000,0x0000,0x0000,0x0000,0x0000,0x0000,0x0000,0x0000,0x0000,0x0000,0x0000,0x0000,
  0x00C0,0x53E9,0x0000,0xE7F5,0xB6B0,0x960F,0x858D,0x4367,0x11E2,0x0941,0x0000,0x0000,
  0x0000,0x0000,0x0000,0x0000,0x0000,0x0000,0x0000,0x0000,0x0000,0x0000,0x0000,0x0000,
  0x0000,0x0000,0x0100,0x5C09,0x0000,0xDFD5,0xAEB0,0x960D,0x7D6C,0x3306,0x1A04,0x0100,
  0x0000,0x0000,0x0000,0x0000,0x0000,0x0000,0x0000,0x0000,0x0000,0x0000,0x0000,0x0000,
  0x0000,0x0000,0x0000,0x0000,0x00E0,0x540A,0x7D4C,0xA690,0xA64F,0x754B,0x6CEA,0x4BA8,
  0x0982,0x0000,0x0000,0x0000,0x0000,0x0000,0x0000,0x0000,0x0000,0x0000,0x0000,0x0000,
  0x0000,0x0000,0x0000,0x0000,0x0000,0x0000,0x0101,0x4328,0x4BC8,0x6CEB,0x6CEA,0x64CA,
  0x64AB,0x3B27,0x00E0,0x0000,0x0000,0x0000,0x0000,0x0000,0x0000,0x0000,0x0000,0x0000,
  0x0000,0x0000,0x0000,0x0000,0x0000,0x0000,0x0000,0x0000,0x0000,0x2224,0x0120,0x3B67,
  0x4C08,0x5429,0x540A,0x0100,0x0000,0x0000,0x0000,0x0000,0x0000,0x0000,0x0000,0x0000,
  0x0000,0x0000,0x0000,0x0000,0x0000,0x0000,0x0000,0x0000,0x0000,0x0000,0x0000,0x0000,
  0x0000,0x0121,0x0161,0x0160,0x0120,0x9592,0x0000,0x0000,0x0000,0x0000,0x0000,0x0000,
  0x0000,0x0000,0x0000,0x0000,0x0000,0x0000,0x0000,0x0000,0x0000,0x0000,0x0000,0x0000,
  0x0000,0x0000,0x0000,0x00C0,0x00C0,0x00E0,0x00C0,0x0000,0x0000,0x0000,0x0000,0x0000,
  0x0000,0x0000,0x0000,0x0000,0x0000,0x0000,0x0000,0x0000,0x0000,0x0000,0x0000,0x0000,
  0x0000,0x0000,0x0000,0x0000,0x0000,0x0000,0x0000,0x0000,0x0000,0x0000,0x0000,0x0000,
  0x0000,0x0000,0x0000,0x0000,0x0000,0x0000,0x0000,0x0000,0x0000,0x0000,0x0000,0x0000,
  0x0000,0x0000,0x0000,0x0000,0x0000,0x0000,0x0000,0x0000,0x0000,0x0000,0x0000,0x0000,
  0x0000,0x0000,0x0000,0x0000,0x0000,0x0000,0x0000,0x0000,0x0000,0x0000,0x0000,0x0000,
  0x0000,0x0000,0x0000,0x0000,0x0000,0x0000,0x0000,0x0000,0x0000,0x0000,0x0000,0x0000,
  0x0000,0x0000,0x0000,0x0000,0x0000,0x0000,0x0000,0x0000,0x0000,0x0000,0x0000,0x0000,
  0x0000,0x0000,0x0000,0x0000,0x0000,0x0000,0x0000,0x0000,0x0000,0x0000,0x0000,0x0000,
  0x0000,0x0000,0x0000,0x0000,0x0000,0x0000,0x0000,0x0000,0x0000,0x0000,0x0000,0x0000,
  0x0000,0x0000,0x0000,0x0000,0x0000,0x0000,0x0000,0x0000,0x0000,0x0000,0x0000,0x0000,
  0x0000,0x0000,0x0000,0x0000,0x0000,0x0000,0x0000,0x0000,0x0000,0x0000,0x0000,0x00C0,
  0x00C0,0x00C0,0x0000,0x0000,0x0000,0x0000,0x0000,0x0000,0x0000,0x0000,0x0000,0x0000,
  0x0000,0x0000,0x0000,0x0000,0x0000,0x0000,0x0000,0x0000,0x0000,0x0000,0x0000,0x84F0,
  0x744E,0x4B88,0x4BA7,0x3AE6,0x9DD4,0x0000,0x0000,0x0000,0x0000,0x0000,0x0000,0x0000,
  0x0000,0x0000,0x0000,0x0000,0x0000,0x0000,0x0000,0x0000,0x0000,0x0000,0x0000,0x0000,
  0x0000,0x42E7,0x00C0,0x958C,0x95ED,0x74EB,0x0140,0x0000,0x0000,0x0000,0x0000,0x0000,
  0x0000,0x0000,0x0000,0x0000,0x0000,0x0000,0x0000,0x0000,0x0000,0x0000,0x0000,0x0000,
  0x0000,0x0000,0x0000,0x2222,0xA62F,0xE7F4,0xC771,0x9E4F,0x6469,0x00E0,0x0000,0x0000,
  0x0000,0x0000,0x0000,0x0000,0x0000,0x0000,0x0000,0x0000,0x0000,0x0000,0x0000,0x0000,
  0x0000,0x0000,0x0000,0x0000,0x9593,0x2221,0x9E2D,0xBF11,0xBF52,0x9E2F,0x5C29,0x4388,
  0x00E0,0x0000,0x0000,0x0000,0x0000,0x0000,0x0000,0x0000,
};

static const int PART_LEG1_W = 33;
static const int PART_LEG1_H = 40;
static const uint16_t part_leg1[1320] = {
  0x0000,0x0000,0x0000,0x0000,0x0000,0x0000,0x0000,0x0000,0x0000,0x0000,0x0000,0x0000,
  0x0000,0x0000,0x0000,0x0000,0x0000,0x0000,0x0000,0x0000,0x0000,0x0000,0x0000,0x0000,
  0x0000,0x00C0,0x00C0,0x00E0,0x00E0,0x00E0,0x0000,0x0000,0x0000,0x746D,0x0000,0x0000,
  0x0000,0x0000,0x0000,0x0000,0x0000,0x0000,0x0000,0x0000,0x0000,0x0000,0x0000,0x0000,
  0x0000,0x0000,0x0000,0x0000,0x0000,0x0000,0x0000,0x0000,0x0000,0x7C8F,0x3AE6,0x5BE9,
  0x53E9,0x4367,0x32C5,0x8D51,0x0000,0x0000,0x0960,0x0000,0x0000,0x0000,0x0000,0x0000,
  0x0000,0x0000,0x0000,0x0000,0x0000,0x0000,0x0000,0x0000,0x0000,0x0000,0x0000,0x0000,
  0x0000,0x0000,0x0000,0x0000,0x0000,0x5BCA,0x0140,0x858B,0xB6F0,0xB6F1,0x7D6B,0x4385,
  0x0980,0x5BEB,0x0000,0x4BC8,0x0100,0x0000,0x0000,0x0000,0x0000,0x0000,0x0000,0x0000,
  0x0000,0x0000,0x0000,0x0000,0x0000,0x0000,0x0000,0x0000,0x0000,0x0000,0x0000,0x0000,
  0x0000,0x00E0,0x2A64,0x6489,0x962D,0xC793,0xCF73,0x9E6D,0x85EB,0x4C07,0x2245,0x00A0,
  0x4BC7,0x00E0,0x0000,0x0000,0x0000,0x0000,0x0000,0x0000,0x0000,0x0000,0x0000,0x0000,
  0x0000,0x0000,0x0000,0x0000,0x0000,0x0000,0x0000,0x0000,0x0000,0x0000,0x00E0,0x0140,
  0x09C0,0x1A00,0x19E1,0x6C8B,0x962E,0x85CB,0x4C06,0x1A03,0x00A0,0x4BA7,0x0100,0x0000,
  0x0000,0x0000,0x0000,0x0000,0x0000,0x0000,0x0000,0x0000,0x0000,0x0000,0x0000,0x0000,
  0x0000,0x0000,0x0000,0x0000,0x0000,0x0000,0x0901,0x53EA,0x64A8,0x7509,0x7509,0x6469,
  0x11A1,0x5C4A,0x6CEA,0x4BE6,0x2243,0x00C0,0x5409,0x0160,0x0000,0x0000,0x0000,0x0000,
  0x0000,0x0000,0x0000,0x0000,0x0000,0x0000,0x0000,0x0000,0x0000,0x0000,0x0000,0x0000,
  0x0000,0x0000,0x0000,0x0100,0x4BA6,0x5CA4,0x6D05,0x7547,0x5446,0x3305,0x3B47,0x646B,
  0x5409,0x2A64,0x00A0,0x648B,0x0140,0x0000,0x0000,0x0000,0x0000,0x0000,0x0000,0x0000,
  0x0000,0x0000,0x0000,0x0000,0x0000,0x0000,0x0000,0x0000,0x0000,0x0000,0x0000,0x0000,
  0x00C0,0xAEB0,0x9E4C,0x9E4C,0x9E6B,0x7567,0x5426,0x1220,0x5C2A,0x4BC8,0x2A64,0x0080,
  0x32C6,0x00A0,0x0000,0x0000,0x0000,0x0000,0x0000,0x0000,0x0000,0x0000,0x0000,0x0000,
  0x0000,0x0000,0x0000,0x0000,0x0000,0x0000,0x0000,0x0000,0x00C0,0x8DCD,0xAECE,0xBEF1,
  0xC712,0xBF31,0x9E6C,0x7547,0x5445,0x09A0,0x4BCA,0x1A04,0x00E0,0x0921,0x0000,0x0000,
  0x0000,0x0000,0x0000,0x0000,0x0000,0x0000,0x0000,0x0000,0x0000,0x0000,0x0000,0x0000,
  0x0000,0x0000,0x0000,0x0000,0x0000,0x0941,0xAEB0,0xCFB2,0xE7B6,0xEFD6,0xB6F0,0xB710,
  0x85EA,0x6D07,0x0980,0x0901,0x21E5,0x0000,0x0000,0x0000,0x0000,0x0000,0x0000,0x0000,
  0x0000,0x0000,0x0000,0x0000,0x0000,0x0000,0x0000,0x0000,0x0000,0x0000,0x0000,0x0000,
  0x0000,0x0101,0xAE91,0xB6F0,0xE7B5,0xEFB7,0xEFF6,0xB6F0,0xAEEF,0x8DEA,0x6D06,0x0140,
  0x0000,0x0000,0x0000,0x0000,0x0000,0x0000,0x0000,0x0000,0x0000,0x0000,0x0000,0x0000,
  0x0000,0x0000,0x0000,0x0000,0x0000,0x0000,0x0000,0x0000,0x0000,0x0000,0x0921,0xBEF2,
  0xE7D4,0xF7B7,0xE7B6,0xBF32,0xB710,0x85A8,0x8E0B,0x4BE4,0x0120,0x0000,0x0000,0x0000,
  0x0000,0x0000,0x0000,0x0000,0x0000,0x0000,0x0000,0x0000,0x0000,0x0000,0x0000,0x0000,
  0x0000,0x0000,0x0000,0x0000,0x0000,0x0000,0x1182,0x852C,0x0000,0xE776,0xE755,0xCF73,
  0xB711,0xAF0F,0x85E9,0x85CA,0x09A0,0x0000,0x0000,0x0000,0x0000,0x0000,0x0000,0x0000,
  0x0000,0x0000,0x0000,0x0000,0x0000,0x0000,0x0000,0x0000,0x0000,0x0000,0x0000,0x0000,
  0x0000,0x0000,0x0000,0x1180,0x960D,0xDF74,0xEFB6,0xDF74,0xC752,0xAF10,0xA6EE,0x8E0A,
  0x754A,0x0981,0x0000,0x0000,0x0000,0x0000,0x0000,0x0000,0x0000,0x0000,0x0000,0x0000,
  0x0000,0x0000,0x0000,0x0000,0x0000,0x0000,0x0000,0x0000,0x0000,0x0000,0x0000,0x0000,
  0x1180,0xC713,0xF7B7,0xD713,0xB6F1,0xAF30,0xAF0F,0x968C,0x85A9,0x53C8,0x0941,0x0000,
  0x0000,0x0000,0x0000,0x0000,0x0000,0x0000,0x0000,0x0000,0x0000,0x0000,0x0000,0x0000,
  0x0000,0x0000,0x0000,0x0000,0x0000,0x0000,0x0000,0x42E8,0x00C0,0x8D6C,0xEFD6,0xF7B7,
  0xE796,0xB711,0xB710,0xAEEF,0x8DEB,0x6C89,0x00C0,0x0000,0x0000,0x0000,0x0000,0x0000,
  0x0000,0x0000,0x0000,0x0000,0x0000,0x0000,0x0000,0x0000,0x0000,0x0000,0x0000,0x0000,
  0x0000,0x0000,0x0000,0x0000,0x3266,0x0140,0xB6B1,0xEF97,0xEF98,0x0000,0xB6F1,0xA6CE,
  0x964C,0x7D2B,0x00E0,0x0000,0x0000,0x0000,0x0000,0x0000,0x0000,0x0000,0x0000,0x0000,
  0x0000,0x0000,0x0000,0x0000,0x0000,0x0000,0x0000,0x0000,0x0000,0x0000,0x0000,0x0000,
  0x8510,0x4B48,0xA650,0xE7F7,0xEF96,0xC6F3,0xBF12,0xAEF1,0x9E8D,0x85CB,0x00C0,0x0000,
  0x0000,0x0000,0x0000,0x0000,0x0000,0x0000,0x0000,0x0000,0x0000,0x0000,0x0000,0x0000,
  0x0000,0x0000,0x0000,0x0000,0x0000,0x0000,0x0000,0x0000,0x0000,0x7CD0,0x5BC9,0xAE6E,
  0xEF96,0xE776,0xBF12,0xB732,0x8DEB,0x85CA,0x750A,0x0100,0x0000,0x0000,0x0000,0x0000,
  0x0000,0x0000,0x0000,0x0000,0x0000,0x0000,0x0000,0x0000,0x0000,0x0000,0x0000,0x0000,
  0x0000,0x0000,0x0000,0x0000,0x0000,0x0000,0x74AF,0x6429,0xBED1,0xEF96,0xD795,0xB712,
  0xB731,0x85CA,0x85AC,0x644A,0x0080,0x0000,0x0000,0x0000,0x0000,0x0000,0x0000,0x0000,
  0x0000,0x0000,0x0000,0x0000,0x0000,0x0000,0x0000,0x0000,0x0000,0x0000,0x0000,0x0000,
  0x0000,0x0000,0x0080,0x4346,0xB6EE,0xCF13,0xE794,0xB710,0xAF10,0xA6CF,0x6CE8,0x4BA7,
  0x00E0,0x0000,0x0000,0x0000,0x0000,0x0000,0x0000,0x0000,0x0000,0x0000,0x0000,0x0000,
  0x0000,0x0000,0x0000,0x0000,0x0000,0x0000,0x0000,0x0000,0x0000,0x0000,0x0000,0x00C0,
  0x53C7,0xDFB4,0xEF95,0xDFB5,0xB711,0xAF0F,0x6CE7,0x0140,0x0921,0x0000,0x0000,0x0000,
  0x0000,0x0000,0x0000,0x0000,0x0000,0x0000,0x0000,0x0000,0x0000,0x0000,0x0000,0x0000,
  0x0000,0x0000,0x0000,0x0000,0x0000,0x0000,0x0000,0x0941,0x0000,0xBF12,0xE796,0xE796,
  0xB711,0xB771,0x85EA,0x6CE8,0x00E0,0x63ED,0x0000,0x0000,0x0000,0x0000,0x0000,0x0000,
  0x0000,0x0000,0x0000,0x0000,0x0000,0x0000,0x0000,0x0000,0x0000,0x0000,0x0000,0x0000,
  0x0000,0x0000,0x0000,0x0000,0x0962,0xA670,0xC733,0xE776,0xD795,0xB711,0x964C,0x6485,
  0x0140,0x0000,0x0000,0x0000,0x0000,0x0000,0x0000,0x0000,0x0000,0x0000,0x0000,0x0000,
  0x0000,0x0000,0x0000,0x0000,0x0000,0x0000,0x0000,0x0000,0x0000,0x0000,0x0000,0x0000,
  0x0000,0x0962,0x0000,0xC733,0xBEF2,0xBF12,0xB711,0x7D88,0x7528,0x0960,0x0000,0x0000,
  0x0000,0x0000,0x0000,0x0000,0x0000,0x0000,0x0000,0x0000,0x0000,0x0000,0x0000,0x0000,
  0x0000,0x0000,0x0000,0x0000,0x0000,0x0000,0x0000,0x0000,0x0000,0x0000,0x0140,0x0000,
  0xC712,0xBF12,0xBF52,0xB710,0x7D89,0x74EA,0x00A0,0x0000,0x0000,0x0000,0x0000,0x0000,
  0x0000,0x0000,0x0000,0x0000,0x0000,0x0000,0x0000,0x0000,0x0000,0x0000,0x0000,0x0000,
  0x0000,0x0000,0x0000,0x0000,0x0000,0x0000,0x0120,0x9E2F,0xBF31,0xB6F1,0xB6F1,0xB730,
  0x7D68,0x8DAD,0x0100,0x0000,0x0000,0x0000,0x0000,0x0000,0x0000,0x0000,0x0000,0x0000,
  0x0000,0x0000,0x0000,0x0000,0x0000,0x0000,0x0000,0x0000,0x0000,0x0000,0x0000,0x0000,
  0x0000,0x0000,0x0000,0x0920,0x6CE8,0xBF51,0xB711,0xA68D,0x964B,0x8DEC,0x0140,0x0000,
  0x0000,0x0000,0x0000,0x0000,0x0000,0x0000,0x0000,0x0000,0x0000,0x0000,0x0000,0x0000,
  0x0000,0x0000,0x0000,0x0000,0x0000,0x0000,0x0000,0x0000,0x0000,0x0000,0x0000,0x0000,
  0x0920,0x7D49,0x7D89,0x7D6A,0x7D49,0x7548,0x5C28,0x0940,0x0000,0x0000,0x0000,0x0000,
  0x0000,0x0000,0x0000,0x0000,0x0000,0x0000,0x0000,0x0000,0x0000,0x0000,0x0000,0x0000,
  0x0000,0x0000,0x0000,0x0000,0x0000,0x0000,0x0000,0x0000,0x0000,0x0000,0x0160,0x64A8,
  0x5CA5,0x5C65,0x5C47,0x0100,0x0000,0x0000,0x0000,0x0000,0x0000,0x0000,0x0000,0x0000,
  0x0000,0x0000,0x0000,0x0000,0x0000,0x0000,0x0000,0x0000,0x0000,0x0000,0x0000,0x0000,
  0x0000,0x0000,0x0000,0x0000,0x0000,0x0000,0x0000,0x3286,0x4BA8,0x4386,0x3B46,0x4307,
  0x11A2,0x0000,0x0000,0x0000,0x0000,0x0000,0x0000,0x0000,0x0000,0x0000,0x0000,0x0000,
  0x0000,0x0000,0x0000,0x0000,0x0000,0x0000,0x0000,0x0000,0x0000,0x0000,0x0000,0x0000,
  0x0000,0x0000,0x0000,0x0000,0x0000,0x00E0,0x00E0,0x00E0,0x00A0,0x0000,0x0000,0x0000,
  0x0000,0x0000,0x0000,0x0000,0x0000,0x0000,0x0000,0x0000,0x0000,0x0000,0x0000,0x0000,
  0x0000,0x0000,0x0000,0x0000,0x0000,0x0000,0x0000,0x0000,0x0000,0x0000,0x0000,0x0000,
  0x0000,0x0000,0x0000,0x0000,0x0000,0x0000,0x0000,0x0000,0x0000,0x0000,0x0000,0x0000,
  0x0000,0x0000,0x0000,0x0000,0x0000,0x0000,0x0000,0x0000,0x0000,0x0000,0x0000,0x0000,
  0x0000,0x0000,0x0000,0x0000,0x0000,0x0000,0x0000,0x0000,0x0000,0x0000,0x0000,0x0000,
  0x0000,0x0000,0x0000,0x0000,0x0000,0x0000,0x0000,0x0000,0x0000,0x0000,0x0000,0x0000,
  0x0000,0x0000,0x0000,0x0000,0x0000,0x0000,0x0000,0x0000,0x0000,0x0000,0x0000,0x0000,
  0x0000,0x0000,0x0000,0x0000,0x0000,0x0000,0x0000,0x0000,0x0000,0x0000,0x0000,0x0000,
  0x0000,0x0000,0x0000,0x0000,0x0000,0x0000,0x0000,0x0000,0x0000,0x0000,0x0000,0x0000,
  0x0000,0x0000,0x0000,0x0000,0x0000,0x0000,0x0000,0x0000,0x0000,0x0000,0x0000,0x0000,
  0x0000,0x0000,0x0000,0x0000,0x0000,0x0000,0x0000,0x0000,0x0000,0x0000,0x0000,0x0000,
  0x0000,0x0000,0x0000,0x0000,0x0000,0x0000,0x0000,0x0000,0x0000,0x0000,0x0000,0x0000,
  0x0000,0x0000,0x0000,0x0000,0x0000,0x0000,0x0000,0x0000,0x0000,0x0000,0x0000,0x0000,
  0x0000,0x0000,0x0000,0x0000,0x0000,0x0000,0x0000,0x0000,0x0000,0x0000,0x0000,0x0000,
  0x0000,0x0000,0x0000,0x0000,0x0000,0x0000,0x0000,0x0000,0x0000,0x0000,0x0000,0x0000,
  0x0000,0x0000,0x0000,0x0000,0x0000,0x0000,0x0000,0x0000,0x0000,0x0000,0x0000,0x0000,
  0x0000,0x0000,0x0000,0x0000,0x0000,0x0000,0x0000,0x0000,0x0000,0x0000,0x0000,0x0000,
  0x0000,0x0000,0x0000,0x0000,0x0000,0x0000,0x0000,0x0000,0x0000,0x0000,0x0000,0x0000,
  0x0000,0x0000,0x0000,0x0000,0x0000,0x0000,0x0000,0x0000,0x0000,0x0000,0x0000,0x0000,
  0x0100,0x0100,0x0920,0x0100,0x0000,0x0000,0x0000,0x0000,0x0000,0x0000,0x0000,0x0000,
  0x0000,0x0000,0x0000,0x0000,0x0000,0x0000,0x0000,0x0000,0x0000,0x0000,0x0000,0x0000,
  0x0000,0x0000,0x0000,0x0000,0x0000,0x0000,0x0000,0x0000,0x00A0,0xAE70,0xD793,0xCF33,
  0x7D4B,0x11C1,0x0000,0x0000,0x0000,0x0000,0x0000,0x0000,0x0000,0x0000,0x0000,0x0000,

};

static const int PART_LEG2_W = 22;
static const int PART_LEG2_H = 40;
static const uint16_t part_leg2[880] = {
  0x0000,0x0000,0x0000,0x00C0,0x00E0,0x00E0,0x0100,0x00E0,0x0080,0x0000,0x0000,0x0000,
  0x0000,0x0000,0x0000,0x0000,0x0000,0x0000,0x0000,0x0000,0x0000,0x0000,0x0000,0x0000,
  0x9592,0x2243,0x4306,0x5BE9,0x5C09,0x32E5,0x3266,0x8D11,0x0000,0x0000,0x0000,0x0000,
  0x0000,0x0000,0x0000,0x0000,0x0000,0x0000,0x0000,0x0000,0x0000,0x32A6,0x0160,0x53E7,
  0x8D8C,0xB711,0xB6F0,0x7D8B,0x5C08,0x00C0,0x0000,0x0000,0x0000,0x0000,0x0000,0x0000,
  0x0000,0x0000,0x0000,0x0000,0x0000,0x0000,0x00E0,0x3B47,0x5C68,0x85CC,0x964D,0xBF31,
  0xBF32,0x858C,0x7D4C,0x6C8C,0x00E1,0x0000,0x0000,0x0000,0x0000,0x0000,0x0000,0x0000,
  0x0000,0x0000,0x0000,0x0000,0x00E0,0x4387,0x5C88,0x85CC,0x962E,0x750B,0x1201,0x09A0,
  0x1A42,0x11A1,0x00E0,0x0000,0x0000,0x0000,0x0000,0x0000,0x0000,0x0000,0x0000,0x0000,
  0x0000,0x0000,0x00E0,0x4367,0x5448,0x5C88,0x5C69,0x1201,0x5408,0x7D4A,0x7D6B,0x7509,
  0x6C8B,0x00A0,0x0000,0x0000,0x0000,0x0000,0x0000,0x0000,0x0000,0x0000,0x0000,0x0000,
  0x00C0,0x4347,0x5427,0x5C49,0x2AA4,0x2282,0x6487,0x7D68,0x6D06,0x6D06,0x6468,0x1182,
  0x0000,0x0000,0x0000,0x0000,0x0000,0x0000,0x0000,0x0000,0x0000,0x0000,0x00E0,0x4348,
  0x5C29,0x5C2B,0x09E0,0x5C47,0x85A8,0x962A,0x9E8C,0x9E6D,0xA690,0x0940,0x0000,0x0000,
  0x0000,0x0000,0x0000,0x0000,0x0000,0x0000,0x0000,0x0000,0x0080,0x3AC6,0x4328,0x09A1,
  0x5404,0x6D07,0x9E6D,0xAED0,0xBEF1,0xBF11,0xB6EF,0x95ED,0x19C2,0x0000,0x0000,0x0000,
  0x0000,0x0000,0x0000,0x0000,0x0000,0x0000,0x0000,0x2A04,0x00E1,0x0960,0x6CE7,0x8DEA,
  0xAEEF,0xBEF2,0xE7D5,0xE7D7,0xCF52,0xA690,0x0940,0x0000,0x0000,0x0000,0x0000,0x0000,
  0x0000,0x0000,0x0000,0x0000,0x0000,0x0000,0x0000,0x0140,0x7D48,0x8E09,0xB710,0xB711,
  0xDF73,0xF7F8,0xEFF7,0xBF32,0x9E70,0x0940,0x84D0,0x0000,0x0000,0x0000,0x0000,0x0000,
  0x0000,0x0000,0x0000,0x0000,0x0000,0x0940,0x53E5,0x8DEA,0x8DEB,0xB731,0xBF11,0xD733,
  0xEFB6,0xE7F5,0xA68F,0x0140,0x84F0,0x0000,0x0000,0x0000,0x0000,0x0000,0x0000,0x0000,
  0x0000,0x0000,0x0000,0x0000,0x0160,0x960C,0x8DE9,0xB730,0xAF32,0xCF52,0xEF95,0xE795,
  0xDF93,0x5BA7,0x4307,0xA5D4,0x0000,0x0000,0x0000,0x0000,0x0000,0x0000,0x0000,0x0000,
  0x0000,0x0000,0x1181,0x6CA7,0x8E09,0xA6CF,0xAEEF,0xB731,0xD773,0xEFF6,0xDF74,0x9E0D,
  0x5387,0x7C8F,0x0000,0x0000,0x0000,0x0000,0x0000,0x0000,0x0000,0x0000,0x0000,0x0000,
  0x0120,0x644A,0x85A9,0x8589,0xA6EF,0xAF10,0xB711,0xCF32,0xE796,0xCF33,0x6409,0x748E,
  0x0000,0x0000,0x0000,0x0000,0x0000,0x0000,0x0000,0x0000,0x0000,0x0000,0x0000,0x00E0,
  0x74EB,0x7D89,0xAEEF,0xAF10,0xB6F0,0xE7B6,0xEFB6,0xEFD6,0xBED1,0x2A63,0x0901,0x0000,
  0x0000,0x0000,0x0000,0x0000,0x0000,0x0000,0x0000,0x0000,0x0000,0x0000,0x00A0,0x856B,
  0x8DEB,0x966D,0xB732,0x0000,0xEFD7,0xF797,0xCF53,0x3AE4,0x0080,0x0000,0x0000,0x0000,
  0x0000,0x0000,0x0000,0x0000,0x0000,0x0000,0x0000,0x0000,0x0000,0x00E0,0x6486,0x8DCA,
  0xAEF1,0x0000,0xBF12,0xEFB7,0xE7B5,0xB6D2,0x0000,0x00C0,0x0000,0x0000,0x0000,0x0000,
  0x0000,0x0000,0x0000,0x0000,0x0000,0x0000,0x0000,0x00E0,0x4385,0x5445,0x8DEC,0xB732,
  0xB731,0xE7D7,0xE775,0xC731,0x9E4F,0x00E1,0x0000,0x0000,0x0000,0x0000,0x0000,0x0000,
  0x0000,0x0000,0x0000,0x0000,0x0000,0x00C0,0x4B68,0x5C26,0x960C,0xB731,0xB731,0x0000,
  0xE795,0xD793,0x0000,0x00E0,0x0000,0x0000,0x0000,0x0000,0x0000,0x0000,0x0000,0x0000,
  0x0000,0x0000,0x0000,0x0000,0x42E8,0x11A0,0x6CA7,0xAEF0,0xAEF0,0xB731,0xCF52,0xDF95,
  0xBF52,0x8DCB,0x0941,0x0000,0x0000,0x0000,0x0000,0x0000,0x0000,0x0000,0x0000,0x0000,
  0x0000,0x0000,0x0000,0x0000,0x0120,0x7508,0xAEEF,0xB711,0xC732,0xE7B5,0xD7B4,0xA66F,
  0x0960,0x0000,0x0000,0x0000,0x0000,0x0000,0x0000,0x0000,0x0000,0x0000,0x0000,0x0000,
  0x0000,0x0000,0x00A0,0x6C87,0x85CA,0xB710,0xB6F1,0xDF94,0xEF96,0xE7F6,0x8D8E,0x0120,
  0x7CCF,0x0000,0x0000,0x0000,0x0000,0x0000,0x0000,0x0000,0x0000,0x0000,0x0000,0x0000,
  0x0000,0x0100,0x6CC6,0x962C,0x9E8F,0xD794,0xE796,0xDFB5,0x8DAC,0x0140,0x6C4D,0x0000,
  0x0000,0x0000,0x0000,0x0000,0x0000,0x0000,0x0000,0x0000,0x0000,0x0000,0x0000,0x0940,
  0x7508,0x7D68,0x8DCC,0xB6F1,0xBEF2,0xBF32,0x0000,0x0100,0x6C4E,0x0000,0x0000,0x0000,
  0x0000,0x0000,0x0000,0x0000,0x0000,0x0000,0x0000,0x0000,0x0000,0x00A0,0x856D,0x8DCA,
  0x8E0A,0xBF31,0xB6F2,0xB732,0xB732,0x0980,0x5BCB,0x0000,0x0000,0x0000,0x0000,0x0000,
  0x0000,0x0000,0x0000,0x0000,0x0000,0x0000,0x0000,0x0000,0x0920,0x858D,0x8DC8,0x9E4C,
  0xAED0,0xB732,0xB752,0x7D8A,0x4B67,0x00C0,0x0000,0x0000,0x0000,0x0000,0x0000,0x0000,
  0x0000,0x0000,0x0000,0x0000,0x0000,0x0000,0x0000,0x0140,0x64A8,0x962A,0x962C,0xAF10,
  0xB731,0x6CC6,0x4345,0x00A0,0x0000,0x0000,0x0000,0x0000,0x0000,0x0000,0x0000,0x0000,
  0x0000,0x0000,0x0000,0x0000,0x0000,0x00C0,0x5C08,0x7527,0x8569,0x8DEA,0x7D89,0x7527,
  0x4B46,0x0100,0x0000,0x0000,0x0000,0x0000,0x0000,0x0000,0x0000,0x0000,0x0000,0x0000,
  0x0000,0x0000,0x0000,0x0000,0x2203,0x2AA1,0x5C85,0x5CA5,0x64C7,0x09C0,0x74AD,0x0000,
  0x0000,0x0000,0x0000,0x0000,0x0000,0x0000,0x0000,0x0000,0x0000,0x0000,0x0000,0x0000,
  0x0000,0x0000,0x2A45,0x2A44,0x3B66,0x4385,0x4366,0x0961,0x74AF,0x0000,0x0000,0x0000,
  0x0000,0x0000,0x0000,0x0000,0x0000,0x0000,0x0000,0x0000,0x0000,0x0000,0x0000,0x0000,
  0x0000,0x00E0,0x00E0,0x00E0,0x00E0,0x0000,0x0000,0x0000,0x0000,0x0000,0x0000,0x0000,
  0x0000,0x0000,0x0000,0x0000,0x0000,0x0000,0x0000,0x0000,0x0000,0x0000,0x0000,0x0000,
  0x0000,0x0000,0x0000,0x0000,0x0000,0x0000,0x0000,0x0000,0x0000,0x0000,0x0000,0x0000,
  0x0000,0x0000,0x0000,0x0000,0x0000,0x0000,0x0000,0x0000,0x0000,0x0000,0x0000,0x0000,
  0x0000,0x0000,0x0000,0x0000,0x0000,0x0000,0x0000,0x0000,0x0000,0x0000,0x0000,0x0000,
  0x0000,0x0000,0x0000,0x0000,0x0000,0x0000,0x0000,0x0000,0x0000,0x0000,0x0000,0x0000,
  0x0000,0x0000,0x0000,0x0000,0x0000,0x0000,0x0000,0x0000,0x0000,0x0000,0x0000,0x0000,
  0x0000,0x0000,0x0000,0x0000,0x0000,0x0000,0x0000,0x0000,0x0000,0x0000,0x0000,0x0000,
  0x0000,0x0000,0x0000,0x0000,0x0000,0x0000,0x0000,0x0000,0x0000,0x0000,0x0000,0x0000,
  0x0000,0x0000,0x0000,0x0000,0x0000,0x0000,0x0000,0x0000,0x0000,0x0000,0x0000,0x0000,
  0x0000,0x0000,0x0000,0x0000,0x0000,0x0000,0x0000,0x0000,0x0000,0x0000,0x0000,0x0000,
  0x0000,0x0000,0x0000,0x0000,0x0000,0x0000,0x0000,0x0000,0x0000,0x0000,0x0000,0x0000,
  0x0000,0x0000,0x0000,0x0000,0x0000,0x0000,0x0000,0x0000,0x0000,0x0000,0x0000,0x0000,
  0x0000,0x0000,0x0000,0x0000,0x0000,0x0000,0x0000,0x0000,0x0000,0x0000,0x0000,0x0000,
  0x0921,0x00E0,0x0100,0x0140,0x00E0,0x0000,0x0000,0x0000,0x0000,0x0000,0x0000,0x0000,
  0x0000,0x0000,0x0000,0x0000,
};

static const int PART_LEG3_W = 29;
static const int PART_LEG3_H = 40;
static const uint16_t part_leg3[1160] = {
  0x0000,0x0000,0x0000,0x00A0,0x00A0,0x00A0,0x00A0,0x00C0,0x0000,0x0000,0x0000,0x0000,
  0x0000,0x0000,0x0000,0x0000,0x0000,0x0000,0x0000,0x0000,0x0000,0x0000,0x0000,0x0000,
  0x0000,0x0000,0x0000,0x0000,0x0000,0x0000,0x9572,0x7C8F,0x4348,0x4BC8,0x53C8,0x53A8,
  0x32E6,0x746E,0x0000,0x0000,0x0000,0x0000,0x0000,0x0000,0x0000,0x0000,0x0000,0x0000,
  0x0000,0x0000,0x0000,0x0000,0x0000,0x0000,0x0000,0x0000,0x0000,0x0000,0x0000,0x2204,
  0x09C1,0x5C69,0x960D,0xAE6F,0xD774,0x9DEE,0x0100,0x95B2,0x0000,0x0000,0x0000,0x0000,
  0x0000,0x0000,0x0000,0x0000,0x0000,0x0000,0x0000,0x0000,0x0000,0x0000,0x0000,0x0000,
  0x0000,0x0000,0x0000,0x00C0,0x3B07,0x43A7,0x85AD,0xB6D0,0xDFB4,0xE7F5,0xBEF1,0x7D4C,
  0x1A02,0x5B8A,0x0000,0x0000,0x0000,0x0000,0x0000,0x0000,0x0000,0x0000,0x0000,0x0000,
  0x0000,0x0000,0x0000,0x0000,0x0000,0x0000,0x0000,0x0000,0x0900,0x4347,0x4BE7,0x85CD,
  0x9E6E,0xB6D0,0x854C,0x2AC3,0x1A02,0x0960,0x538A,0x0000,0x0000,0x0000,0x0000,0x0000,
  0x0000,0x0000,0x0000,0x0000,0x0000,0x0000,0x0000,0x0000,0x0000,0x0000,0x0000,0x0000,
  0x0000,0x0101,0x4BC8,0x5427,0x8DEC,0x752A,0x5408,0x1A03,0x2A85,0x856F,0x95CE,0x19A1,
  0x1182,0x0000,0x0000,0x0000,0x0000,0x0000,0x0000,0x0000,0x0000,0x0000,0x0000,0x0000,
  0x0000,0x0000,0x0000,0x0000,0x0000,0x0000,0x0100,0x4BC8,0x5C89,0x7D6D,0x5C6B,0x3B28,
  0x19E3,0x2AC4,0x85AB,0x9E6D,0x11E0,0x2A64,0x9DD4,0x0000,0x0000,0x0000,0x0000,0x0000,
  0x0000,0x0000,0x0000,0x0000,0x0000,0x0000,0x0000,0x0000,0x0000,0x0000,0x0000,0x0100,
  0x53C9,0x64AA,0x5C69,0x2264,0x11C2,0x2AE3,0x7D49,0xAEEE,0xBF10,0xAEAE,0x8D8D,0x00C0,
  0x0000,0x0000,0x0000,0x0000,0x0000,0x0000,0x0000,0x0000,0x0000,0x0000,0x0000,0x0000,
  0x0000,0x0000,0x0000,0x0000,0x00A0,0x32A6,0x4BC9,0x4BA9,0x0941,0x3B25,0x5C66,0x962C,
  0xB6EF,0xD792,0xCF32,0xC711,0xAE71,0x0100,0x0000,0x0000,0x0000,0x0000,0x0000,0x0000,
  0x0000,0x0000,0x0000,0x0000,0x0000,0x0000,0x0000,0x0000,0x0000,0x0000,0x3AA7,0x0921,
  0x0921,0x0942,0x4366,0x5424,0x85A9,0xAEEF,0xB6EF,0xE7F5,0xEFD6,0xEFF7,0xB6B1,0x1180,
  0x0000,0x0000,0x0000,0x0000,0x0000,0x0000,0x0000,0x0000,0x0000,0x0000,0x0000,0x0000,
  0x0000,0x0000,0x0000,0x0000,0x0000,0x0000,0x0000,0x00E0,0x4BA5,0x6D27,0x6D06,0xA68E,
  0xB6F1,0xC6F2,0xE7D6,0xE7D6,0xC6D2,0x0900,0x0000,0x0000,0x0000,0x0000,0x0000,0x0000,
  0x0000,0x0000,0x0000,0x0000,0x0000,0x0000,0x0000,0x0000,0x0000,0x0000,0x0000,0x0000,
  0x0000,0x0100,0x64A7,0x7527,0x7D68,0xAEF0,0xB6F1,0xBEF1,0xEFF6,0xE7F5,0x0000,0x00A0,
  0x63EC,0x0000,0x0000,0x0000,0x0000,0x0000,0x0000,0x0000,0x0000,0x0000,0x0000,0x0000,
  0x0000,0x0000,0x0000,0x0000,0x0000,0x0000,0x9DD4,0x2261,0x7529,0x7D87,0x8E0B,0x9E6E,
  0xAED0,0xB6F1,0xC752,0xCF73,0x6C29,0x5368,0x2A24,0x0000,0x0000,0x0000,0x0000,0x0000,
  0x0000,0x0000,0x0000,0x0000,0x0000,0x0000,0x0000,0x0000,0x0000,0x0000,0x0000,0x0000,
  0x0120,0x7D0C,0x7548,0x7547,0x8E0B,0xA6CF,0xAF10,0xBF51,0xE7F6,0xCF13,0x4324,0x00E0,
  0x0000,0x0000,0x0000,0x0000,0x0000,0x0000,0x0000,0x0000,0x0000,0x0000,0x0000,0x0000,
  0x0000,0x0000,0x0000,0x0000,0x0000,0x0000,0x00E0,0x5387,0x64A7,0x6D26,0x7568,0xA6AF,
  0xB6F0,0xBF31,0xDFD5,0xDF94,0xAE10,0x1162,0x0000,0x0000,0x0000,0x0000,0x0000,0x0000,
  0x0000,0x0000,0x0000,0x0000,0x0000,0x0000,0x0000,0x0000,0x0000,0x0000,0x0000,0x0000,
  0x21E4,0x6C8A,0x5CA6,0x6D06,0x7527,0xA6AE,0xAF10,0xBEF1,0xDFF5,0xC732,0x9DB0,0x00C0,
  0x0000,0x0000,0x0000,0x0000,0x0000,0x0000,0x0000,0x0000,0x0000,0x0000,0x0000,0x0000,
  0x0000,0x0000,0x0000,0x0000,0x0000,0x0000,0x00A0,0x09A0,0x6D08,0x7D68,0x7DA9,0xAECF,
  0xB711,0xB6F1,0xBF12,0xCF74,0x850E,0x00C0,0x0000,0x0000,0x0000,0x0000,0x0000,0x0000,
  0x0000,0x0000,0x0000,0x0000,0x0000,0x0000,0x0000,0x0000,0x0000,0x0000,0x0000,0x0000,
  0x0000,0x0140,0x0980,0x858A,0x7D89,0xB731,0xAEF1,0xB6F1,0xC732,0x0000,0x6C2A,0x0101,
  0x0000,0x0000,0x0000,0x0000,0x0000,0x0000,0x0000,0x0000,0x0000,0x0000,0x0000,0x0000,
  0x0000,0x0000,0x0000,0x0000,0x0000,0x0000,0x0000,0x0000,0x1A21,0x85A9,0x7D89,0x9E8F,
  0xAED1,0xB6F0,0xCFB3,0xA64F,0x4B47,0x0901,0x0000,0x0000,0x0000,0x0000,0x0000,0x0000,
  0x0000,0x0000,0x0000,0x0000,0x0000,0x0000,0x0000,0x0000,0x0000,0x0000,0x0000,0x0000,
  0x0000,0x00C0,0x854D,0x962C,0x8E2B,0xA6AF,0xB6F0,0xB710,0xB711,0x74E9,0x0120,0x0000,
  0x0000,0x0000,0x0000,0x0000,0x0000,0x0000,0x0000,0x0000,0x0000,0x0000,0x0000,0x0000,
  0x0000,0x0000,0x0000,0x0000,0x0000,0x0000,0x0000,0x0100,0x7D2D,0x7D69,0x7D69,0xAED0,
  0xB6F1,0xB730,0xA6CF,0x4BA6,0x0941,0x0000,0x0000,0x0000,0x0000,0x0000,0x0000,0x0000,
  0x0000,0x0000,0x0000,0x0000,0x0000,0x0000,0x0000,0x0000,0x0000,0x0000,0x0000,0x0000,
  0x0000,0x0080,0x4B67,0x7D6A,0x8DEB,0xB711,0xBF51,0xA68F,0x5C28,0x00E0,0x0921,0x0000,
  0x0000,0x0000,0x0000,0x0000,0x0000,0x0000,0x0000,0x0000,0x0000,0x0000,0x0000,0x0000,
  0x0000,0x0000,0x0000,0x0000,0x0000,0x0000,0x0000,0x4B29,0x0120,0x7D68,0x8DEA,0x858A,
  0x2260,0x1A02,0x646B,0x4B48,0x0120,0x0000,0x0000,0x0000,0x0000,0x0000,0x0000,0x0000,
  0x0000,0x0000,0x0000,0x0000,0x0000,0x0000,0x0000,0x0000,0x0000,0x0000,0x0000,0x0000,
  0x0000,0x0000,0x0180,0x6487,0x2241,0x4386,0x95F0,0x0000,0xA66F,0x4B67,0x00A0,0x0000,
  0x0000,0x0000,0x0000,0x0000,0x0000,0x0000,0x0000,0x0000,0x0000,0x0000,0x0000,0x0000,
  0x0000,0x0000,0x0000,0x0000,0x0000,0x0000,0x0000,0x0100,0x09C1,0x3B47,0x7D6D,0x9E70,
  0xD7D4,0xCF92,0x9E0F,0x5BEA,0x00A0,0x0000,0x0000,0x0000,0x0000,0x0000,0x0000,0x0000,
  0x0000,0x0000,0x0000,0x0000,0x0000,0x0000,0x0000,0x0000,0x0000,0x0000,0x0000,0x0000,
  0x2A45,0x09A2,0x3B67,0x754C,0xA690,0xCF94,0xBF32,0x95EF,0x53A9,0x00C0,0x0000,0x0000,
  0x0000,0x0000,0x0000,0x0000,0x0000,0x0000,0x0000,0x0000,0x0000,0x0000,0x0000,0x0000,
  0x0000,0x0000,0x0000,0x0000,0x0000,0x0000,0x0100,0x4367,0x6CEC,0x960F,0xA650,0x8DCE,
  0x5C49,0x53AA,0x00A0,0x0000,0x0000,0x0000,0x0000,0x0000,0x0000,0x0000,0x0000,0x0000,
  0x0000,0x0000,0x0000,0x0000,0x0000,0x0000,0x0000,0x0000,0x0000,0x0000,0x0000,0x0100,
  0x53EA,0x5409,0x64AA,0x64AA,0x646A,0x4BC8,0x4368,0x00A0,0x0000,0x0000,0x0000,0x0000,
  0x0000,0x0000,0x0000,0x0000,0x0000,0x0000,0x0000,0x0000,0x0000,0x0000,0x0000,0x0000,
  0x0000,0x0000,0x0000,0x0000,0x0000,0x11C2,0x4BC9,0x43C8,0x43A8,0x4387,0x0960,0x6C2D,
  0x0000,0x0000,0x0000,0x0000,0x0000,0x0000,0x0000,0x0000,0x0000,0x0000,0x0000,0x0000,
  0x0000,0x0000,0x0000,0x0000,0x0000,0x0000,0x0000,0x0000,0x0000,0x0000,0x0000,0x0141,
  0x0180,0x0180,0x0981,0x0000,0x0000,0x0000,0x0000,0x0000,0x0000,0x0000,0x0000,0x0000,
  0x0000,0x0000,0x0000,0x0000,0x0000,0x0000,0x0000,0x0000,0x0000,0x0000,0x0000,0x0000,
  0x0000,0x0000,0x0000,0x0000,0x00C0,0x00E0,0x00E0,0x0100,0x0000,0x0000,0x0000,0x0000,
  0x0000,0x0000,0x0000,0x0000,0x0000,0x0000,0x0000,0x0000,0x0000,0x0000,0x0000,0x0000,
  0x0000,0x0000,0x0000,0x0000,0x0000,0x0000,0x0000,0x0000,0x0000,0x0000,0x0000,0x0000,
  0x0000,0x0000,0x0000,0x0000,0x0000,0x0000,0x0000,0x0000,0x0000,0x0000,0x0000,0x0000,
  0x0000,0x0000,0x0000,0x0000,0x0000,0x0000,0x0000,0x0000,0x0000,0x0000,0x0000,0x0000,
  0x0000,0x0000,0x0000,0x0000,0x0000,0x0000,0x0000,0x0000,0x0000,0x0000,0x0000,0x0000,
  0x0000,0x0000,0x0000,0x0000,0x0000,0x0000,0x0000,0x0000,0x0000,0x0000,0x0000,0x0000,
  0x0000,0x0000,0x0000,0x0000,0x0000,0x0000,0x0000,0x0000,0x0000,0x0000,0x0000,0x0000,
  0x0000,0x0000,0x0000,0x0000,0x0000,0x0000,0x0000,0x0000,0x0000,0x0000,0x0000,0x0000,
  0x0000,0x0000,0x0000,0x0000,0x0000,0x0000,0x0000,0x0000,0x0000,0x0000,0x0000,0x0000,
  0x0000,0x0000,0x0000,0x0000,0x0000,0x0000,0x0000,0x0000,0x0000,0x0000,0x0000,0x0000,
  0x0000,0x0000,0x0000,0x0000,0x0000,0x0000,0x0000,0x0000,0x0000,0x0000,0x0000,0x0000,
  0x0000,0x0000,0x0000,0x0000,0x0000,0x0000,0x0000,0x0000,0x0000,0x0000,0x0000,0x0000,
  0x0000,0x0000,0x0000,0x0000,0x0000,0x0000,0x0000,0x0000,0x0000,0x0000,0x0000,0x0000,
  0x0000,0x0000,0x0000,0x0000,0x0000,0x0000,0x0000,0x0000,0x0000,0x0000,0x0000,0x0000,
  0x0000,0x0000,0x0000,0x0000,0x0000,0x0000,0x0000,0x0000,0x0000,0x0000,0x0000,0x0000,
  0x0000,0x0000,0x0000,0x0000,0x0000,0x0000,0x0000,0x0000,0x0000,0x0000,0x0000,0x0000,
  0x0000,0x0000,0x0000,0x0000,0x0000,0x0000,0x0000,0x0000,0x0000,0x0000,0x0000,0x0000,
  0x0000,0x0000,0x0000,0x0000,0x0000,0x0000,0x0000,0x0000,0x0000,0x0000,0x0000,0x0100,
  0x0961,0x0941,0x74AF,0x0000,0x0000,0x0000,0x0000,0x0000,0x0000,0x0000,0x0000,0x0000,
  0x0000,0x0000,0x0000,0x0000,0x0000,0x0000,0x0000,0x0000,0x0000,0x0000,0x0000,0x0000,
  0x0000,0x0000,0x0000,0x0100,0x8D6C,0x8D8C,0x854B,0x1180,0x00C0,0x0000,0x0000,0x0000,
  0x0000,0x0000,0x0000,0x0000,0x0000,0x0000,0x0000,0x0000,
};

static const int PART_LEG4_W = 17;
static const int PART_LEG4_H = 40;
static const uint16_t part_leg4[680] = {
  0x0000,0x0000,0x0000,0x0000,0x0000,0x0000,0x0000,0x0000,0x00C0,0x7D0D,0x85CD,0x8DED,
  0x6CEA,0x5C69,0x3B66,0x09A1,0x00C0,0x0000,0x0000,0x0000,0x0000,0x0000,0x0000,0x0000,
  0x0000,0x00C0,0x4B88,0x5C49,0x5449,0x646B,0x2AA4,0x2AA5,0x2224,0x00E0,0x0000,0x0000,
  0x0000,0x0000,0x0000,0x0000,0x0000,0x0000,0x746F,0x11A2,0x2284,0x1A44,0x1A24,0x11C2,
  0x1203,0x3AE8,0x7CB0,0x0000,0x0000,0x0000,0x0000,0x0000,0x0000,0x0000,0x0000,0x0000,
  0x0100,0x53C9,0x5C09,0x53E8,0x5C49,0x5C49,0x6C6C,0x0000,0x0000,0x0000,0x0000,0x0000,
  0x0000,0x0000,0x0000,0x0000,0x0000,0x00E0,0x53C9,0x5C27,0x5C66,0x6CA7,0x6487,0x4346,
  0x8D31,0x0000,0x0000,0x0000,0x0000,0x0000,0x0000,0x0000,0x0000,0x0000,0x3286,0x6C8C,
  0x7D4A,0xA6AE,0x85AA,0x7548,0x2241,0x00E0,0x0000,0x0000,0x0000,0x0000,0x0000,0x0000,
  0x0000,0x0000,0x0000,0x0000,0x32A7,0x0000,0xB711,0x8E0C,0x7D89,0x2261,0x00E0,0x0000,
  0x0000,0x0000,0x0000,0x0000,0x0000,0x0000,0x0000,0x0000,0x0000,0x3266,0xD775,0xBF11,
  0x964D,0x8DCA,0x2A62,0x00E0,0x0000,0x0000,0x0000,0x0000,0x0000,0x0000,0x0000,0x0000,
  0x0000,0x0000,0x3A86,0xEFF7,0xC711,0xA6AF,0x962C,0x2A83,0x00C0,0x0000,0x0000,0x0000,
  0x0000,0x0000,0x0000,0x0000,0x0000,0x0000,0x0000,0x3AA7,0xEFF8,0xC712,0xAED0,0x962C,
  0x2A83,0x00E0,0x0000,0x0000,0x0000,0x0000,0x0000,0x0000,0x0000,0x0000,0x0000,0x0000,
  0x3AA7,0xEFF8,0xC712,0xA6D0,0x962C,0x2A83,0x00E0,0x0000,0x0000,0x0000,0x0000,0x0000,
  0x0000,0x0000,0x0000,0x0000,0x0000,0x3AA7,0x0000,0xCF32,0xA6D0,0x962C,0x2AA3,0x00E0,
  0x0000,0x0000,0x0000,0x0000,0x0000,0x0000,0x0000,0x0000,0x0000,0x0000,0x3AA7,0x0000,
  0xC712,0xA6D0,0x962C,0x2A83,0x00E0,0x0000,0x0000,0x0000,0x0000,0x0000,0x0000,0x0000,
  0x0000,0x0000,0x0000,0x3A86,0x0000,0xCF33,0xA68F,0x960C,0x2A83,0x00E0,0x0000,0x0000,
  0x0000,0x0000,0x0000,0x0000,0x0000,0x0000,0x0000,0x0000,0x3266,0x0000,0xDFB5,0xAEAF,
  0x8E0B,0x2A83,0x00E0,0x0000,0x0000,0x0000,0x0000,0x0000,0x0000,0x0000,0x0000,0x0000,
  0x0000,0x0000,0x0121,0x954D,0xAE8F,0x8DEB,0x2AA3,0x00E0,0x0000,0x0000,0x0000,0x0000,
  0x0000,0x0000,0x0000,0x0000,0x0000,0x0000,0x0000,0x00E0,0x8D4E,0xAEAF,0x8DEB,0x2A83,
  0x00E0,0x0000,0x0000,0x0000,0x0000,0x0000,0x0000,0x0000,0x0000,0x0000,0x0000,0x0000,
  0x00E0,0x8D4E,0xAEAE,0x8DEB,0x2A83,0x00E0,0x0000,0x0000,0x0000,0x0000,0x0000,0x0000,
  0x0000,0x0000,0x0000,0x0000,0x0000,0x00E0,0x8D4E,0xB6CF,0x8E0B,0x2AA2,0x00E0,0x0000,
  0x0000,0x0000,0x0000,0x0000,0x0000,0x0000,0x0000,0x0000,0x0000,0x0000,0x00E0,0x852D,
  0xAECE,0x8E0B,0x2AA3,0x00C0,0x0000,0x0000,0x0000,0x0000,0x0000,0x0000,0x0000,0x0000,
  0x0000,0x0000,0x0000,0x00E0,0x7CEB,0x962C,0x85AA,0x2A83,0x00E0,0x0000,0x0000,0x0000,
  0x0000,0x0000,0x0000,0x0000,0x0000,0x0000,0x0000,0x5369,0x74AD,0x7D2A,0x7D89,0x7529,
  0x2A83,0x00C0,0x0000,0x0000,0x0000,0x0000,0x0000,0x0000,0x0000,0x0000,0x0000,0x0000,
  0x3AA7,0x0000,0x7D69,0x7D69,0x7549,0x2243,0x00A0,0x0000,0x0000,0x0000,0x0000,0x0000,
  0x0000,0x0000,0x0000,0x0000,0x0000,0x3AA7,0x32E5,0x5C68,0x64C8,0x6CCA,0x2203,0x0080,
  0x0000,0x0000,0x0000,0x0000,0x0000,0x0000,0x0000,0x0000,0x0000,0x0000,0x32A6,0x53E9,
  0x2282,0x1222,0x2264,0x4329,0x0000,0x0000,0x0000,0x0000,0x0000,0x0000,0x0000,0x0000,
  0x0000,0x0000,0x0000,0x32A7,0x95CF,0x6CE8,0x4BC5,0x32C5,0x4B29,0x0000,0x0000,0x0000,
  0x0000,0x0000,0x0000,0x0000,0x0000,0x0000,0x0000,0x0000,0x3265,0xB6F2,0x7527,0x5C67,
  0x53C9,0x4308,0x0000,0x0000,0x0000,0x0000,0x0000,0x0000,0x0000,0x0000,0x0000,0x0000,
  0x00E0,0x8D6F,0x9E4D,0x7D68,0x09C0,0x32A5,0x0000,0x0000,0x0000,0x0000,0x0000,0x0000,
  0x0000,0x0000,0x0000,0x0000,0x0000,0x00E0,0x0000,0x960A,0x7528,0x0980,0x3AA6,0x0000,
  0x0000,0x0000,0x0000,0x0000,0x0000,0x0000,0x0000,0x0000,0x0000,0x0000,0x0120,0x0000,
  0x8587,0x3B23,0x2A04,0x538A,0x0000,0x0000,0x0000,0x0000,0x0000,0x0000,0x0000,0x0000,
  0x0000,0x0000,0x0000,0x0960,0xC752,0x7D68,0x11C0,0x7CB0,0x0000,0x0000,0x0000,0x0000,
  0x0000,0x0000,0x0000,0x0000,0x0000,0x0000,0x0000,0x0941,0xBEF2,0xA66C,0x7D29,0x11A0,
  0x8D11,0x0000,0x0000,0x0000,0x0000,0x0000,0x0000,0x0000,0x0000,0x0000,0x0000,0x0000,
  0x0121,0xBF31,0x960B,0x0960,0x7CD0,0x0000,0x0000,0x0000,0x0000,0x0000,0x0000,0x0000,
  0x0000,0x0000,0x0000,0x0000,0x11A0,0xBF12,0xAECE,0x64A5,0x0160,0x8CF1,0x0000,0x0000,
  0x0000,0x0000,0x0000,0x0000,0x0000,0x0000,0x0000,0xA5F4,0x0941,0x5C48,0xB72F,0x7D68,
  0x5C66,0x0160,0x9551,0x0000,0x0000,0x0000,0x0000,0x0000,0x00A0,0x0000,0x0000,0x0000,
  0xAED2,0x9E2E,0xCFB2,0x5C85,0x3B64,0x00C0,0x0000,0x0000,0x0000,0x0000,0x0000,0x0000,
  0x63CB,0x3AE5,0x9E2E,0x856B,0x962D,0xA6AD,0x8E09,0x8DEA,0x5C67,0x0160,0x9592,0x0000,
  0x0000,0x0000,0x0000,0x0000,0x0000,0x00E0,0x7D2C,0x4344,0x19E2,0x5407,0x85CA,0x7D89,
  0x64C8,0x11C0,0x0000,0x0000,0x0000,0x0000,0x0000,0x0000,0x0000,0x0000,0x00E0,0x6CAC,
  0x0100,0x0000,0x3AE6,0x5C28,0x5407,0x5C09,0x0921,0x0000,0x0000,0x0000,0x0000,0x0000,
  0x0000,0x0000,0x0000,0x00A0,0x00E0,0x0000,0x0000,0x0101,0x0100,0x0100,0x0921,0x0000,
  0x0000,0x0000,0x0000,0x0000,0x0000,0x0000,0x0000,0x0000,
};

static const int PART_LEG5_W = 16;
static const int PART_LEG5_H = 40;
static const uint16_t part_leg5[640] = {
  0x00E0,0x32C6,0x858D,0xE7F6,0xE7D5,0xBF11,0x962E,0x5C6A,0x00E0,0x0000,0x0000,0x0000,
  0x0000,0x0000,0x0000,0x0000,0x00C0,0x32C6,0x85AD,0xB6D1,0xBED1,0xB6F1,0x752B,0x544A,
  0x00E0,0x0000,0x0000,0x0000,0x0000,0x0000,0x0000,0x0000,0x00E0,0x32E7,0x5449,0x752B,
  0x7D2B,0x7D6C,0x5429,0x09A1,0x0100,0x0000,0x0000,0x0000,0x0000,0x0000,0x0000,0x0000,
  0x0000,0x5BEB,0x2B06,0x4C08,0x4BE7,0x4386,0x1A43,0x3B07,0x00A0,0x0000,0x0000,0x0000,
  0x0000,0x0000,0x0000,0x0000,0x0000,0x642D,0x2A65,0x4BC9,0x4388,0x4388,0x09E1,0x5409,
  0x08E1,0x0000,0x0000,0x0000,0x0000,0x0000,0x0000,0x0000,0x0000,0x0000,0x84F0,0x1A02,
  0x2261,0x3B44,0x64A8,0x5425,0x0940,0x0000,0x0000,0x0000,0x0000,0x0000,0x0000,0x0000,
  0x0000,0x0000,0x7CCF,0x2A64,0x74E9,0x85A9,0x962C,0x85C9,0x7D28,0x0960,0x0000,0x0000,
  0x0000,0x0000,0x0000,0x0000,0x0000,0x0000,0x0000,0x63ED,0x00E0,0xB70F,0xBF10,0x8E0A,
  0x85A9,0x0960,0x0000,0x0000,0x0000,0x0000,0x0000,0x0000,0x0000,0x0000,0x0000,0x63EC,
  0x0100,0xBF11,0xBEF1,0xAECE,0x8DCA,0x0160,0x0000,0x0000,0x0000,0x0000,0x0000,0x0000,
  0x0000,0x0000,0x0000,0x640C,0x0960,0xA62F,0xE7F6,0xAECE,0x8589,0x7D6A,0x0100,0x0000,
  0x0000,0x0000,0x0000,0x0000,0x0000,0x0000,0x0000,0x0000,0x0000,0x2A41,0xEFF8,0xAEAF,
  0x964C,0x7568,0x00E0,0x0000,0x0000,0x0000,0x0000,0x0000,0x0000,0x0000,0x0000,0x0000,
  0x0000,0x21E1,0xEFF6,0xD793,0xA6AE,0x8DE9,0x00E0,0x0000,0x0000,0x0000,0x0000,0x0000,
  0x0000,0x0000,0x0000,0x0000,0x0000,0x00E0,0x0000,0xD7B3,0xA68D,0x85CA,0x0160,0x0000,
  0x0000,0x0000,0x0000,0x0000,0x0000,0x0000,0x0000,0x0000,0x0000,0x0000,0x00C0,0xD773,
  0xAEAE,0x962B,0x6D06,0x0140,0x8D51,0x0000,0x0000,0x0000,0x0000,0x0000,0x0000,0x0000,
  0x0000,0x0000,0x00C0,0x0000,0xC752,0x960C,0x85E9,0x0160,0x9552,0x0000,0x0000,0x0000,
  0x0000,0x0000,0x0000,0x0000,0x0000,0x0000,0x0000,0x0100,0xB6F0,0xB710,0x8DEA,0x0140,
  0x8D32,0x0000,0x0000,0x0000,0x0000,0x0000,0x0000,0x0000,0x0000,0x0000,0x0000,0x1161,
  0xB6F1,0xB711,0x8DEA,0x0160,0x8D31,0x0000,0x0000,0x0000,0x0000,0x0000,0x0000,0x0000,
  0x0000,0x0000,0x0000,0x1161,0xBF12,0xB6F0,0x8DE9,0x6CC8,0x19C1,0x0000,0x0000,0x0000,
  0x0000,0x0000,0x0000,0x0000,0x0000,0x0000,0x0000,0x0000,0x0120,0xB712,0x8DE9,0x64A7,
  0x19E0,0x0000,0x0000,0x0000,0x0000,0x0000,0x0000,0x0000,0x0000,0x0000,0x0000,0x0000,
  0x0941,0xB6F2,0x85EA,0x64A7,0x1A00,0x0000,0x0000,0x0000,0x0000,0x0000,0x0000,0x0000,
  0x0000,0x0000,0x0000,0x0000,0x0961,0x960E,0x5CA6,0x4C05,0x2AC2,0x6C4D,0x0000,0x0000,
  0x0000,0x0000,0x0000,0x0000,0x0000,0x0000,0x0000,0x0000,0x0941,0x858D,0x6CE9,0x5405,
  0x5406,0x0960,0x84D0,0x0000,0x0000,0x0000,0x0000,0x0000,0x0000,0x0000,0x0000,0x0000,
  0x0921,0x0000,0xB711,0x7D4A,0x752A,0x0960,0x84EF,0x0000,0x0000,0x0000,0x0000,0x0000,
  0x0000,0x0000,0x0000,0x0000,0x0100,0x5C2A,0x6D0B,0x43C6,0x1201,0x0141,0x84F1,0x0000,
  0x0000,0x0000,0x0000,0x0000,0x0000,0x0000,0x0000,0x0000,0x0000,0x0922,0x11A1,0x1202,
  0x11E2,0x0000,0x0000,0x0000,0x0000,0x0000,0x0000,0x0000,0x0000,0x0000,0x0000,0x0000,
  0x0000,0x00E0,0x648B,0x5CA8,0x1A61,0x0000,0x0000,0x0000,0x0000,0x0000,0x0000,0x0000,
  0x0000,0x0000,0x0000,0x0000,0x0000,0x0920,0x8DEE,0x85C9,0x43C6,0x0100,0x0000,0x0000,
  0x0000,0x0000,0x0000,0x0000,0x0000,0x0000,0x0000,0x0000,0x0000,0x0921,0x0000,0x85C9,
  0x43C5,0x0100,0x0000,0x0000,0x0000,0x0000,0x0000,0x0000,0x0000,0x0000,0x0000,0x0000,
  0x0000,0x0921,0x0000,0x7D88,0x43A4,0x0100,0x0000,0x0000,0x0000,0x0000,0x0000,0x0000,
  0x0000,0x0000,0x0000,0x0000,0x0000,0x0901,0xA691,0x85E9,0x5C65,0x0980,0x8D51,0x0000,
  0x0000,0x0000,0x0000,0x0000,0x0000,0x0000,0x0000,0x0000,0x0000,0x0921,0x0000,0x9E6D,
  0x7527,0x2280,0x1A02,0x00C0,0x0000,0x0000,0x0000,0x0000,0x0000,0x0000,0x0000,0x0000,
  0x0000,0x0000,0x00E0,0xB6D2,0x8DC8,0x6CE6,0x4BA7,0x00E0,0x0000,0x0000,0x0000,0x0000,
  0x0000,0x0000,0x0000,0x0000,0x0000,0x0000,0x00C0,0x0000,0x8DC8,0x64E6,0x4BC7,0x00E0,
  0x0000,0x0000,0x0000,0x0000,0x0000,0x0000,0x0000,0x0000,0x0000,0x0000,0x0100,0xAE92,
  0x85C8,0x64C7,0x5408,0x00A0,0x0000,0x0000,0x0000,0x0000,0x0000,0x0000,0x0000,0x00A0,
  0x0080,0x00E0,0x0000,0x3322,0x6CE7,0x1A40,0x0961,0x0000,0x0000,0x0000,0x0000,0x0000,
  0x0000,0x0000,0x0100,0x0000,0xBEF2,0x2241,0x1A22,0xAEF0,0x6CA7,0x2222,0x1162,0x0000,
  0x0000,0x0000,0x0000,0x0000,0x0000,0x11A0,0xA650,0x858A,0x32C1,0xAEB1,0x754A,0x85AA,
  0x1A00,0x95B2,0x0000,0x0000,0x0000,0x0000,0x0000,0x0000,0x0000,0x0140,0x858B,0x11E0,
  0x0960,0x85AB,0x5CA5,0x3BA3,0x09C0,0x9DB3,0x0000,0x0000,0x0000,0x0000,0x0000,0x0000,
  0x0000,0x0100,0x6C8D,0x0120,0x00E0,0x8DAF,0x4BE7,0x3B46,0x2A65,0x0000,0x0000,0x0000,
  0x0000,0x0000,0x0000,0x0000,0x0000,0x00E0,0x0100,0x0000,0x00C0,0x00E0,0x00E0,0x00C0,
  0x0000,0x0000,0x0000,0x0000,
};

static const int PART_LEG6_W = 18;
static const int PART_LEG6_H = 40;
static const uint16_t part_leg6[720] = {
  0x0000,0x0000,0x0000,0x0000,0x0000,0x0000,0x0000,0x0000,0x11E0,0x0000,0x0000,0xAE70,
  0x1180,0x0000,0x0000,0x0000,0x0000,0x0000,0x0000,0x0000,0x0000,0x0000,0x0000,0x0000,
  0x0000,0x00E0,0x6469,0x0000,0x0000,0xAE90,0x7D2D,0x0981,0x0000,0x0000,0x0000,0x0000,
  0x0000,0x0000,0x0000,0x0000,0x0000,0x0000,0x9592,0x0140,0x6469,0x8D8D,0x9E0F,0x8D8D,
  0x6449,0x0140,0x0000,0x0000,0x0000,0x0000,0x0000,0x0000,0x0000,0x0000,0x0000,0x0000,
  0x9DB3,0x0961,0x3325,0x646A,0x750C,0x648A,0x3B47,0x0141,0x0000,0x0000,0x0000,0x0000,
  0x0000,0x0000,0x0000,0x0000,0x0000,0x0000,0x9DF4,0x3286,0x2AC5,0x64AB,0x74EB,0x648B,
  0x4BA9,0x0161,0x0000,0x0000,0x0000,0x0000,0x0000,0x0000,0x0000,0x0000,0x0000,0x0000,
  0x0000,0x0000,0x0121,0x2AE5,0x3B68,0x3B27,0x0140,0x74EC,0x0100,0x8510,0x0000,0x0000,
  0x0000,0x0000,0x0000,0x0000,0x0000,0x0000,0x0000,0x0000,0x0121,0x0160,0x0180,0x01A0,
  0x5C47,0x7529,0x0100,0x84D0,0x0000,0x0000,0x0000,0x0000,0x0000,0x0000,0x0000,0x0000,
  0x0000,0x0000,0x00E0,0x3B26,0x6CC9,0x9E6D,0x9E6C,0x960B,0x0120,0x7CB0,0x0000,0x0000,
  0x0000,0x0000,0x0000,0x0000,0x0000,0x0000,0x0000,0x0000,0x0000,0x19E3,0x6CE9,0xA68D,
  0xC771,0x960C,0x0120,0x7CB0,0x0000,0x0000,0x0000,0x0000,0x0000,0x0000,0x0000,0x0000,
  0x0000,0x0000,0x0000,0x00E0,0x74E9,0xA68D,0xC792,0x960C,0x0120,0x7CAF,0x0000,0x0000,
  0x0000,0x0000,0x0000,0x0000,0x0000,0x0000,0x0000,0x0000,0x0000,0x0921,0x7D4A,0x964B,
  0xC792,0x9E4D,0x0120,0x7CD0,0x0000,0x0000,0x0000,0x0000,0x0000,0x0000,0x0000,0x0000,
  0x0000,0x0000,0x0000,0x9DD3,0x53C8,0x960C,0xC792,0x9E4D,0x0140,0x8510,0x0000,0x0000,
  0x0000,0x0000,0x0000,0x0000,0x0000,0x0000,0x0000,0x0000,0x0000,0x0000,0x0941,0x8DCC,
  0xBF71,0x9E6C,0x0140,0x8D52,0x0000,0x0000,0x0000,0x0000,0x0000,0x0000,0x0000,0x0000,
  0x0000,0x0000,0x0000,0x0000,0x0140,0x8DAB,0xBF72,0xB731,0x6488,0x6C4C,0x0000,0x0000,
  0x0000,0x0000,0x0000,0x0000,0x0000,0x0000,0x0000,0x0000,0x0000,0x0000,0x0941,0x8DAB,
  0xBF71,0xB730,0x962C,0x2A62,0x0000,0x0000,0x0000,0x0000,0x0000,0x0000,0x0000,0x0000,
  0x0000,0x0000,0x0000,0x0000,0x0961,0x7D2B,0x85CA,0xB750,0x962B,0x2A62,0x0000,0x0000,
  0x0000,0x0000,0x0000,0x0000,0x0000,0x0000,0x0000,0x0000,0x0000,0x0000,0x0000,0x00E0,
  0x8DCD,0xB72F,0x9E4B,0x3283,0x0000,0x0000,0x0000,0x0000,0x0000,0x0000,0x0000,0x0000,
  0x0000,0x0000,0x0000,0x0000,0x0000,0x00C0,0x8DAD,0xAF2F,0x9E4B,0x3283,0x0000,0x0000,
  0x0000,0x0000,0x0000,0x0000,0x0000,0x0000,0x0000,0x0000,0x0000,0x0000,0x0000,0x00A0,
  0x8DCD,0x9E6C,0xA66C,0x32A3,0x0000,0x0000,0x0000,0x0000,0x0000,0x0000,0x0000,0x0000,
  0x0000,0x0000,0x0000,0x0000,0x0000,0x00A0,0x8DCD,0x9E6D,0xA6AD,0x3B04,0x0000,0x0000,
  0x0000,0x0000,0x0000,0x0000,0x0000,0x0000,0x0000,0x0000,0x0000,0x0000,0x0000,0x00C0,
  0x7D4A,0x8DEB,0x8DCA,0x53E6,0x6C6D,0x6C6E,0x0000,0x0000,0x0000,0x0000,0x0000,0x0000,
  0x0000,0x0000,0x0000,0x0000,0x0000,0x00E0,0x754A,0x964C,0x8E0C,0x6D08,0x2242,0x0100,
  0x0000,0x0000,0x0000,0x0000,0x0000,0x0000,0x0000,0x0000,0x0000,0x0000,0x0000,0x0920,
  0x95EF,0x0000,0x0000,0x8D8D,0x2243,0x00E0,0x0000,0x0000,0x0000,0x0000,0x0000,0x0000,
  0x0000,0x0000,0x0000,0x0000,0x0000,0x00E1,0x3AE7,0x3AE6,0x32C6,0x32C6,0x2204,0x00C0,
  0x0000,0x0000,0x0000,0x0000,0x0000,0x0000,0x0000,0x0000,0x0000,0x0000,0x0000,0x0000,
  0x00E0,0x32E6,0x4385,0x19E2,0x0000,0x0000,0x0000,0x0000,0x0000,0x0000,0x0000,0x0000,
  0x0000,0x0000,0x0000,0x0000,0x0000,0x0000,0x00A0,0x53E9,0x6D08,0x2202,0x0000,0x0000,
  0x0000,0x0000,0x0000,0x0000,0x0000,0x0000,0x0000,0x0000,0x0000,0x0000,0x0000,0x0000,
  0x00C0,0x74ED,0x7548,0x2221,0x0000,0x0000,0x0000,0x0000,0x0000,0x0000,0x0000,0x0000,
  0x0000,0x0000,0x0000,0x0000,0x0000,0x0000,0x644A,0x960D,0x7527,0x2221,0x0000,0x0000,
  0x0000,0x0000,0x0000,0x0000,0x0000,0x0000,0x0000,0x0000,0x0000,0x0000,0x0000,0x0080,
  0x0000,0xAECE,0x7D48,0x2241,0x0000,0x0000,0x0000,0x0000,0x0000,0x0000,0x0000,0x0000,
  0x0000,0x0000,0x0000,0x0000,0x0000,0x00E0,0x0000,0xA66D,0x7D68,0x2AC3,0x0000,0x0000,
  0x0000,0x0000,0x0000,0x0000,0x0000,0x0000,0x0000,0x0000,0x0000,0x0000,0x0000,0x00C0,
  0xBEF2,0xA68C,0x7D88,0x32C3,0x0000,0x0000,0x0000,0x0000,0x0000,0x0000,0x0000,0x0000,
  0x0000,0x0000,0x0000,0x0000,0x0000,0x0080,0x0000,0x9E8C,0x6467,0x3284,0x0000,0x0000,
  0x0000,0x0000,0x0000,0x0000,0x0000,0x0000,0x0000,0x0000,0x0000,0x0000,0x0120,0x95CE,
  0xBF30,0x7548,0x0140,0x7CAF,0x0000,0x0000,0x0000,0x0000,0x0000,0x0000,0x0000,0x0000,
  0x0000,0x0000,0x0000,0x0000,0x0961,0xA670,0x8DE9,0x5C86,0x0100,0x748E,0x0000,0x0000,
  0x0000,0x0000,0x3AA7,0x00C0,0x00C0,0x00A0,0x0100,0x00E0,0x0000,0x00A0,0x0000,0xAEAF,
  0x4C03,0x01C0,0x00C0,0x7CB0,0x0000,0x0000,0x0000,0x3265,0x9DF1,0x0000,0xB6B1,0x0000,
  0xA691,0x5BE9,0x0100,0x95EF,0xB6F0,0xA68D,0x1A80,0x0120,0x0000,0x0000,0x0000,0x0000,
  0x1162,0x6C8B,0x74CA,0x852B,0x2AA0,0x7D49,0x3B82,0x74EA,0x7D2C,0x3322,0x85AA,0x6CC7,
  0x0160,0x9DD3,0x0000,0x0000,0x0000,0x0000,0x00C0,0x5BE8,0x3302,0x4B67,0x0000,0x3304,
  0x43A3,0x8589,0x9E2C,0x3B24,0x0980,0x0980,0x0000,0x0000,0x0000,0x0000,0x0000,0x0000,
  0x00C0,0x3AC6,0x1A02,0x2A25,0x0000,0x0980,0x5C29,0x854B,0x854C,0x2AA4,0x00E0,0x1161,
  0x0000,0x0000,0x0000,0x0000,0x0000,0x0000,0x00A0,0x0901,0x0000,0x0000,0x0000,0x0100,
  0x0100,0x0940,0x00E0,0x00C0,0x0000,0x0000,0x0000,0x0000,0x0000,0x0000,0x0000,0x0000,

};

static const int PART_LEG7_W = 20;
static const int PART_LEG7_H = 40;
static const uint16_t part_leg7[800] = {
  0x0000,0x0000,0x0000,0x0000,0x0000,0x0000,0x0000,0x0120,0x5C09,0xB6F1,0xBF12,0xB711,
  0x9E4F,0x1182,0x3286,0x0000,0x0000,0x0000,0x0000,0x0000,0x0000,0x0000,0x0000,0x0000,
  0x0000,0x0000,0x0000,0x0961,0x5C09,0xB6F0,0xB732,0xB731,0x960E,0x0961,0x3266,0x0000,
  0x0000,0x0000,0x0000,0x0000,0x0000,0x0000,0x0000,0x0000,0x0000,0x0000,0x0000,0x0961,
  0x5C29,0x8DEE,0x962F,0x960F,0x6CCA,0x0941,0x42E8,0x0000,0x0000,0x0000,0x0000,0x0000,
  0x0000,0x0000,0x0000,0x0000,0x0000,0x0000,0x0000,0x11A2,0x2AC4,0x5408,0x5C49,0x5C2A,
  0x1A63,0x0962,0x4308,0x0000,0x0000,0x0000,0x0000,0x0000,0x0000,0x0000,0x0000,0x0000,
  0x0000,0x0000,0x0000,0x0962,0x2AA6,0x5C0A,0x5C2B,0x646B,0x2284,0x0180,0x538A,0x0000,
  0x0000,0x0000,0x0000,0x0000,0x0000,0x0000,0x0000,0x0000,0x0000,0x0000,0x0000,0x0000,
  0x0921,0x1A03,0x1A42,0x22A0,0x6D08,0x09E0,0x4B88,0x0000,0x0000,0x0000,0x0000,0x0000,
  0x0000,0x0000,0x0000,0x0000,0x0000,0x0000,0x0000,0x0000,0x00C0,0x4367,0x64A8,0x7547,
  0x85C9,0x6CE7,0x2A63,0x63CC,0x0000,0x0000,0x0000,0x0000,0x0000,0x0000,0x0000,0x0000,
  0x0000,0x0000,0x0000,0x0000,0x0000,0x0120,0x6D29,0x7D67,0xA66D,0xA6AE,0x32A4,0x63CC,
  0x0000,0x0000,0x0000,0x0000,0x0000,0x0000,0x0000,0x0000,0x0000,0x0000,0x0000,0x0000,
  0x0000,0x0120,0x750A,0x7D68,0xA68D,0xAEF0,0x3AE4,0x7CAF,0x0000,0x0000,0x0000,0x0000,
  0x0000,0x0000,0x0000,0x0000,0x0000,0x0000,0x0000,0x0000,0x0000,0x0000,0x0120,0x7D68,
  0x9E8D,0xB710,0xA68F,0x2A62,0x9DD3,0x0000,0x0000,0x0000,0x0000,0x0000,0x0000,0x0000,
  0x0000,0x0000,0x0000,0x0000,0x0000,0x0000,0x00E0,0x7548,0x85A9,0xA6AF,0xA68C,0x2A82,
  0xA5F4,0x0000,0x0000,0x0000,0x0000,0x0000,0x0000,0x0000,0x0000,0x0000,0x0000,0x0000,
  0x0000,0x0000,0x5BCB,0x6448,0x7D68,0xAECF,0xB710,0x3B04,0x0000,0x0000,0x0000,0x0000,
  0x0000,0x0000,0x0000,0x0000,0x0000,0x0000,0x0000,0x0000,0x0000,0x0000,0x0000,0x00E0,
  0x85EB,0xAEAD,0xB710,0x6448,0x7CAF,0x9DD3,0x0000,0x0000,0x0000,0x0000,0x0000,0x0000,
  0x0000,0x0000,0x0000,0x0000,0x0000,0x0000,0x0000,0x0120,0x7D69,0x9609,0xB6EF,0xAEAE,
  0x0100,0x0941,0x0000,0x0000,0x0000,0x0000,0x0000,0x0000,0x0000,0x0000,0x0000,0x0000,
  0x0000,0x0000,0x0000,0x0100,0x752B,0x962A,0xB710,0xB710,0x0100,0x0941,0x0000,0x0000,
  0x0000,0x0000,0x0000,0x0000,0x0000,0x0000,0x0000,0x0000,0x0000,0x0000,0x0000,0x0000,
  0x0120,0x7568,0x9E6C,0xAECF,0x00E0,0x0941,0x0000,0x0000,0x0000,0x0000,0x0000,0x0000,
  0x0000,0x0000,0x0000,0x0000,0x0000,0x0000,0x0000,0x0000,0x0100,0x6D08,0x9E4C,0xA6CF,
  0x00C0,0x0961,0x0000,0x0000,0x0000,0x0000,0x0000,0x0000,0x0000,0x0000,0x0000,0x0000,
  0x0000,0x0000,0x0000,0x0000,0x0000,0x1200,0x7D69,0xA6CE,0x858B,0x53A8,0x0921,0x0000,
  0x0000,0x0000,0x0000,0x0000,0x0000,0x0000,0x0000,0x0000,0x0000,0x0000,0x0000,0x0000,
  0x0000,0x0960,0x7D69,0x962A,0x8E09,0x53C7,0x19A3,0x0000,0x0000,0x0000,0x0000,0x0000,
  0x0000,0x0000,0x0000,0x0000,0x0000,0x0000,0x0000,0x0000,0x0000,0x00E0,0x5C47,0x85C9,
  0x9E4A,0x8DAB,0x6CAC,0x11A2,0x0000,0x0000,0x0000,0x0000,0x0000,0x0000,0x0000,0x0000,
  0x0000,0x0000,0x0000,0x0000,0x0000,0x3286,0x4348,0x7D4A,0x85AA,0x85C8,0x5C08,0x0120,
  0x0000,0x0000,0x0000,0x0000,0x0000,0x0000,0x0000,0x0000,0x0000,0x0000,0x0000,0x0000,
  0x0000,0x0000,0x0941,0x5427,0x6D08,0x6CE7,0x4386,0x00E0,0x0000,0x0000,0x0000,0x0000,
  0x0000,0x0000,0x0000,0x0000,0x0000,0x0000,0x0000,0x0000,0x0000,0x0000,0x0100,0x5C48,
  0x856B,0x6CA9,0x4BC9,0x00E0,0x0000,0x0000,0x0000,0x0000,0x0000,0x0000,0x0000,0x0000,
  0x0000,0x0000,0x0000,0x0000,0x0000,0x0000,0x0000,0x0120,0x1A01,0x2A83,0x2A65,0x0100,
  0x0000,0x0000,0x0000,0x0000,0x0000,0x0000,0x0000,0x0000,0x0000,0x0000,0x0000,0x0000,
  0x0000,0x0000,0x0000,0x00C0,0x6488,0x6449,0x1163,0x0000,0x0000,0x0000,0x0000,0x0000,
  0x0000,0x0000,0x0000,0x0000,0x0000,0x0000,0x0000,0x0000,0x0000,0x0000,0x0940,0x95CC,
  0x7568,0x95CE,0x0942,0x0000,0x0000,0x0000,0x0000,0x0000,0x0000,0x0000,0x0000,0x0000,
  0x0000,0x0000,0x0000,0x0000,0x0000,0x0000,0x0140,0x964B,0x7547,0x8DCE,0x0922,0x0000,
  0x0000,0x0000,0x0000,0x0000,0x0000,0x0000,0x0000,0x0000,0x0000,0x0000,0x0000,0x0000,
  0x0000,0x0000,0x0960,0x8E0A,0x5445,0x53E8,0x1162,0x0000,0x0000,0x0000,0x0000,0x0000,
  0x0000,0x0000,0x0000,0x0000,0x0000,0x0000,0x0000,0x0000,0x0000,0x0000,0x1180,0xA68D,
  0x09A0,0x0160,0x0000,0x0000,0x0000,0x0000,0x0000,0x0000,0x0000,0x0000,0x0000,0x0000,
  0x0000,0x0000,0x0000,0x0000,0x0000,0x84CF,0x5BC6,0x9E6B,0x0140,0x1182,0x0000,0x0000,
  0x0000,0x0000,0x0000,0x0000,0x0000,0x0000,0x0000,0x0000,0x0000,0x0000,0x0000,0x0000,
  0x0000,0x00E0,0xAEAE,0x85A8,0x0160,0x1182,0x0000,0x0000,0x0000,0x0000,0x0000,0x0000,
  0x0000,0x0000,0x0000,0x0000,0x0000,0x0000,0x0000,0x0000,0x0000,0x00C0,0xAECE,0x85A9,
  0x0160,0x1182,0x0000,0x0000,0x0000,0x0000,0x0000,0x0000,0x0000,0x0000,0x0000,0x0000,
  0x0000,0x0000,0x0000,0x9573,0x00E0,0xC712,0x9E4B,0x4345,0x0100,0x1182,0x0000,0x0000,
  0x0000,0x0000,0x0000,0x0000,0x0000,0x0000,0x0000,0x0000,0x0000,0x0000,0x0000,0x11C2,
  0x3B05,0x53E7,0x7509,0x09A0,0x0000,0x0000,0x0000,0x0000,0x0000,0x0000,0x1162,0x00E0,
  0x00E0,0x00E1,0x0100,0x0100,0x0900,0x00E1,0x00E0,0x0000,0x0000,0x3B84,0x5407,0x0980,
  0x0000,0x0000,0x0000,0x0000,0x0000,0x0920,0x0000,0xCF74,0x0000,0x0000,0x8D8E,0x4347,
  0x1180,0x0000,0x0000,0xA68C,0x7D88,0x64A8,0x0120,0x0000,0x0000,0x0000,0x0000,0x0000,
  0x2204,0x74AB,0x74E9,0x7D2A,0x32C3,0x6C89,0x3B43,0x648A,0x74CA,0xAE8E,0x9E4B,0x7D68,
  0x7D49,0x2AA2,0x9571,0x0000,0x0000,0x0000,0x0000,0x0000,0x1161,0x8D6D,0x2AC1,0x4B47,
  0x0000,0x32E4,0x4C05,0x7527,0x8588,0x8588,0x5C46,0x2242,0x2222,0x9DD3,0x0000,0x0000,
  0x0000,0x0000,0x0000,0x0000,0x19A2,0x5BE9,0x00E0,0x1963,0x0000,0x1A02,0x750B,0x7D2B,
  0x7D0B,0x74CB,0x4BA8,0x0101,0x0900,0x0000,0x0000,0x0000,0x0000,0x0000,0x0000,0x0000,
  0x0900,0x00C0,0x0000,0x0000,0x0000,0x0120,0x0920,0x0921,0x0100,0x00E0,0x00E0,0x0000,
  0x0000,0x0000,0x0000,0x0000,0x0000,0x0000,0x0000,0x0000,
};

