#pragma once
// AUTO-GENERATED by tools/build_rig.py from the art in art/ — do not hand edit.
// Transparent key = 0xF81F. Joints are in sprite pixel coords (float).
#include <stdint.h>
static const uint16_t RIG_KEY = 0xF81F;
struct RigPart { const uint16_t *px; int16_t w, h; float pvx, pvy; };

static const uint16_t RIG_TORSO_PX[9424] = {
  0xF81F,0xF81F,0xF81F,0xF81F,0xF81F,0xF81F,0xF81F,0xF81F,0xF81F,0xF81F,0xF81F,0xF81F,0xF81F,0xF81F,0xF81F,0xF81F,
  0xF81F,0xF81F,0xF81F,0xF81F,0xF81F,0xF81F,0xF81F,0xF81F,0xF81F,0xF81F,0xF81F,0xF81F,0xF81F,0xF81F,0xF81F,0xF81F,
  0xF81F,0x19A3,0x2A05,0x2205,0x2A25,0x2A25,0x2205,0x21E5,0x21E5,0x21C4,0x21C5,0x1984,0xF81F,0xF81F,0xF81F,0xF81F,
  0xF81F,0xF81F,0xF81F,0xF81F,0xF81F,0xF81F,0xF81F,0xF81F,0xF81F,0xF81F,0xF81F,0xF81F,0xF81F,0xF81F,0xF81F,0xF81F,
  0xF81F,0xF81F,0xF81F,0xF81F,0xF81F,0xF81F,0xF81F,0xF81F,0xF81F,0xF81F,0xF81F,0xF81F,0xF81F,0xF81F,0xF81F,0xF81F,
  0xF81F,0xF81F,0xF81F,0xF81F,0xF81F,0xF81F,0xF81F,0xF81F,0xF81F,0xF81F,0xF81F,0xF81F,0xF81F,0xF81F,0xF81F,0xF81F,
  0xF81F,0xF81F,0xF81F,0xF81F,0xF81F,0xF81F,0xF81F,0xF81F,0xF81F,0xF81F,0xF81F,0x4B48,0x19E2,0x2202,0x2223,0x2223,
  0x2223,0x2223,0x1A23,0x1A02,0x1A02,0x2223,0x2223,0x21E3,0x63CB,0xF81F,0xF81F,0xF81F,0xF81F,0xF81F,0xF81F,0xF81F,
  0xF81F,0xF81F,0xF81F,0xF81F,0xF81F,0xF81F,0xF81F,0xF81F,0xF81F,0xF81F,0xF81F,0xF81F,0xF81F,0xF81F,0xF81F,0xF81F,
  0xF81F,0xF81F,0xF81F,0xF81F,0xF81F,0xF81F,0xF81F,0xF81F,0xF81F,0xF81F,0xF81F,0xF81F,0xF81F,0xF81F,0xF81F,0xF81F,
  0xF81F,0xF81F,0xF81F,0xF81F,0xF81F,0xF81F,0xF81F,0xF81F,0xF81F,0xF81F,0xF81F,0xF81F,0xF81F,0xF81F,0xF81F,0xF81F,
  0xF81F,0xF81F,0xF81F,0xF81F,0xF81F,0xF81F,0x2203,0x6C6B,0xAEB2,0xB6B2,0xAEB2,0xAEB2,0xAE92,0xAE92,0xAE92,0xAE92,
  0xAEB2,0xAEB2,0xAEB2,0xAE93,0x5BC9,0x21C2,0xF81F,0xF81F,0xF81F,0xF81F,0xF81F,0xF81F,0xF81F,0xF81F,0xF81F,0xF81F,
  0xF81F,0xF81F,0xF81F,0xF81F,0xF81F,0xF81F,0xF81F,0xF81F,0xF81F,0xF81F,0xF81F,0xF81F,0xF81F,0xF81F,0xF81F,0xF81F,
  0xF81F,0xF81F,0xF81F,0xF81F,0xF81F,0xF81F,0xF81F,0xF81F,0xF81F,0xF81F,0xF81F,0xF81F,0xF81F,0xF81F,0xF81F,0xF81F,
  0xF81F,0xF81F,0xF81F,0xF81F,0xF81F,0xF81F,0xF81F,0xF81F,0xF81F,0xF81F,0xF81F,0xF81F,0xF81F,0xF81F,0xF81F,0xF81F,
  0xF81F,0x4B68,0x4346,0x7D2C,0xB6D2,0xAE91,0xA650,0xA650,0x9E50,0x9E50,0x9E50,0x9E50,0x9E50,0x9E4F,0xA670,0xAED2,
  0x74CB,0x3B05,0x5B8A,0xF81F,0xF81F,0xF81F,0xF81F,0xF81F,0xF81F,0xF81F,0xF81F,0xF81F,0xF81F,0xF81F,0xF81F,0xF81F,
  0xF81F,0xF81F,0xF81F,0xF81F,0xF81F,0xF81F,0xF81F,0xF81F,0xF81F,0xF81F,0xF81F,0xF81F,0xF81F,0xF81F,0xF81F,0xF81F,
  0xF81F,0xF81F,0xF81F,0xF81F,0xF81F,0xF81F,0xF81F,0xF81F,0xF81F,0xF81F,0xF81F,0xF81F,0xF81F,0xF81F,0xF81F,0xF81F,
  0xF81F,0xF81F,0xF81F,0xF81F,0xF81F,0xF81F,0xF81F,0xF81F,0xF81F,0xF81F,0xF81F,0xF81F,0xF81F,0x2222,0xA671,0xA671,
  0xB6F3,0x85AE,0x5C48,0x5C48,0x5C48,0x5C48,0x5C48,0x5C29,0x5C08,0x5C27,0x856C,0xBF13,0xA671,0x856E,0x2203,0x3AA7,
  0xF81F,0xF81F,0xF81F,0xF81F,0xF81F,0xF81F,0xF81F,0xF81F,0xF81F,0xF81F,0xF81F,0xF81F,0xF81F,0xF81F,0xF81F,0xF81F,
  0xF81F,0xF81F,0xF81F,0xF81F,0xF81F,0xF81F,0xF81F,0xF81F,0xF81F,0xF81F,0xF81F,0xF81F,0xF81F,0xF81F,0xF81F,0xF81F,
  0xF81F,0xF81F,0xF81F,0xF81F,0xF81F,0xF81F,0xF81F,0xF81F,0xF81F,0xF81F,0xF81F,0xF81F,0xF81F,0xF81F,0xF81F,0xF81F,
  0xF81F,0xF81F,0xF81F,0xF81F,0xF81F,0xF81F,0xF81F,0xF81F,0x3265,0x2263,0xA691,0xAEB1,0xB6F2,0x858D,0x5C28,0x5C49,
  0x5C48,0x5C48,0x5C48,0x5C49,0x5C49,0x5C48,0x7D2B,0xB712,0x9E30,0x856E,0x2223,0x3A87,0xF81F,0xF81F,0xF81F,0xF81F,
  0xF81F,0xF81F,0xF81F,0xF81F,0xF81F,0xF81F,0xF81F,0xF81F,0xF81F,0xF81F,0xF81F,0xF81F,0xF81F,0xF81F,0xF81F,0xF81F,
  0xF81F,0xF81F,0xF81F,0xF81F,0xF81F,0xF81F,0xF81F,0xF81F,0xF81F,0xF81F,0xF81F,0xF81F,0xF81F,0xF81F,0xF81F,0xF81F,
  0xF81F,0xF81F,0xF81F,0xF81F,0xF81F,0xF81F,0xF81F,0xF81F,0xF81F,0xF81F,0xF81F,0xF81F,0xF81F,0xF81F,0xF81F,0xF81F,
  0xF81F,0xF81F,0xF81F,0xF81F,0x3245,0x1A02,0x4386,0x856D,0xB6B2,0xA650,0x95EE,0x5C48,0x5C48,0x5C48,0x5C48,0x5C48,
  0x6469,0x856C,0x960E,0xA691,0x7D0C,0x3B05,0x2223,0x3A67,0xF81F,0xF81F,0xF81F,0xF81F,0xF81F,0xF81F,0xF81F,0xF81F,
  0xF81F,0xF81F,0xF81F,0xF81F,0xF81F,0xF81F,0xF81F,0xF81F,0xF81F,0xF81F,0xF81F,0xF81F,0xF81F,0xF81F,0xF81F,0xF81F,
  0xF81F,0xF81F,0xF81F,0xF81F,0xF81F,0xF81F,0xF81F,0xF81F,0xF81F,0xF81F,0xF81F,0xF81F,0xF81F,0xF81F,0xF81F,0xF81F,
  0xF81F,0xF81F,0xF81F,0xF81F,0xF81F,0xF81F,0xF81F,0xF81F,0xF81F,0xF81F,0xF81F,0xF81F,0xF81F,0xF81F,0xF81F,0xF81F,
  0x2A04,0x19E2,0x3B26,0x74EC,0xA631,0xAEB1,0xAEB1,0x750B,0x6CCA,0x6CCA,0x6CCA,0x6CCA,0x750B,0x960E,0x9E50,0xA671,
  0x6CCB,0x32C5,0x2224,0x3A87,0xF81F,0xF81F,0xF81F,0xF81F,0xF81F,0xF81F,0xF81F,0xF81F,0xF81F,0xF81F,0xF81F,0xF81F,
  0xF81F,0xF81F,0xF81F,0xF81F,0xF81F,0xF81F,0xF81F,0xF81F,0xF81F,0xF81F,0xF81F,0xF81F,0xF81F,0xF81F,0xF81F,0xF81F,
  0xF81F,0xF81F,0xF81F,0xF81F,0xF81F,0xF81F,0xF81F,0xF81F,0xF81F,0xF81F,0xF81F,0xF81F,0xF81F,0xF81F,0xF81F,0xF81F,
  0xF81F,0xF81F,0xF81F,0xF81F,0xF81F,0xF81F,0xF81F,0xF81F,0xF81F,0xF81F,0xF81F,0xF81F,0x2A05,0x19E2,0x4326,0x3B05,
  0x32A3,0x8DCD,0xB6F2,0xB6F2,0xAED2,0xAED2,0xAED2,0xAEF2,0xAEF2,0xB6F2,0x5C27,0x3324,0x32C4,0x32C5,0x2203,0x42A8,
  0xF81F,0xF81F,0xF81F,0xF81F,0xF81F,0xF81F,0xF81F,0xF81F,0xF81F,0xF81F,0xF81F,0xF81F,0xF81F,0xF81F,0xF81F,0xF81F,
  0xF81F,0xF81F,0xF81F,0xF81F,0xF81F,0xF81F,0xF81F,0xF81F,0xF81F,0xF81F,0xF81F,0xF81F,0xF81F,0xF81F,0xF81F,0xF81F,
  0xF81F,0xF81F,0xF81F,0xF81F,0xF81F,0xF81F,0xF81F,0xF81F,0xF81F,0xF81F,0xF81F,0xF81F,0xF81F,0xF81F,0xF81F,0xF81F,
  0xF81F,0xF81F,0xF81F,0xF81F,0xF81F,0xF81F,0xF81F,0xF81F,0x2A25,0x19E2,0x4346,0x32E4,0x32C3,0x858D,0xA670,0x9E50,
  0x9E50,0x9E50,0x9E50,0x9E50,0xA691,0xA691,0x5428,0x2AC3,0x2AC4,0x32E5,0x19E3,0x42A8,0xF81F,0xF81F,0xF81F,0xF81F,
  0xF81F,0xF81F,0xF81F,0xF81F,0xF81F,0xF81F,0xF81F,0xF81F,0xF81F,0xF81F,0xF81F,0xF81F,0xF81F,0xF81F,0xF81F,0xF81F,
  0xF81F,0xF81F,0xF81F,0xF81F,0xF81F,0xF81F,0xF81F,0xF81F,0xF81F,0xF81F,0xF81F,0xF81F,0xF81F,0xF81F,0xF81F,0xF81F,
  0xF81F,0xF81F,0xF81F,0xF81F,0xF81F,0xF81F,0xF81F,0xF81F,0xF81F,0xF81F,0xF81F,0xF81F,0xF81F,0xF81F,0xF81F,0xF81F,
  0xF81F,0xF81F,0xF81F,0xF81F,0x2A25,0x1A02,0x53E8,0x4BA6,0x4BA6,0x3B45,0x2AA3,0x2AA3,0x2AA3,0x2AA3,0x2AA3,0x2AA3,
  0x2AC3,0x32E3,0x3B65,0x53E8,0x53E8,0x3B45,0x1A03,0x3AA7,0xF81F,0xF81F,0xF81F,0xF81F,0xF81F,0xF81F,0xF81F,0xF81F,
  0xF81F,0xF81F,0xF81F,0xF81F,0xF81F,0xF81F,0xF81F,0xF81F,0xF81F,0xF81F,0xF81F,0xF81F,0xF81F,0xF81F,0xF81F,0xF81F,
  0xF81F,0xF81F,0xF81F,0xF81F,0xF81F,0xF81F,0xF81F,0xF81F,0xF81F,0xF81F,0xF81F,0xF81F,0xF81F,0xF81F,0xF81F,0xF81F,
  0xF81F,0xF81F,0xF81F,0xF81F,0xF81F,0xF81F,0xF81F,0xF81F,0xF81F,0xF81F,0xF81F,0xF81F,0xF81F,0xF81F,0xF81F,0xF81F,
  0x2204,0x1A22,0x53E8,0x5407,0x5407,0x3B66,0x2AC4,0x2AC4,0x32C4,0x32E4,0x32C4,0x32E4,0x32E4,0x3304,0x4366,0x5408,
  0x4BE8,0x4386,0x1A23,0x3A86,0xF81F,0xF81F,0xF81F,0xF81F,0xF81F,0xF81F,0xF81F,0xF81F,0xF81F,0xF81F,0xF81F,0xF81F,
  0xF81F,0xF81F,0xF81F,0xF81F,0xF81F,0xF81F,0xF81F,0xF81F,0xF81F,0xF81F,0xF81F,0xF81F,0xF81F,0xF81F,0xF81F,0xF81F,
  0xF81F,0xF81F,0xF81F,0xF81F,0xF81F,0xF81F,0xF81F,0xF81F,0xF81F,0xF81F,0xF81F,0xF81F,0xF81F,0xF81F,0xF81F,0xF81F,
  0xF81F,0xF81F,0xF81F,0xF81F,0xF81F,0xF81F,0xF81F,0xF81F,0xF81F,0xF81F,0x1A03,0x11C2,0x19E3,0x1A22,0x5C49,0x5C49,
  0x5C69,0x5428,0x4BE7,0x4BE8,0x4BE8,0x4BE7,0x4BE7,0x4BE7,0x5408,0x5428,0x5428,0x5C48,0x5C49,0x4C08,0x2243,0x1A03,
  0x11A2,0x2A24,0xF81F,0xF81F,0xF81F,0xF81F,0xF81F,0xF81F,0xF81F,0xF81F,0xF81F,0xF81F,0xF81F,0xF81F,0xF81F,0xF81F,
  0xF81F,0xF81F,0xF81F,0xF81F,0xF81F,0xF81F,0xF81F,0xF81F,0xF81F,0xF81F,0xF81F,0xF81F,0xF81F,0xF81F,0xF81F,0xF81F,
  0xF81F,0xF81F,0xF81F,0xF81F,0xF81F,0xF81F,0xF81F,0xF81F,0xF81F,0xF81F,0xF81F,0xF81F,0xF81F,0xF81F,0xF81F,0xF81F,
  0xF81F,0xF81F,0xF81F,0xF81F,0x42A7,0x3AA6,0x3AE5,0x32C4,0x11E1,0x1A22,0x5C29,0x64AA,0x6CEB,0x5C69,0x5408,0x5408,
  0x5408,0x5428,0x5428,0x5428,0x5428,0x5448,0x5C68,0x6489,0x5C49,0x4BC7,0x2263,0x11E1,0x2A43,0x3284,0x3A85,0x3AA7,
  0xF81F,0xF81F,0xF81F,0xF81F,0xF81F,0xF81F,0xF81F,0xF81F,0xF81F,0xF81F,0xF81F,0xF81F,0xF81F,0xF81F,0xF81F,0xF81F,
  0xF81F,0xF81F,0xF81F,0xF81F,0xF81F,0xF81F,0xF81F,0xF81F,0xF81F,0xF81F,0xF81F,0xF81F,0xF81F,0xF81F,0xF81F,0xF81F,
  0xF81F,0xF81F,0xF81F,0xF81F,0xF81F,0xF81F,0xF81F,0xF81F,0xF81F,0xF81F,0xF81F,0xF81F,0xF81F,0xF81F,0xF81F,0x2204,
  0x11A1,0x11C0,0x74C9,0x7D0B,0x1A21,0x2242,0x5C28,0x750C,0x7D6D,0x752C,0x6D0B,0x750B,0x6CEA,0x6CEA,0x74EA,0x6D0A,
  0x750B,0x752B,0x750B,0x750C,0x648A,0x4BE8,0x2243,0x2A62,0x7D2C,0x6C89,0x0980,0x1181,0x1183,0x534B,0xF81F,0xF81F,
  0xF81F,0xF81F,0xF81F,0xF81F,0xF81F,0xF81F,0xF81F,0xF81F,0xF81F,0xF81F,0xF81F,0xF81F,0xF81F,0xF81F,0xF81F,0xF81F,
  0xF81F,0xF81F,0xF81F,0xF81F,0xF81F,0xF81F,0xF81F,0xF81F,0xF81F,0xF81F,0xF81F,0xF81F,0xF81F,0xF81F,0xF81F,0xF81F,
  0xF81F,0xF81F,0xF81F,0xF81F,0xF81F,0xF81F,0xF81F,0xF81F,0x2203,0x2204,0x1A03,0x1A01,0x3B64,0x4384,0x7D29,0x7D2B,
  0x1A21,0x1A42,0x5408,0x5C49,0x5C49,0x752B,0x7D6C,0x960E,0x960E,0x95EE,0x95EE,0x960E,0x962E,0x8DCE,0x6CEB,0x5C49,
  0x5408,0x4BC8,0x2242,0x2A82,0x7D2A,0x7508,0x53E6,0x4346,0x11A2,0x19C3,0x2203,0x2A24,0x21C3,0xF81F,0xF81F,0xF81F,
  0xF81F,0xF81F,0xF81F,0xF81F,0xF81F,0xF81F,0xF81F,0xF81F,0xF81F,0xF81F,0xF81F,0xF81F,0xF81F,0xF81F,0xF81F,0xF81F,
  0xF81F,0xF81F,0xF81F,0xF81F,0xF81F,0xF81F,0xF81F,0xF81F,0xF81F,0xF81F,0xF81F,0xF81F,0xF81F,0xF81F,0xF81F,0xF81F,
  0xF81F,0xF81F,0x2A83,0x2A82,0x2A82,0x2262,0x1A41,0x1A40,0x7509,0x8DCA,0x95EB,0x858C,0x1A21,0x2243,0x53E9,0x4BC8,
  0x4BC7,0x750B,0x85AD,0xAED1,0xAED1,0xAED1,0xAED1,0xAED1,0xA6B1,0x960F,0x6CCA,0x4BC7,0x4BC7,0x4BC8,0x2242,0x2281,
  0x7509,0x7528,0x7D49,0x6468,0x1201,0x1A21,0x2262,0x2A82,0x2A43,0x6C2B,0xF81F,0xF81F,0xF81F,0xF81F,0xF81F,0xF81F,
  0xF81F,0xF81F,0xF81F,0xF81F,0xF81F,0xF81F,0xF81F,0xF81F,0xF81F,0xF81F,0xF81F,0xF81F,0xF81F,0xF81F,0xF81F,0xF81F,
  0xF81F,0xF81F,0xF81F,0xF81F,0xF81F,0xF81F,0xF81F,0x2A25,0x11A2,0x19C2,0x19C2,0x19E2,0x19E2,0x11E1,0x4386,0x750A,
  0x74E9,0x5C88,0x3B44,0x3B63,0x9E4D,0xA66C,0x960B,0x8D8C,0x1A01,0x2243,0x5C29,0x64AA,0x6CCA,0x648A,0x6468,0x8DED,
  0x960E,0x960E,0x960E,0x960E,0x8DCD,0x6489,0x74EB,0x6CCB,0x646A,0x4BC7,0x2243,0x2281,0x95EC,0x960B,0x8DEB,0x7509,
  0x3303,0x3323,0x6CC9,0x6CC8,0x6CCA,0x2222,0x1982,0x1982,0x19A2,0x19A2,0x11A2,0x1182,0x1963,0xF81F,0xF81F,0xF81F,
  0xF81F,0xF81F,0xF81F,0xF81F,0xF81F,0xF81F,0xF81F,0xF81F,0xF81F,0xF81F,0xF81F,0xF81F,0xF81F,0xF81F,0xF81F,0xF81F,
  0xF81F,0x9D73,0x748E,0x3AC6,0x2222,0x2222,0x2242,0x2222,0x1A22,0x1A21,0x4384,0x6CE8,0x6CC7,0x5C67,0x3B84,0x3B63,
  0x9E4D,0xAE8C,0x9E4C,0x960E,0x1A21,0x2242,0x5C29,0x750B,0x7D6C,0x6CAA,0x5407,0x8DAD,0x8DCD,0x8DCD,0x95CE,0x8DCD,
  0x858D,0x5C48,0x6CCB,0x750C,0x5C49,0x4BC7,0x2243,0x2282,0xA68F,0xA6AD,0x8DEA,0x7509,0x3302,0x3B43,0x6CE8,0x64C7,
  0x6CA8,0x2221,0x19E2,0x19E2,0x1A01,0x2221,0x1A21,0x2202,0x3286,0x6C0C,0xF81F,0xF81F,0xF81F,0xF81F,0xF81F,0xF81F,
  0xF81F,0xF81F,0xF81F,0xF81F,0xF81F,0xF81F,0xF81F,0xF81F,0xF81F,0xF81F,0xF81F,0x3246,0x1162,0x1181,0x0980,0x6CAA,
  0x7D2B,0x7D2A,0x752A,0x754B,0x5428,0x22A2,0x5426,0x7549,0x6CE8,0x5446,0x3B63,0x3B63,0x9E4D,0xAECD,0xA66D,0x9E0E,
  0x1A40,0x2262,0x5C29,0x752C,0x858C,0x8DAD,0x960F,0x6CCA,0x6CCA,0x6CCA,0x6CCA,0x74CA,0x7D0B,0x858D,0x750B,0x6D0B,
  0x5C49,0x43A7,0x2242,0x2281,0xA66E,0xA68C,0x8DEA,0x7509,0x3303,0x3B43,0x6CC7,0x6CE7,0x7509,0x32C3,0x2A82,0x6CAA,
  0x858C,0x8DAC,0x8DAC,0x8DCE,0x74CC,0x1180,0x11A1,0x1162,0xF81F,0xF81F,0xF81F,0xF81F,0xF81F,0xF81F,0xF81F,0xF81F,
  0xF81F,0xF81F,0xF81F,0xF81F,0xF81F,0xF81F,0xF81F,0x53A9,0x2202,0x2242,0x1A22,0x856C,0x95ED,0x95ED,0x8DEC,0x7D6B,
  0x5428,0x2282,0x5426,0x7529,0x64E8,0x5446,0x3B83,0x3B43,0x9E2D,0xAEAE,0xAE8E,0x9E2E,0x2240,0x2282,0x5C29,0x750B,
  0x858C,0x960E,0xA66F,0x6488,0x6CA8,0x6488,0x6488,0x6CA8,0x752A,0x962F,0x750B,0x6CEB,0x5C49,0x3B46,0x2262,0x2AA1,
  0xA6AE,0xA68C,0x8DEB,0x7509,0x3303,0x3B43,0x6CC7,0x6CE7,0x7509,0x32C2,0x2AA2,0x6CC9,0x85CB,0x85AB,0x8DCC,0x8DCC,
  0x7D0B,0x2222,0x2242,0x2202,0x84EF,0xF81F,0xF81F,0xF81F,0xF81F,0xF81F,0xF81F,0xF81F,0xF81F,0xF81F,0xF81F,0xF81F,
  0x21E3,0x2A03,0x2A22,0x8D6E,0xA610,0xBED3,0xB6B2,0xB6F1,0xB6F1,0xB710,0xA68E,0x7D6B,0x5407,0x1A41,0x4BE6,0x6D08,
  0x64C7,0x5446,0x3B83,0x3B63,0x9E2D,0xAEAE,0xBEF0,0xBEF1,0xAE70,0x856D,0x2262,0x5408,0x7D4C,0x9E2E,0xAEB0,0xAED0,
  0xAED0,0xAED0,0xAED0,0xAED0,0xA6B0,0xA690,0x750B,0x6CCB,0x3B46,0x2242,0x74EA,0x9E2E,0xAEAF,0xA68D,0x8DEB,0x7509,
  0x3323,0x3B43,0x6CA7,0x6CC6,0x7509,0x32C2,0x2A82,0x74EA,0x8E0C,0xAEF0,0xBF11,0xBF12,0xC713,0xC713,0xBED3,0x9DD0,
  0x74AC,0x2223,0x2A24,0x21E4,0xF81F,0xF81F,0xF81F,0xF81F,0xF81F,0xF81F,0xF81F,0x640B,0x3AC4,0x3AC3,0x5346,0xB610,
  0xD714,0xD735,0xCF35,0xC713,0xBF11,0xB6F0,0x9E6E,0x7D6B,0x5407,0x1A61,0x4BC6,0x6CC7,0x64A7,0x5426,0x3B83,0x3B63,
  0x9E2D,0xAEAF,0xBF11,0xBF11,0xBEF2,0x95CE,0x2A82,0x4B86,0x5408,0x8DAD,0xAED1,0xB6F1,0xB6F1,0xB711,0xB6F2,0xAED1,
  0xAED1,0xA691,0x6CAA,0x5C29,0x4366,0x32C4,0x856C,0xA68E,0xAEAE,0xA68D,0x7D49,0x6CA8,0x3B23,0x4384,0x7507,0x7507,
  0x74E9,0x2AC2,0x2AA2,0x74EA,0x95ED,0xB6F1,0xC733,0xCF34,0xD714,0xDF35,0xD714,0xBEB2,0x958E,0x4B86,0x2A84,0x2A64,
  0x5BAA,0x7C0E,0xF81F,0xF81F,0xF81F,0xF81F,0x19A2,0x4B46,0x958E,0x9DCE,0xCED4,0xDF55,0xEF96,0xEF97,0xE797,0xCF34,
  0xBF12,0xB6F0,0x9E6E,0x7D6B,0x5408,0x1A61,0x4BC5,0x64A7,0x7D49,0x7D49,0x4BC4,0x4383,0x6CC8,0x7D29,0xBF11,0xBF12,
  0xBF12,0xBEF2,0xB6B2,0x6429,0x2AA3,0x5C08,0x7D2B,0xB6F2,0xB712,0xB712,0xB712,0x960F,0x95EF,0x750C,0x3B45,0x2A82,
  0x7CEC,0xBEF3,0xB6F1,0xB6F0,0xB6CF,0xA68E,0x6CA7,0x5C67,0x3B42,0x43A3,0x7507,0x6D07,0x74E9,0x32C2,0x2AA2,0x74EA,
  0x95ED,0xB6D2,0xC713,0xE7B7,0xEFB7,0xF7B7,0xEF97,0xE7B7,0xC714,0xBF13,0x648A,0x74AB,0x2A64,0x1983,0xF81F,0xF81F,
  0xF81F,0x5B69,0x2A63,0x53A6,0x9DAD,0xA60F,0xDF35,0xE776,0xF7B7,0xEF97,0xE7B7,0xC733,0xBF12,0xB6D0,0x9E6E,0x7D6B,
  0x5408,0x2261,0x4BA5,0x64A6,0x7D69,0x858A,0x5425,0x4BE4,0x5C46,0x6487,0xB6D1,0xBF12,0xC732,0xC732,0xC734,0x7CEB,
  0x4B66,0x4346,0x53E7,0x9E0F,0x9E2F,0x9E30,0xA650,0x856D,0x856D,0x5C29,0x4B87,0x53C7,0x958D,0xCF33,0xBF11,0xBF11,
  0xAEAF,0xA66E,0x5405,0x5405,0x4BC4,0x5404,0x7527,0x7528,0x74E9,0x32C3,0x2A82,0x74EA,0x960D,0xB6F2,0xC714,0xDF76,
  0xEF77,0xF797,0xF778,0xE776,0xC713,0xBF12,0x856C,0x8D6D,0x3AC4,0x2203,0x63CB,0xF81F,0xF81F,0x19C1,0x6CA9,0x854B,
  0xB6B1,0xBEF2,0xD734,0xE796,0xEFD6,0xCF34,0xC733,0xBF12,0xBF32,0xB6F0,0x9E6E,0x856B,0x5C28,0x2262,0x5406,0x7508,
  0x8DEB,0x962C,0x85AB,0x858B,0x5405,0x5405,0x6487,0x9E0D,0xBF32,0xC753,0xCF54,0xC6F3,0xAE31,0x5BC8,0x2A82,0x3B04,
  0x4345,0x4344,0x4B45,0x4345,0x3B05,0x3AE4,0x7CAB,0xC734,0xC733,0xC733,0xAED0,0xA66E,0x858B,0x7529,0x4383,0x5405,
  0x8DAB,0x85AA,0x960B,0x85A9,0x74E8,0x32C3,0x2A82,0x74EA,0x960D,0xB6F2,0xBF33,0xC713,0xCF14,0xEF96,0xE776,0xDF75,
  0xC713,0xBF12,0xAED0,0xAEB1,0x7D0B,0x6C8B,0x19A2,0x52EA,0x4AC8,0x19C1,0x6CA9,0x854B,0xB6B1,0xB6D2,0xC6F3,0xDFB5,
  0xE7D6,0xC753,0xBF12,0xBF12,0xBF12,0xB6F0,0x9E6E,0x858B,0x5C28,0x2261,0x5C06,0x7D28,0x8DCB,0x962C,0x8DCB,0x858B,
  0x5C25,0x5404,0x6466,0x960D,0xBF32,0xBF12,0xCF34,0xD734,0xCF14,0x7C6A,0x3AC3,0x4324,0x4365,0x4364,0x4364,0x4345,
  0x4325,0x4B25,0x84CB,0xCF34,0xC733,0xC753,0xAED0,0xA68F,0x858B,0x7D4A,0x43A3,0x5C25,0x8DEC,0x858A,0x95EC,0x85A9,
  0x74E8,0x32C3,0x2A82,0x74EA,0x960D,0xB712,0xBF33,0xBF13,0xCF34,0xE7D6,0xE7B6,0xDF95,0xC733,0xBF11,0xAEB0,0xAED0,
  0x854B,0x74AB,0x19A2,0x52EA,0x4AE8,0x19E1,0x74CA,0x8D8C,0xAEB0,0xB6F2,0xBEF2,0xC712,0xBF12,0xBF12,0xBF12,0xBF12,
  0xBF12,0xAED0,0x9E6E,0x858B,0x5C28,0x2261,0x6467,0x8DAB,0xAED0,0xBF31,0xB711,0xBF32,0x960C,0x858A,0x5C65,0x5C45,
  0x5C26,0x852A,0xCF54,0xDF75,0xE7B6,0xDF56,0xDF76,0xAE30,0x9DEE,0x9DEE,0x960E,0x9DEE,0xB691,0xD775,0xCF54,0xCF74,
  0xBEF1,0xAEAF,0x752A,0x6487,0x4BE5,0x4BE5,0x7D4B,0x960D,0xB711,0xB6F0,0xB6F0,0x960C,0x7D29,0x32C3,0x2262,0x74E9,
  0x960D,0xB711,0xBF32,0xBF32,0xBF12,0xC713,0xC713,0xC713,0xBF12,0xB711,0xAEB0,0xAEB0,0x854B,0x6C8A,0x1982,0x52EA,
  0x4AC8,0x19E1,0x74CA,0x8D8C,0xB6D0,0xB6F1,0xBF12,0xB712,0xB712,0xB712,0xB712,0xAED0,0xAED0,0xAEAF,0x9E4D,0x85AC,
  0x5C28,0x2281,0x6488,0x8DAC,0xB6D1,0xBF32,0xBF12,0xBF32,0xA66F,0x9E2D,0x6CC7,0x64A6,0x6466,0x74E9,0xB690,0xCF13,
  0xDF75,0xE756,0xEFB7,0xC692,0xB630,0xB650,0xB650,0xB650,0xC6F3,0xDF95,0xCF33,0xC753,0xA68F,0x9E4E,0x64A8,0x5C26,
  0x5C46,0x6467,0x95ED,0xA66F,0xB732,0xB711,0xB6F1,0x962C,0x7D4A,0x32C4,0x2262,0x74E9,0x960C,0xA68E,0xAEF0,0xB711,
  0xB6F1,0xBF12,0xBEF2,0xBF12,0xB711,0xB711,0xA68F,0xA68F,0x7D2A,0x6C8A,0x1982,0x52EA,0x4AE8,0x19E1,0x74EB,0x8DAC,
  0xB6F1,0xB6F1,0xB711,0xB711,0xB711,0xB711,0xB711,0x9E4E,0x9E2E,0x9E4E,0x960D,0x858B,0x5408,0x2261,0x6468,0x8DAC,
  0xB6D1,0xBF33,0xBF12,0xBF12,0xB711,0xB731,0x9E4D,0x8DEB,0x7D49,0x5405,0x4B63,0x8D4C,0xBED2,0xD735,0xDF96,0xE796,
  0xE776,0xE776,0xE776,0xDF96,0xD775,0xD775,0xAE70,0x9E0E,0x5406,0x4BC5,0x6486,0x7529,0x960C,0xA66E,0xB711,0xB731,
  0xB731,0xBF32,0xBF32,0xA68E,0x8DAC,0x32E4,0x2262,0x6CC9,0x8DEC,0x9E2D,0x9E6E,0x9E6E,0xA68F,0xB732,0xB711,0xB711,
  0xB711,0xB711,0x960D,0x95ED,0x7D0A,0x6C8A,0x19A2,0x530A,0x4AE9,0x19E1,0x74CA,0x856B,0xA66F,0xA68F,0xAE8F,0xAEAF,
  0xAEAF,0xAEAF,0xAEAF,0x9E4E,0x9E2D,0x9E4E,0x8DCC,0x64A8,0x43A6,0x2262,0x6CC9,0x9E2E,0xB6D1,0xBF12,0xBF12,0xBF12,
  0xB711,0xBF31,0xAEAF,0xA68E,0x95EC,0x7529,0x6466,0x7D2A,0x95CD,0xAE91,0xC733,0xD774,0xD755,0xD754,0xD755,0xD775,
  0xC734,0xC733,0x9E0E,0x858B,0x6CE9,0x6CE9,0x8DAB,0x960D,0xA6AF,0xAEAF,0xB711,0xB711,0xB711,0xB711,0xBF32,0xB6F0,
  0xA68F,0x3B25,0x2A62,0x5C47,0x752A,0x960D,0x962D,0x962D,0x9E6E,0xAEF0,0xAED0,0xAECF,0xAECF,0xAEAF,0x95EC,0x8DCC,
  0x6CC9,0x646A,0x19A2,0x530A,0x4B09,0x11C1,0x5C07,0x74E9,0x95ED,0x960D,0x9E0D,0x9E2D,0x9E2D,0x9E2D,0x9E2D,0x9E2D,
  0x9E2D,0x95ED,0x7D4A,0x4BC5,0x3B25,0x2AA3,0x858D,0xBF32,0xBF32,0xBF12,0xBF12,0xBF12,0xBF11,0xBF31,0xBF11,0xB6F0,
  0xAEEF,0x9E4D,0x960C,0x5C66,0x4383,0x74E8,0x9DED,0xBF32,0xBF12,0xB712,0xB712,0xBF33,0xAEB0,0x95ED,0x6487,0x4BC3,
  0x7D29,0x960D,0xA68F,0xAEB0,0xB711,0xB711,0xB732,0xB712,0xB712,0xBF31,0xBF32,0xB710,0xAEB0,0x3B05,0x2242,0x4BA5,
  0x5C47,0x85AC,0x95EC,0x960C,0x962C,0x962D,0x9E2D,0x9E2D,0x9E2D,0x9E2D,0x95EC,0x8DCC,0x6468,0x5C28,0x19A2,0x530A,
  0x5309,0x19A1,0x53E8,0x6CA9,0x8DCD,0x95EC,0x9E2D,0x9E2D,0x9E2D,0x9E2D,0x9E2D,0x8DED,0x8DCD,0x7D4B,0x648A,0x4366,
  0x4365,0x4BA5,0x8DCD,0xBF32,0xBF32,0xBF12,0xBF12,0xBF12,0xC713,0xC732,0xBF12,0xBEF1,0xB711,0xA6AF,0x9E6E,0x7D2A,
  0x6CA7,0x6CC8,0x74E9,0x95ED,0x8DCD,0x8DCD,0x8DCD,0x8DED,0x8DCD,0x7D4B,0x7509,0x7D2A,0x9E0D,0xAE8F,0xAEB0,0xB6D1,
  0xBF12,0xBF12,0xBF12,0xB732,0xB732,0xB712,0xB732,0xB711,0xAED0,0x6468,0x3B25,0x3B25,0x3B45,0x6CEA,0x7D4A,0x8DEC,
  0x8DEB,0x9E2C,0x962C,0x962C,0x962C,0x960D,0x8D8C,0x858C,0x5C28,0x5C09,0x19A2,0x530A,0x4AA9,0x1141,0x4326,0x53E7,
  0x74EA,0x7D2A,0x960D,0x960D,0x9E2D,0x9E2D,0x9E4E,0x7D6C,0x7D4B,0x5C28,0x3B46,0x1201,0x3B24,0x6C88,0x960D,0xBF32,
  0xBF12,0xBF12,0xC713,0xC6F3,0xDF75,0xDF75,0xCF54,0xCF53,0xC733,0xBF32,0xBF52,0xA66F,0x9E0E,0x7509,0x5405,0x5405,
  0x5425,0x5426,0x5C26,0x5C26,0x5C26,0x6467,0x856B,0xB6F1,0xBEF2,0xBEF2,0xC712,0xC713,0xC713,0xBF13,0xBEF2,0xB712,
  0xB732,0xB712,0xB712,0xB711,0xA6AF,0x74E9,0x6469,0x3B05,0x3B05,0x5C28,0x6488,0x8DCC,0x8DEC,0x962C,0x962C,0x962C,
  0x962D,0x9E2D,0x750A,0x6CCA,0x4B86,0x4348,0x19A2,0x52EA,0xF81F,0x534A,0x19E2,0x32E4,0x5408,0x64AA,0x7D4B,0x856C,
  0x95ED,0x8DCC,0x8DCD,0x6CCA,0x64AA,0x53E9,0x3B06,0x1A02,0x3B03,0x6CA8,0x9E0E,0xB711,0xBF12,0xC713,0xDF96,0xE776,
  0xEF97,0xEF97,0xDF75,0xD775,0xC733,0xBF12,0xBF32,0xB6F1,0xB6F1,0x9E2E,0x85AB,0x7508,0x7508,0x7508,0x7508,0x7508,
  0x7D49,0x95EC,0xA64F,0xC6F2,0xD754,0xDF76,0xE776,0xE776,0xDF76,0xD775,0xBF13,0xBF12,0xBF32,0xB712,0xB712,0xB6F1,
  0xA6AF,0x7509,0x6468,0x2AA3,0x2242,0x4366,0x4BE6,0x6488,0x7509,0x858B,0x85AB,0x85AB,0x7529,0x752A,0x5C48,0x5C4A,
  0x2243,0x21E3,0xF81F,0xF81F,0xF81F,0xF81F,0x1142,0x2244,0x4367,0x5C2A,0x6CCB,0x7D2C,0x85AD,0x7D6C,0x858D,0x5C48,
  0x5408,0x4BA8,0x32C6,0x1A02,0x4B85,0x7D4A,0xA66F,0xBF12,0xC733,0xCF13,0xEF97,0xF798,0xF7B8,0xF7B8,0xE796,0xD775,
  0xC733,0xBF12,0xBF32,0xBF32,0xBF32,0xAED0,0xA6AF,0x8DEB,0x8DCA,0x8589,0x7D69,0x8569,0x8DAB,0xA66F,0xBEB1,0xCF14,
  0xDF36,0xEF98,0xF778,0xEF98,0xEF97,0xDF97,0xC713,0xBF12,0xBF12,0xB712,0xB712,0xB6F1,0xAEAF,0x74E9,0x6468,0x2AC3,
  0x2262,0x4387,0x4BE7,0x5427,0x64C9,0x7D4A,0x7D4B,0x7D6B,0x6CC9,0x6CCA,0x4BA8,0x53CA,0x19C3,0x1943,0xF81F,0xF81F,
  0xF81F,0xF81F,0xF81F,0x5BAB,0x2223,0x2AA5,0x53E8,0x5408,0x5428,0x5428,0x5448,0x53E8,0x53E8,0x53C9,0x32E6,0x11E1,
  0x4B84,0x7D4A,0xA64F,0xBF12,0xCF54,0xDF75,0xEF97,0xF798,0xF798,0xF7B8,0xE796,0xD755,0xC733,0xBF12,0xBF32,0xBF32,
  0xBF32,0xB711,0xB731,0xA68E,0x962C,0x64A6,0x6CC7,0xA68E,0xA68F,0xBEF1,0xCF33,0xE7B7,0xEF97,0xF798,0xF778,0xF798,
  0xEF97,0xDF96,0xC713,0xBF12,0xBF32,0xBF12,0xBF12,0xB711,0xB711,0x8DCC,0x856B,0x32E3,0x2262,0x4366,0x4BC7,0x4BE7,
  0x5407,0x5406,0x5C48,0x6489,0x5C48,0x5409,0x11C2,0x19A3,0x536B,0x6BCD,0xF81F,0xF81F,0xF81F,0xF81F,0xF81F,0xF81F,
  0x21E4,0x3285,0x4BA9,0x4BC8,0x4BE8,0x4BE8,0x4C08,0x4BE8,0x4BC8,0x4367,0x32E5,0x32C3,0x6467,0xA64D,0xB6F1,0xC713,
  0xD775,0xE776,0xEF97,0xF7B7,0xEFB7,0xEFB7,0xDF75,0xD754,0xC733,0xBF12,0xB732,0xBF32,0xBF32,0xB732,0xB732,0xAED0,
  0x9E4E,0x6487,0x6CA7,0xAED0,0xB6B0,0xC6F2,0xD734,0xEF97,0xEF97,0xF778,0xF777,0xEF97,0xE796,0xDF96,0xBF13,0xBF12,
  0xB732,0xB712,0xB712,0xB711,0xB711,0x9E4D,0x95ED,0x3B44,0x2AA2,0x3B45,0x4386,0x4BE7,0x4BE7,0x4BE7,0x5408,0x5C29,
  0x5409,0x53C9,0x21C3,0x29C5,0xF81F,0xF81F,0xF81F,0xF81F,0xF81F,0xF81F,0xF81F,0xF81F,0xF81F,0x2204,0x11C2,0x32C5,
  0x43A8,0x43A7,0x43A7,0x43A7,0x4387,0x1201,0x32E4,0x6C89,0x8D8B,0xA68E,0xBF11,0xCF13,0xDF75,0xE776,0xEF76,0xEF76,
  0xE776,0xDF96,0xCF33,0xC713,0xBF12,0xBF32,0xBF32,0xBF32,0xBF32,0xB732,0xB732,0xB712,0xA6B0,0x6CA8,0x6CA8,0xB6F1,
  0xBF12,0xDF75,0xE775,0xEF97,0xF797,0xF777,0xEF96,0xE796,0xCF14,0xC713,0xBF12,0xB732,0xBF32,0xBF12,0xBF12,0xB712,
  0xB711,0x9E2D,0x9E2D,0x74E9,0x6CAA,0x2AA3,0x1A42,0x43A7,0x4BC7,0x4BE8,0x4BC8,0x4BA8,0x1A02,0x19C2,0x7C8F,0xF81F,
  0xF81F,0xF81F,0xF81F,0xF81F,0xF81F,0xF81F,0xF81F,0xF81F,0xF81F,0x2164,0x1162,0x3AC7,0x4B89,0x4BA8,0x4387,0x43A7,
  0x4387,0x19E1,0x3B03,0x6CC8,0x8DAA,0xAE8E,0xBF12,0xC734,0xDF96,0xE796,0xEF96,0xEF96,0xDF96,0xD7B5,0xBF33,0xBF12,
  0xBF32,0xBF12,0xBF12,0xBF12,0xBF12,0xBF12,0xBF12,0xBF12,0xA690,0x6488,0x6CA8,0xB6D1,0xC6F2,0xDF75,0xE776,0xEF77,
  0xEF97,0xEF97,0xE795,0xDF95,0xC733,0xBF12,0xBF12,0xBF32,0xBF12,0xBF12,0xBF12,0xB712,0xB711,0x9E2C,0x960C,0x7508,
  0x74EA,0x2AA3,0x2263,0x4387,0x4BA7,0x5C0A,0x53C9,0x53A9,0x19C3,0x21A4,0x8470,0xF81F,0xF81F,0xF81F,0xF81F,0xF81F,
  0xF81F,0xF81F,0xF81F,0xF81F,0xF81F,0xF81F,0xF81F,0x3A67,0x1182,0x11C2,0x11C1,0x4388,0x4B88,0x11C1,0x3B24,0x858B,
  0x960B,0xA68E,0xBF11,0xC713,0xCF34,0xD734,0xDF75,0xDF75,0xCF13,0xC713,0xBF12,0xBF32,0xBF32,0xBF12,0xBF12,0xBF12,
  0xBF12,0xB712,0xB712,0xB712,0xA690,0x6488,0x6CA8,0xB6D1,0xC6F2,0xDF75,0xE756,0xEF97,0xEF96,0xE796,0xCF33,0xC6F2,
  0xBF12,0xBF12,0xBF12,0xBF12,0xBF12,0xBF12,0xBF12,0xBF12,0xBF11,0x9E2D,0x9E2C,0x7D49,0x750A,0x2AA3,0x1A23,0x4BA8,
  0x4347,0x19E3,0x21E3,0x1982,0x5B6A,0xF81F,0xF81F,0xF81F,0xF81F,0xF81F,0xF81F,0xF81F,0xF81F,0xF81F,0xF81F,0xF81F,
  0xF81F,0xF81F,0xF81F,0x31E6,0x4268,0x3A66,0x3246,0x3AE7,0x3AE6,0x11C1,0x3B24,0x8D8B,0x960B,0xA68E,0xBF11,0xBF33,
  0xBF33,0xC733,0xD754,0xCF74,0xC732,0xBF32,0xBF32,0xBF32,0xBF32,0xBF12,0xBF32,0xBF32,0xBF32,0xBF32,0xBF32,0xBF32,
  0xAEB0,0x6488,0x6CC9,0xB6F2,0xC6F3,0xE776,0xEF56,0xEF96,0xDF75,0xCF54,0xC733,0xBEF2,0xBF12,0xB712,0xB712,0xBF12,
  0xBF12,0xBF13,0xBF12,0xBF32,0xBF11,0x9E4D,0x9E4C,0x8569,0x7D2A,0x2A83,0x19E3,0x4B48,0x4308,0x19A4,0x21A4,0x2184,
  0xF81F,0xF81F,0xF81F,0xF81F,0xF81F,0xF81F,0xF81F,0xF81F,0xF81F,0xF81F,0xF81F,0xF81F,0xF81F,0xF81F,0xF81F,0xF81F,
  0xF81F,0xF81F,0xF81F,0x2A05,0x0941,0x11A1,0x3B24,0x858A,0x960B,0x9E6D,0xB6F1,0xBF32,0xBF32,0xBF12,0xBF12,0xBF12,
  0xB712,0xB732,0xBF32,0xBF32,0xBF32,0xBF12,0xB712,0xBF12,0xBF32,0xBF12,0xBF32,0xBF12,0xAE90,0x6488,0x6CA8,0xB6F2,
  0xC713,0xDF95,0xE775,0xE795,0xD754,0xBEF2,0xBF12,0xB712,0xB712,0xB712,0xB712,0xBF12,0xBF12,0xBF12,0xBF12,0xBF32,
  0xBF31,0x9E4D,0x9E4C,0x8589,0x7D4B,0x2263,0x11A2,0x1182,0x1983,0xF81F,0xF81F,0xF81F,0xF81F,0xF81F,0xF81F,0xF81F,
  0xF81F,0xF81F,0xF81F,0xF81F,0xF81F,0xF81F,0xF81F,0xF81F,0xF81F,0xF81F,0xF81F,0xF81F,0xF81F,0xF81F,0xF81F,0xF81F,
  0x4B2A,0x11A1,0x3B04,0x858A,0x8DEA,0x9E4C,0xB6F1,0xB712,0xBF32,0xBF32,0xB712,0xB732,0xB732,0xB732,0xBF32,0xBF32,
  0xBF32,0xBF12,0xB712,0xB712,0xB712,0xBF12,0xBF32,0xBF12,0xA690,0x6488,0x6CA8,0xB712,0xBF13,0xCF54,0xD754,0xCF54,
  0xC733,0xBF12,0xB712,0xB712,0xB712,0xB712,0xBF12,0xBF12,0xBF12,0xBF12,0xBF12,0xB710,0xB6EF,0x9E2C,0x9E2C,0x8589,
  0x7D4A,0x2263,0x19A3,0x4B29,0x5B6B,0xF81F,0xF81F,0xF81F,0xF81F,0xF81F,0xF81F,0xF81F,0xF81F,0xF81F,0xF81F,0xF81F,
  0xF81F,0xF81F,0xF81F,0xF81F,0xF81F,0xF81F,0xF81F,0xF81F,0xF81F,0xF81F,0xF81F,0xF81F,0xAE15,0x11A1,0x3B04,0x856A,
  0x8DEA,0x9E4C,0xB6F1,0xBF32,0xBF12,0xB712,0xB732,0xB732,0xB732,0xB732,0xB732,0xB732,0xB732,0xB732,0xB732,0xB732,
  0xB712,0xBF12,0xB712,0xBF32,0xAEB0,0x6488,0x6CA8,0xBF12,0xBF12,0xBF12,0xBEF2,0xBF12,0xBF12,0xBF12,0xBF12,0xBF12,
  0xBF12,0xBF12,0xBF12,0xB712,0xB712,0xBF12,0xBF31,0xA66E,0x960B,0x9E2B,0x9E4C,0x8589,0x7D4B,0x2243,0x19A3,0xF81F,
  0xF81F,0xF81F,0xF81F,0xF81F,0xF81F,0xF81F,0xF81F,0xF81F,0xF81F,0xF81F,0xF81F,0xF81F,0xF81F,0xF81F,0xF81F,0xF81F,
  0xF81F,0xF81F,0xF81F,0xF81F,0xF81F,0xF81F,0xF81F,0xF81F,0xADF5,0x11A1,0x3B03,0x7D49,0x85A9,0x962B,0xAECF,0xB6F1,
  0xB712,0xB712,0xB712,0xB732,0xB732,0xB732,0xB732,0xB732,0xB732,0xB732,0xB732,0xB712,0xB712,0xB712,0xBF32,0xB711,
  0xA66F,0x6488,0x6CA8,0xB712,0xBF12,0xBF12,0xBF12,0xBF12,0xBF12,0xBF12,0xB712,0xBF12,0xBF12,0xBF12,0xB712,0xB711,
  0xB711,0xB711,0xB711,0xA66E,0x960B,0x9E4B,0x9E4B,0x8589,0x854B,0x2A63,0x19A3,0xF81F,0xF81F,0xF81F,0xF81F,0xF81F,
  0xF81F,0xF81F,0xF81F,0xF81F,0xF81F,0xF81F,0xF81F,0xF81F,0xF81F,0xF81F,0xF81F,0xF81F,0xF81F,0xF81F,0xF81F,0xF81F,
  0xF81F,0xF81F,0xF81F,0xF81F,0xF81F,0x11C2,0x3B04,0x7D49,0x85A9,0x962B,0xA6AE,0xAEF0,0xB712,0xB711,0xB712,0xB732,
  0xB732,0xB732,0xBF12,0xBF12,0xB712,0xB712,0xB712,0xB712,0xB712,0xB712,0xB711,0xAEF0,0x9E6F,0x6488,0x6CA8,0xB731,
  0xBF32,0xBF12,0xBF12,0xBF12,0xBF12,0xBF12,0xBF12,0xBF12,0xBF12,0xBF12,0xB712,0xB711,0xB711,0xB711,0xB711,0xA66E,
  0x960B,0x9E2B,0x9E4C,0x858A,0x856C,0x2A63,0x19A3,0xF81F,0xF81F,0xF81F,0xF81F,0xF81F,0xF81F,0xF81F,0xF81F,0xF81F,
  0xF81F,0xF81F,0xF81F,0xF81F,0xF81F,0xF81F,0xF81F,0xF81F,0xF81F,0xF81F,0xF81F,0xF81F,0xF81F,0xF81F,0xF81F,0xF81F,
  0xF81F,0x11C2,0x32E3,0x6CA8,0x7D48,0x960B,0x9E4C,0x9E4E,0xAED0,0xB711,0xB712,0xB712,0xB712,0xB712,0xBF13,0xBF12,
  0xB712,0xB712,0xB712,0xB711,0xB712,0xB712,0xAED0,0x9E2E,0x8DAC,0x5C26,0x5C26,0x9E2D,0xA6AF,0xB711,0xB711,0xBF12,
  0xBF12,0xBF12,0xBF12,0xBF12,0xBF12,0xB712,0xB712,0xB711,0xB711,0xAEEF,0x9E6D,0x9E2C,0x962B,0x962B,0x960B,0x7D49,
  0x856B,0x2242,0x19A3,0xF81F,0xF81F,0xF81F,0xF81F,0xF81F,0xF81F,0xF81F,0xF81F,0xF81F,0xF81F,0xF81F,0xF81F,0xF81F,
  0xF81F,0xF81F,0xF81F,0xF81F,0xF81F,0xF81F,0xF81F,0xF81F,0xF81F,0xF81F,0xF81F,0xF81F,0xF81F,0x11C2,0x32C3,0x5C26,
  0x6CE7,0x8DCA,0x9E2B,0x960C,0xAEEF,0xB731,0xBF32,0xBF32,0xBF13,0xBF13,0xBF13,0xBF12,0xB712,0xB712,0xB711,0xB711,
  0xB711,0xB711,0xB6D0,0x95CC,0x854B,0x53E6,0x53E5,0x8DAB,0xA68E,0xBF31,0xB711,0xB711,0xB712,0xBF12,0xBF12,0xBF12,
  0xBF12,0xBF12,0xBF12,0xB711,0xB710,0xAECE,0x960B,0x962B,0x962B,0x960B,0x8DCB,0x64A7,0x6489,0x2222,0x19A3,0xF81F,
  0xF81F,0xF81F,0xF81F,0xF81F,0xF81F,0xF81F,0xF81F,0xF81F,0xF81F,0xF81F,0xF81F,0xF81F,0xF81F,0xF81F,0xF81F,0xF81F,
  0xF81F,0xF81F,0xF81F,0xF81F,0xF81F,0xF81F,0xF81F,0xF81F,0xF81F,0x11A1,0x32A3,0x5C06,0x6CC7,0x8DCA,0x9E0B,0x9E2C,
  0x9E4C,0x9E4D,0x9E4E,0xA66E,0xB712,0xBF32,0xB712,0xB712,0xBF12,0xBF12,0xB711,0xA68F,0x962D,0x962C,0x9E2C,0x8DAB,
  0x7D2A,0x53E5,0x53E5,0x858A,0x8DEB,0x960C,0xA68E,0xB711,0xBF12,0xBF12,0xBF12,0xBF12,0xBF12,0xBF12,0xBF11,0xB6F0,
  0x962C,0x9E2B,0x962B,0x962B,0x962A,0x8589,0x7509,0x6468,0x5C29,0x2223,0x21A4,0xF81F,0xF81F,0xF81F,0xF81F,0xF81F,
  0xF81F,0xF81F,0xF81F,0xF81F,0xF81F,0xF81F,0xF81F,0xF81F,0xF81F,0xF81F,0xF81F,0xF81F,0xF81F,0xF81F,0xF81F,0xF81F,
  0xF81F,0xF81F,0xF81F,0xF81F,0xF81F,0x1982,0x3285,0x5C08,0x6CA8,0x8569,0x960A,0x962B,0x962B,0x962B,0x962C,0x9E2D,
  0xB6F0,0xB711,0xB711,0xB711,0xB711,0xB711,0xB730,0x9E6E,0x960C,0x95EB,0x95EB,0x856A,0x74EA,0x53E6,0x53E6,0x858B,
  0x8DCB,0x8DCB,0xA66D,0xB730,0xB731,0xBF31,0xBF31,0xBF31,0xBF11,0xB711,0xBF31,0xAEEF,0x960B,0x962B,0x962B,0x962B,
  0x962B,0x856A,0x750A,0x4BA7,0x4327,0x3266,0x31E6,0xF81F,0xF81F,0xF81F,0xF81F,0xF81F,0xF81F,0xF81F,0xF81F,0xF81F,
  0xF81F,0xF81F,0xF81F,0xF81F,0xF81F,0xF81F,0xF81F,0xF81F,0xF81F,0xF81F,0xF81F,0xF81F,0xF81F,0xF81F,0xF81F,0xF81F,
  0xF81F,0xF81F,0x6C2C,0x11A1,0x2AC2,0x6467,0x8589,0x962A,0x962A,0x962B,0x9E2B,0x962B,0x9E2C,0x960C,0x960C,0x960C,
  0x962C,0x962C,0x962C,0x960B,0x960B,0x7D29,0x6CE8,0x4363,0x4385,0x53C7,0x4BC6,0x3B43,0x5405,0x7529,0x85AA,0x962C,
  0x962C,0x962C,0x9E2C,0x9E2C,0x9E2C,0x9E2C,0x9E2C,0x962B,0x960B,0x962B,0x962B,0x960A,0x8DEA,0x6466,0x5C48,0x2A43,
  0x1161,0x744E,0xF81F,0xF81F,0xF81F,0xF81F,0xF81F,0xF81F,0xF81F,0xF81F,0xF81F,0xF81F,0xF81F,0xF81F,0xF81F,0xF81F,
  0xF81F,0xF81F,0xF81F,0xF81F,0xF81F,0xF81F,0xF81F,0xF81F,0xF81F,0xF81F,0xF81F,0xF81F,0xF81F,0xF81F,0x532A,0x1161,
  0x2AA3,0x5C67,0x7D8A,0x962A,0x962B,0x962B,0x962B,0x962B,0x962B,0x962A,0x962B,0x962B,0x962B,0x962B,0x960B,0x960B,
  0x8DEC,0x6CE9,0x6488,0x4365,0x4BC7,0x5C28,0x5C08,0x3303,0x4385,0x64A8,0x7D69,0x962B,0x9E2B,0x9E2B,0x9E2B,0x9E2B,
  0x962B,0x962B,0x9E2B,0x962B,0x962B,0x962A,0x962B,0x8E0B,0x7D69,0x5406,0x53C7,0x2223,0x1162,0x742E,0xF81F,0xF81F,
  0xF81F,0xF81F,0xF81F,0xF81F,0xF81F,0xF81F,0xF81F,0xF81F,0xF81F,0xF81F,0xF81F,0xF81F,0xF81F,0xF81F,0xF81F,0xF81F,
  0xF81F,0xF81F,0xF81F,0xF81F,0xF81F,0xF81F,0xF81F,0xF81F,0xF81F,0xF81F,0xF81F,0x1141,0x2A84,0x5C68,0x6D09,0x6D06,
  0x8DEA,0x964B,0x962B,0x962B,0x964B,0x964B,0x964B,0x964B,0x964B,0x964B,0x8589,0x858A,0x7D6B,0x43A5,0x2AC2,0x648A,
  0x74EB,0x74EB,0x7D2C,0x5C28,0x43A5,0x2AC1,0x64A7,0x95EB,0x960B,0x9E2B,0x962B,0x9E2C,0x9E2C,0x9E2C,0x9E2C,0x9E2C,
  0x962B,0x964B,0x962B,0x960C,0x6CE9,0x4BE6,0x53C8,0x21E3,0x1963,0x740E,0xF81F,0xF81F,0xF81F,0xF81F,0xF81F,0xF81F,
  0xF81F,0xF81F,0xF81F,0xF81F,0xF81F,0xF81F,0xF81F,0xF81F,0xF81F,0xF81F,0xF81F,0xF81F,0xF81F,0xF81F,0xF81F,0xF81F,
  0xF81F,0xF81F,0xF81F,0xF81F,0xF81F,0xF81F,0xF81F,0x42C8,0x4328,0x5C09,0x6489,0x6CC7,0x8DEA,0x962B,0x962A,0x962B,
  0x962B,0x960C,0x960A,0x960A,0x960A,0x960B,0x858A,0x7509,0x6CC9,0x4B85,0x3B03,0x74EB,0x7D2C,0x854C,0x856C,0x6CCA,
  0x5427,0x3302,0x5C67,0x7D4A,0x8DCB,0x960B,0x960B,0x960B,0x960B,0x960B,0x960B,0x960B,0x960B,0x960B,0x960B,0x858A,
  0x64A8,0x4366,0x4306,0x4B08,0x3A68,0xF81F,0xF81F,0xF81F,0xF81F,0xF81F,0xF81F,0xF81F,0xF81F,0xF81F,0xF81F,0xF81F,
  0xF81F,0xF81F,0xF81F,0xF81F,0xF81F,0xF81F,0xF81F,0xF81F,0xF81F,0xF81F,0xF81F,0xF81F,0xF81F,0xF81F,0xF81F,0xF81F,
  0xF81F,0xF81F,0xF81F,0xF81F,0x5BAB,0x11A1,0x2AA3,0x3B44,0x6CE9,0x7D49,0x7D47,0x7547,0x7527,0x7528,0x7547,0x7527,
  0x7528,0x7529,0x7509,0x4BA5,0x2AA2,0x53E7,0x7D0B,0x95EF,0x9E50,0x9E2F,0x9E4F,0x962E,0x8DCD,0x752B,0x4385,0x2AE1,
  0x5C46,0x7508,0x7527,0x7527,0x7527,0x7527,0x7527,0x7527,0x7527,0x7508,0x7529,0x6CE9,0x4BE7,0x1A02,0x19A2,0xF81F,
  0xF81F,0xF81F,0xF81F,0xF81F,0xF81F,0xF81F,0xF81F,0xF81F,0xF81F,0xF81F,0xF81F,0xF81F,0xF81F,0xF81F,0xF81F,0xF81F,
  0xF81F,0xF81F,0xF81F,0xF81F,0xF81F,0xF81F,0xF81F,0xF81F,0xF81F,0xF81F,0xF81F,0xF81F,0xF81F,0xF81F,0xF81F,0xF81F,
  0x5B6B,0x1181,0x2A83,0x3B24,0x43A6,0x4BC5,0x7529,0x7528,0x7528,0x7548,0x7528,0x7529,0x7529,0x6CE9,0x5406,0x53E6,
  0x4BC6,0x74CA,0x8DAE,0xA650,0xA690,0xA690,0xAE90,0xA68F,0x9E4F,0x8DEE,0x6489,0x4BE6,0x4BE5,0x43A4,0x64A6,0x7507,
  0x7508,0x7508,0x7508,0x7508,0x7508,0x74E9,0x53C5,0x53E5,0x43A6,0x1A02,0x19A3,0xF81F,0xF81F,0xF81F,0xF81F,0xF81F,
  0xF81F,0xF81F,0xF81F,0xF81F,0xF81F,0xF81F,0xF81F,0xF81F,0xF81F,0xF81F,0xF81F,0xF81F,0xF81F,0xF81F,0xF81F,0xF81F,
  0xF81F,0xF81F,0xF81F,0xF81F,0xF81F,0xF81F,0xF81F,0xF81F,0xF81F,0xF81F,0xF81F,0xF81F,0x5B6B,0x11A1,0x2262,0x3B24,
  0x2281,0x22A1,0x752A,0x7529,0x7529,0x7529,0x7529,0x7529,0x750A,0x64A8,0x32E2,0x6469,0x856D,0x9E2F,0xA670,0xBF12,
  0xBF12,0xB712,0xBF12,0xBF32,0xB712,0xA690,0x8DCD,0x858C,0x4BE6,0x2280,0x6487,0x7509,0x74E9,0x74E9,0x7509,0x7509,
  0x7509,0x6CE9,0x2260,0x2AA1,0x3B44,0x1A02,0x19A2,0xF81F,0xF81F,0xF81F,0xF81F,0xF81F,0xF81F,0xF81F,0xF81F,0xF81F,
  0xF81F,0xF81F,0xF81F,0xF81F,0xF81F,0xF81F,0xF81F,0xF81F,0xF81F,0xF81F,0xF81F,0xF81F,0xF81F,0xF81F,0xF81F,0xF81F,
  0xF81F,0xF81F,0xF81F,0xF81F,0xF81F,0xF81F,0xF81F,0xF81F,0xF81F,0x19C2,0x3B45,0x6CC9,0x4BC5,0x4385,0x4BC6,0x4BC6,
  0x4BC6,0x4BC5,0x4BC6,0x4BC6,0x4BC6,0x5407,0x5C48,0x856C,0x95EE,0xB6F2,0xBEF2,0xBF12,0xBF12,0xBF12,0xBF12,0xBF12,
  0xBF12,0xAEB0,0x960D,0x85AC,0x64A9,0x43A6,0x4BA6,0x4BA5,0x4BA5,0x4BA5,0x4BA5,0x4BA5,0x4BA5,0x4BC5,0x5C26,0x6467,
  0x6CCA,0x1A22,0x19A2,0xF81F,0xF81F,0xF81F,0xF81F,0xF81F,0xF81F,0xF81F,0xF81F,0xF81F,0xF81F,0xF81F,0xF81F,0xF81F,
  0xF81F,0xF81F,0xF81F,0xF81F,0xF81F,0xF81F,0xF81F,0xF81F,0xF81F,0xF81F,0xF81F,0xF81F,0xF81F,0xF81F,0xF81F,0xF81F,
  0xF81F,0xF81F,0xF81F,0xF81F,0xF81F,0x11A1,0x4365,0x7529,0x6CE8,0x6CC9,0x2281,0x2261,0x2262,0x1A41,0x2262,0x2262,
  0x2262,0x4345,0x854C,0x9E2F,0xA670,0xB712,0xBEF2,0xC6F3,0xBF13,0xBF33,0xB712,0xBF12,0xB712,0xB712,0xA66F,0x960E,
  0x85AC,0x7D4B,0x3B24,0x2262,0x2262,0x2262,0x2261,0x2262,0x2262,0x2AA1,0x7509,0x7529,0x750A,0x1A01,0x1983,0xF81F,
  0xF81F,0xF81F,0xF81F,0xF81F,0xF81F,0xF81F,0xF81F,0xF81F,0xF81F,0xF81F,0xF81F,0xF81F,0xF81F,0xF81F,0xF81F,0xF81F,
  0xF81F,0xF81F,0xF81F,0xF81F,0xF81F,0xF81F,0xF81F,0xF81F,0xF81F,0xF81F,0xF81F,0xF81F,0xF81F,0xF81F,0xF81F,0xF81F,
  0xF81F,0x1181,0x4325,0x7509,0x6CE7,0x6CC8,0x53E5,0x4BE5,0x4BC5,0x53E6,0x4344,0x4365,0x5C28,0x6CCA,0x95EE,0xB6B1,
  0xBEF2,0xBF12,0xC713,0xD755,0xCF54,0xBF13,0xBF12,0xB712,0xB712,0xB712,0xAED1,0xA6B0,0x9E4F,0x8DED,0x6CC9,0x5C48,
  0x3B44,0x3B43,0x4BE5,0x4BE5,0x53E5,0x53E4,0x6CE8,0x7D49,0x6CE9,0x2202,0x1982,0xF81F,0xF81F,0xF81F,0xF81F,0xF81F,
  0xF81F,0xF81F,0xF81F,0xF81F,0xF81F,0xF81F,0xF81F,0xF81F,0xF81F,0xF81F,0xF81F,0xF81F,0xF81F,0xF81F,0xF81F,0xF81F,
  0xF81F,0xF81F,0xF81F,0xF81F,0xF81F,0xF81F,0xF81F,0xF81F,0xF81F,0xF81F,0xF81F,0xF81F,0xF81F,0x0921,0x3B06,0x6CE9,
  0x6CC8,0x6CC7,0x6CE7,0x7507,0x6CE7,0x7508,0x53E5,0x5406,0x7D4B,0x8DAD,0xA64F,0xB6D1,0xBF13,0xC713,0xCEF3,0xDF75,
  0xD775,0xBEF2,0xBF12,0xBF12,0xB712,0xB712,0xB712,0xB712,0xA690,0x962E,0x858B,0x7D6B,0x5406,0x4BE4,0x6CE7,0x7507,
  0x7507,0x7507,0x6CE7,0x7509,0x74CA,0x19C2,0x1122,0xF81F,0xF81F,0xF81F,0xF81F,0xF81F,0xF81F,0xF81F,0xF81F,0xF81F,
  0xF81F,0xF81F,0xF81F,0xF81F,0xF81F,0xF81F,0xF81F,0xF81F,0xF81F,0xF81F,0xF81F,0xF81F,0xF81F,0xF81F,0xF81F,0xF81F,
  0xF81F,0xF81F,0xF81F,0xF81F,0xF81F,0xF81F,0xF81F,0xF81F,0xF81F,0x5B8B,0x32A6,0x2A82,0x4BA4,0x6487,0x7528,0x7D48,
  0x8589,0x8589,0x5C66,0x64A7,0x95ED,0xA64F,0xBF12,0xC733,0xC733,0xCF34,0xDF55,0xE776,0xD775,0xBEF2,0xBF12,0xB712,
  0xB712,0xB712,0xB712,0xB712,0xB6F1,0xAED1,0x9E2E,0x960D,0x6467,0x5C45,0x7D48,0x7547,0x7507,0x7508,0x6CA7,0x3B44,
  0x3AE5,0x63CB,0x7C4F,0xF81F,0xF81F,0xF81F,0xF81F,0xF81F,0xF81F,0xF81F,0xF81F,0xF81F,0xF81F,0xF81F,0xF81F,0xF81F,
  0xF81F,0xF81F,0xF81F,0xF81F,0xF81F,0xF81F,0xF81F,0xF81F,0xF81F,0xF81F,0xF81F,0xF81F,0xF81F,0xF81F,0xF81F,0xF81F,
  0xF81F,0xF81F,0xF81F,0xF81F,0xF81F,0xF81F,0x19C3,0x0980,0x3B24,0x6467,0x7508,0x7D47,0x960A,0x9E2C,0x5C86,0x6CC7,
  0x960D,0xA66F,0xC733,0xC733,0xCF34,0xD734,0xE776,0xE776,0xDF75,0xBEF2,0xB712,0xB712,0xB712,0xB712,0xB712,0xB712,
  0xB712,0xBF12,0xA68F,0x9E4E,0x6487,0x6466,0x8DEB,0x85A9,0x7507,0x6CE8,0x64A8,0x2222,0x1162,0x8CF2,0xF81F,0xF81F,
  0xF81F,0xF81F,0xF81F,0xF81F,0xF81F,0xF81F,0xF81F,0xF81F,0xF81F,0xF81F,0xF81F,0xF81F,0xF81F,0xF81F,0xF81F,0xF81F,
  0xF81F,0xF81F,0xF81F,0xF81F,0xF81F,0xF81F,0xF81F,0xF81F,0xF81F,0xF81F,0xF81F,0xF81F,0xF81F,0xF81F,0xF81F,0xF81F,
  0xF81F,0xF81F,0x19C4,0x0981,0x3B05,0x6467,0x7D48,0x7D67,0x960A,0x9E4C,0x6486,0x6CC8,0x9E2D,0xA66F,0xC733,0xCF54,
  0xCF54,0xDF55,0xEF96,0xEF76,0xDF75,0xB6F2,0xB711,0xB712,0xB712,0xB712,0xB712,0xBF32,0xBF12,0xBF12,0xAEAF,0x9E6F,
  0x6487,0x6486,0x8DEA,0x85A9,0x7527,0x7508,0x6448,0x1A03,0x1143,0x8CF2,0xF81F,0xF81F,0xF81F,0xF81F,0xF81F,0xF81F,
  0xF81F,0xF81F,0xF81F,0xF81F,0xF81F,0xF81F,0xF81F,0xF81F,0xF81F,0xF81F,0xF81F,0xF81F,0xF81F,0xF81F,0xF81F,0xF81F,
  0xF81F,0xF81F,0xF81F,0xF81F,0xF81F,0xF81F,0xF81F,0xF81F,0xF81F,0xF81F,0xF81F,0xF81F,0xF81F,0xF81F,0x21C4,0x0981,
  0x32C4,0x53E5,0x7527,0x7D68,0x962A,0x9E4B,0x6486,0x6CA8,0x9E2E,0xA66F,0xBF33,0xCF34,0xCF34,0xE775,0xEF96,0xE776,
  0xD775,0xB6F2,0xB711,0xB712,0xB712,0xB712,0xB712,0xB712,0xB712,0xBF12,0xAED0,0xA66E,0x6487,0x6485,0x8E0A,0x85A9,
  0x7D68,0x7509,0x53E7,0x2223,0x1163,0x9513,0xF81F,0xF81F,0xF81F,0xF81F,0xF81F,0xF81F,0xF81F,0xF81F,0xF81F,0xF81F,
  0xF81F,0xF81F,0xF81F,0xF81F,0xF81F,0xF81F,0xF81F,0xF81F,0xF81F,0xF81F,0xF81F,0xF81F,0xF81F,0xF81F,0xF81F,0xF81F,
  0xF81F,0xF81F,0xF81F,0xF81F,0xF81F,0xF81F,0xF81F,0xF81F,0xF81F,0xF81F,0x29E5,0x11A1,0x32E4,0x3B43,0x7508,0x8589,
  0x960B,0x9E4B,0x64A7,0x6CC8,0x9E4E,0xAEB0,0xBF33,0xC734,0xD734,0xE776,0xEF76,0xEF76,0xD775,0xB6F2,0xB711,0xB711,
  0xB712,0xB712,0xBF12,0xBF12,0xB712,0xB712,0xAED0,0xA66F,0x6487,0x5C85,0x8E0A,0x85A9,0x7D49,0x750A,0x3B04,0x2243,
  0x1982,0xF81F,0xF81F,0xF81F,0xF81F,0xF81F,0xF81F,0xF81F,0xF81F,0xF81F,0xF81F,0xF81F,0xF81F,0xF81F,0xF81F,0xF81F,
  0xF81F,0xF81F,0xF81F,0xF81F,0xF81F,0xF81F,0xF81F,0xF81F,0xF81F,0xF81F,0xF81F,0xF81F,0xF81F,0xF81F,0xF81F,0xF81F,
  0xF81F,0xF81F,0xF81F,0xF81F,0xF81F,0xF81F,0x21E5,0x0981,0x3304,0x4384,0x64A6,0x7508,0x8DEB,0x962B,0x64A7,0x6CC8,
  0xA66E,0xAEB0,0xBF32,0xC734,0xD734,0xE776,0xEF76,0xEF76,0xDF75,0xBEF2,0xB712,0xB712,0xB712,0xB712,0xB712,0xB712,
  0xB712,0xB712,0xAEB0,0xA66F,0x6487,0x5C66,0x8DEB,0x8589,0x6CC8,0x64A8,0x3B24,0x2A43,0x1983,0xF81F,0xF81F,0xF81F,
  0xF81F,0xF81F,0xF81F,0xF81F,0xF81F,0xF81F,0xF81F,0xF81F,0xF81F,0xF81F,0xF81F,0xF81F,0xF81F,0xF81F,0xF81F,0xF81F,
  0xF81F,0xF81F,0xF81F,0xF81F,0xF81F,0xF81F,0xF81F,0xF81F,0xF81F,0xF81F,0xF81F,0xF81F,0xF81F,0xF81F,0xF81F,0xF81F,
  0xF81F,0xF81F,0x2205,0x0980,0x4BA7,0x64A8,0x43A3,0x43A2,0x7D8A,0x962C,0x64A7,0x6CC8,0xA66F,0xAEB0,0xBF32,0xC733,
  0xD734,0xE776,0xEF77,0xEF77,0xDF76,0xBEF2,0xBF12,0xB712,0xB712,0xB712,0xB712,0xB712,0xB712,0xB712,0xAEAF,0xA66F,
  0x6487,0x5C66,0x85CB,0x7D29,0x4BA3,0x43A4,0x5C48,0x32C5,0x19A3,0xF81F,0xF81F,0xF81F,0xF81F,0xF81F,0xF81F,0xF81F,
  0xF81F,0xF81F,0xF81F,0xF81F,0xF81F,0xF81F,0xF81F,0xF81F,0xF81F,0xF81F,0xF81F,0xF81F,0xF81F,0xF81F,0xF81F,0xF81F,
  0xF81F,0xF81F,0xF81F,0xF81F,0xF81F,0xF81F,0xF81F,0xF81F,0xF81F,0xF81F,0xF81F,0xF81F,0xF81F,0xF81F,0x2A65,0x09A0,
  0x4BC6,0x64C8,0x6486,0x64A6,0x64A7,0x64C7,0x5C66,0x6CC8,0xA68F,0xAEB0,0xBF12,0xC733,0xD734,0xE776,0xEF77,0xEF77,
  0xDF76,0xBEF3,0xBF12,0xBF12,0xB712,0xB712,0xB6F2,0xB6F2,0xB6F2,0xB6F2,0xAEAF,0xA66F,0x6467,0x5C46,0x64A7,0x6486,
  0x5C25,0x5425,0x6488,0x32E4,0x11A2,0x746F,0x84B1,0xF81F,0xF81F,0xF81F,0xF81F,0xF81F,0xF81F,0xF81F,0xF81F,0xF81F,
  0xF81F,0xF81F,0xF81F,0xF81F,0xF81F,0xF81F,0xF81F,0xF81F,0xF81F,0xF81F,0xF81F,0xF81F,0xF81F,0xF81F,0xF81F,0xF81F,
  0xF81F,0xF81F,0xF81F,0xF81F,0xF81F,0xF81F,0xF81F,0xF81F,0xF81F,0x1182,0x1181,0x09A0,0x53E6,0x6D08,0x8DCA,0x8DEB,
  0x5C65,0x4BE4,0x5C46,0x6CE9,0xAE8F,0xAEB0,0xBF32,0xC733,0xD734,0xE796,0xEF77,0xEF97,0xDF76,0xBEF3,0xBF12,0xB712,
  0xB712,0xB6F2,0xB712,0xB6F2,0xB6F2,0xB712,0xAEAF,0xA66F,0x6468,0x5426,0x43A3,0x5404,0x7D49,0x7D68,0x6CC8,0x3B04,
  0x11A1,0x19C3,0x1983,0xF81F,0xF81F,0xF81F,0xF81F,0xF81F,0xF81F,0xF81F,0xF81F,0xF81F,0xF81F,0xF81F,0xF81F,0xF81F,
  0xF81F,0xF81F,0xF81F,0xF81F,0xF81F,0xF81F,0xF81F,0xF81F,0xF81F,0xF81F,0xF81F,0xF81F,0xF81F,0xF81F,0xF81F,0xF81F,
  0xF81F,0xF81F,0xF81F,0xF81F,0x42C7,0x1181,0x2242,0x32E3,0x5C46,0x6CE7,0x85C9,0x8DCA,0x7508,0x6CC7,0x5426,0x6467,
  0x8DAC,0x95CC,0xA66F,0xB6B1,0xCEF3,0xDF75,0xE776,0xE776,0xDF75,0xBEF2,0xBF12,0xB712,0xBF12,0xB712,0xB6F1,0xB6F1,
  0xA670,0x95EE,0x8DCC,0x8DAC,0x5C47,0x5426,0x6D08,0x7507,0x8569,0x7D68,0x6CC7,0x4BC5,0x32C4,0x11C2,0x11A2,0xF81F,
  0xF81F,0xF81F,0xF81F,0xF81F,0xF81F,0xF81F,0xF81F,0xF81F,0xF81F,0xF81F,0xF81F,0xF81F,0xF81F,0xF81F,0xF81F,0xF81F,
  0xF81F,0xF81F,0xF81F,0xF81F,0xF81F,0xF81F,0xF81F,0xF81F,0xF81F,0xF81F,0xF81F,0xF81F,0xF81F,0xF81F,0xF81F,0xF81F,
  0x4B29,0x11A1,0x4345,0x6CC8,0x6CC7,0x6CE7,0x7D68,0x8588,0xAECE,0xAECE,0x5425,0x4BE5,0x6467,0x6CA8,0x7D0A,0x9E0E,
  0xBEB1,0xD755,0xDF96,0xDF96,0xD775,0xBEF2,0xBF12,0xBF12,0xBF32,0xBF12,0xAED1,0xA690,0x8DAC,0x6CA8,0x74E9,0x74E9,
  0x5406,0x53E5,0xA68E,0x9E4B,0x8DC9,0x85A8,0x7507,0x6CE8,0x5C28,0x19E2,0x11A2,0xF81F,0xF81F,0xF81F,0xF81F,0xF81F,
  0xF81F,0xF81F,0xF81F,0xF81F,0xF81F,0xF81F,0xF81F,0xF81F,0xF81F,0xF81F,0xF81F,0xF81F,0xF81F,0xF81F,0xF81F,0xF81F,
  0xF81F,0xF81F,0xF81F,0xF81F,0xF81F,0xF81F,0xF81F,0xF81F,0xF81F,0xF81F,0xF81F,0xF81F,0x4B09,0x11A1,0x3B44,0x6CC7,
  0x6CC7,0x6D07,0x85C9,0x8DC9,0xAEAD,0xAECD,0x6CE7,0x6CE9,0x8DCC,0x95CD,0x9E0E,0x8DAC,0x854B,0x958D,0x95AD,0x95AD,
  0x8D8D,0x854C,0x854C,0x856C,0x856C,0x856C,0x854B,0x7D4B,0x8D6C,0x8D8C,0x8DAC,0x8DAC,0x6487,0x6487,0xAEAE,0x9E4B,
  0x8DC8,0x85A8,0x7527,0x6CE7,0x6448,0x19E2,0x19A3,0xF81F,0xF81F,0xF81F,0xF81F,0xF81F,0xF81F,0xF81F,0xF81F,0xF81F,
  0xF81F,0xF81F,0xF81F,0xF81F,0xF81F,0xF81F,0xF81F,0xF81F,0xF81F,0xF81F,0xF81F,0xF81F,0xF81F,0xF81F,0xF81F,0xF81F,
  0xF81F,0xF81F,0xF81F,0xF81F,0xF81F,0xF81F,0xF81F,0xF81F,0x532A,0x1181,0x4324,0x6CA7,0x6CC7,0x7507,0x9E4B,0x962A,
  0xA6AD,0xAECE,0x7529,0x856B,0xAEB0,0xAE90,0xB6F1,0x856B,0x6467,0x6468,0x6447,0x6468,0x6447,0x6447,0x6447,0x6447,
  0x6447,0x6467,0x6468,0x6467,0x856C,0xA64F,0xA66F,0x9E4E,0x74C8,0x74C8,0xAECE,0x9E6C,0x8DE9,0x85A8,0x7527,0x6CE7,
  0x5C48,0x1A02,0x1182,0xF81F,0xF81F,0xF81F,0xF81F,0xF81F,0xF81F,0xF81F,0xF81F,0xF81F,0xF81F,0xF81F,0xF81F,0xF81F,
  0xF81F,0xF81F,0xF81F,0xF81F,0xF81F,0xF81F,0xF81F,0xF81F,0xF81F,0xF81F,0xF81F,0xF81F,0xF81F,0xF81F,0xF81F,0xF81F,
  0xF81F,0xF81F,0xF81F,0xF81F,0x534A,0x1181,0x4345,0x6CC7,0x7D48,0x8589,0x9E4B,0x962B,0x8589,0x7528,0x858B,0x95CC,
  0xBF12,0xBF12,0xBF12,0xAEB0,0xA66F,0xA64F,0x9E4F,0xA64F,0x9E2E,0x9E2E,0x9E2E,0x9E2E,0x9E2F,0x9E2F,0x9E2F,0x9E2F,
  0xAE90,0xB6D1,0xB6F1,0xAEB0,0x856A,0x7D49,0x7D28,0x7D68,0x8DE9,0x8DE9,0x8DC9,0x7508,0x6448,0x1A02,0x1182,0xF81F,
  0xF81F,0xF81F,0xF81F,0xF81F,0xF81F,0xF81F,0xF81F,0xF81F,0xF81F,0xF81F,0xF81F,0xF81F,0xF81F,0xF81F,0xF81F,0xF81F,
  0xF81F,0xF81F,0xF81F,0xF81F,0xF81F,0xF81F,0xF81F,0xF81F,0xF81F,0xF81F,0xF81F,0xF81F,0xF81F,0xF81F,0xF81F,0xF81F,
  0x4B49,0x11A0,0x4344,0x6CC7,0x8569,0x960A,0x962A,0x962A,0x7527,0x64A6,0x95EC,0xA66F,0xBF32,0xBF33,0xBF33,0xBF32,
  0xBF32,0xC733,0xC733,0xC733,0xBF12,0xBF12,0xB712,0xB732,0xBF32,0xBF12,0xBF32,0xBF32,0xBF12,0xBF12,0xBF32,0xBF11,
  0x95EC,0x8DAA,0x64A6,0x7506,0x8E0A,0x960A,0x960A,0x7528,0x6467,0x1A01,0x11A1,0xF81F,0xF81F,0xF81F,0xF81F,0xF81F,
  0xF81F,0xF81F,0xF81F,0xF81F,0xF81F,0xF81F,0xF81F,0xF81F,0xF81F,0xF81F,0xF81F,0xF81F,0xF81F,0xF81F,0xF81F,0xF81F,
  0xF81F,0xF81F,0xF81F,0xF81F,0xF81F,0xF81F,0xF81F,0xF81F,0xF81F,0xF81F,0xF81F,0x2204,0x2243,0x32C3,0x4BC5,0x6486,
  0x8589,0x960A,0x9E4A,0x962A,0x7507,0x64C7,0xA66F,0xB6D0,0xBF32,0xBF12,0xBF13,0xC712,0xC6F2,0xDF75,0xE796,0xE7B6,
  0xCF13,0xBF12,0xB732,0xB732,0xBF12,0xBF12,0xBF32,0xBF12,0xBF12,0xBF12,0xBF12,0xBF12,0xA64E,0x95EC,0x64A6,0x7528,
  0x964B,0x9E2B,0x960A,0x7D48,0x64A7,0x4345,0x3B26,0x2A44,0x21C4,0xF81F,0xF81F,0xF81F,0xF81F,0xF81F,0xF81F,0xF81F,
  0xF81F,0xF81F,0xF81F,0xF81F,0xF81F,0xF81F,0xF81F,0xF81F,0xF81F,0xF81F,0xF81F,0xF81F,0xF81F,0xF81F,0xF81F,0xF81F,
  0xF81F,0xF81F,0xF81F,0xF81F,0xF81F,0xF81F,0xF81F,0x1161,0x1A22,0x5407,0x5C45,0x6485,0x8588,0x8DE9,0xAECC,0xAEED,
  0x7528,0x64C8,0xB6D0,0xBF32,0xBF32,0xBF33,0xBF12,0xC733,0xD733,0xEF55,0xEF76,0xEF96,0xD754,0xBEF2,0xBF32,0xB732,
  0xBF12,0xBF12,0xBF32,0xBF32,0xBF12,0xBF12,0xBF12,0xBF32,0xB6F1,0xA66E,0x6CC7,0x7D69,0xA6AD,0x9E4B,0x8DEA,0x7547,
  0x64A7,0x4BE6,0x53C7,0x2202,0x1162,0x8CF1,0xF81F,0xF81F,0xF81F,0xF81F,0xF81F,0xF81F,0xF81F,0xF81F,0xF81F,0xF81F,
  0xF81F,0xF81F,0xF81F,0xF81F,0xF81F,0xF81F,0xF81F,0xF81F,0xF81F,0xF81F,0xF81F,0xF81F,0xF81F,0xF81F,0xF81F,0xF81F,
  0xF81F,0xF81F,0x21C3,0x11A1,0x1A22,0x6468,0x6465,0x5C65,0x7D69,0x8DE9,0xAEAC,0xAEED,0x7528,0x64C7,0xB6F1,0xBF12,
  0xBF32,0xBF12,0xBF12,0xD733,0xEF75,0xEF76,0xF776,0xEF76,0xDF75,0xBEF2,0xBF12,0xBF12,0xBF12,0xBF32,0xBF32,0xBF32,
  0xBF32,0xBF32,0xBF12,0xBF32,0xB6F1,0xA66E,0x6CA7,0x7D69,0xA6AD,0x9E4B,0x8DE9,0x7567,0x64A5,0x6487,0x6C89,0x2222,
  0x0962,0x8D11,0xF81F,0xF81F,0xF81F,0xF81F,0xF81F,0xF81F,0xF81F,0xF81F,0xF81F,0xF81F,0xF81F,0xF81F,0xF81F,0xF81F,
  0xF81F,0xF81F,0xF81F,0xF81F,0xF81F,0xF81F,0xF81F,0xF81F,0xF81F,0xF81F,0xF81F,0xF81F,0xF81F,0xF81F,0x19E2,0x11A0,
  0x2261,0x6CC8,0x6485,0x6485,0x7D68,0x85A9,0xAECD,0xAEEE,0x7507,0x64C7,0xB6F1,0xBF12,0xBF32,0xBF11,0xBF12,0xD734,
  0xEF75,0xEF76,0xEF76,0xEF76,0xDF75,0xBF13,0xBF12,0xBF12,0xBF12,0xBF32,0xBF32,0xBF32,0xBF32,0xBF32,0xBF32,0xBF12,
  0xB6F1,0xA68F,0x6486,0x7D69,0xA68D,0x962B,0x8DC9,0x7D67,0x6CE6,0x6CE8,0x6CE9,0x2242,0x1181,0x7CCF,0xF81F,0xF81F,
  0xF81F,0xF81F,0xF81F,0xF81F,0xF81F,0xF81F,0xF81F,0xF81F,0xF81F,0xF81F,0xF81F,0xF81F,0xF81F,0xF81F,0xF81F,0xF81F,
  0xF81F,0xF81F,0xF81F,0xF81F,0xF81F,0xF81F,0xF81F,0xF81F,0xF81F,0x2204,0x32C4,0x5C27,0x6466,0x6CE7,0x8588,0x8DEA,
  0x7527,0x6CC5,0x7D68,0x7D48,0x858A,0x85AB,0xB6F1,0xB711,0xBF32,0xBF12,0xBEF2,0xD734,0xEF76,0xEF76,0xEF77,0xEF77,
  0xDF76,0xBF13,0xBF13,0xBF32,0xBF12,0xBF32,0xBF32,0xBF12,0xB732,0xB732,0xBF12,0xBF12,0xB711,0xAED0,0x85AB,0x856A,
  0x6CE7,0x6CE6,0x7526,0x85A8,0x85A8,0x7527,0x7528,0x5C27,0x5C08,0x2223,0x29E5,0xF81F,0xF81F,0xF81F,0xF81F,0xF81F,
  0xF81F,0xF81F,0xF81F,0xF81F,0xF81F,0xF81F,0xF81F,0xF81F,0xF81F,0xF81F,0xF81F,0xF81F,0xF81F,0xF81F,0xF81F,0xF81F,
  0xF81F,0xF81F,0xF81F,0xF81F,0xF81F,0x11A2,0x2282,0x6CA8,0x6CC6,0x7507,0x8588,0x962A,0x8568,0x7527,0x7508,0x7508,
  0x858A,0x8DEC,0xAEF1,0xB711,0xBF12,0xBF12,0xBEF2,0xD734,0xEF76,0xEF77,0xEF77,0xEF77,0xDF76,0xBF13,0xBF13,0xBF12,
  0xBF12,0xBF32,0xBF32,0xBF12,0xB712,0xB732,0xBF32,0xBF32,0xB711,0xAEF0,0x8DCC,0x7549,0x4BE4,0x5424,0x7506,0x8DE9,
  0x962A,0x7527,0x7527,0x5C46,0x5C48,0x19E1,0x29E5,0xF81F,0xF81F,0xF81F,0xF81F,0xF81F,0xF81F,0xF81F,0xF81F,0xF81F,
  0xF81F,0xF81F,0xF81F,0xF81F,0xF81F,0xF81F,0xF81F,0xF81F,0xF81F,0xF81F,0xF81F,0xF81F,0xF81F,0xF81F,0xF81F,0xF81F,
  0xF81F,0x0980,0x2AA2,0x6CA7,0x6CC6,0x7506,0x95E9,0x9E6B,0x9E6B,0x9E4C,0x5425,0x5405,0x7529,0x85AB,0xB6F1,0xB711,
  0xBF12,0xBF12,0xBEF2,0xD754,0xE796,0xEF77,0xEF77,0xEF77,0xDF96,0xBF13,0xBF12,0xBF12,0xBF12,0xBF32,0xBF32,0xBF32,
  0xBF32,0xB732,0xBF32,0xB711,0xB711,0xAED0,0x8DCC,0x7529,0x4BC4,0x5C66,0xAECE,0xA68C,0x9E2A,0x7526,0x7527,0x5C65,
  0x5C47,0x1200,0x2204,0xF81F,0xF81F,0xF81F,0xF81F,0xF81F,0xF81F,0xF81F,0xF81F,0xF81F,0xF81F,0xF81F,0xF81F,0xF81F,
  0xF81F,0xF81F,0xF81F,0xF81F,0xF81F,0xF81F,0xF81F,0xF81F,0xF81F,0xF81F,0xF81F,0xF81F,0x5389,0x32C3,0x4384,0x6CA7,
  0x7D48,0x8DA9,0x9629,0xA66A,0x9E4B,0x962C,0x5405,0x4BE5,0x6CA8,0x74E8,0x9E2E,0xAEB0,0xBF32,0xBF12,0xBF12,0xCF34,
  0xDF55,0xE777,0xEF97,0xEF97,0xDF96,0xBF13,0xBF12,0xBF12,0xBF12,0xBF32,0xBF32,0xBF12,0xB712,0xB732,0xB712,0xB711,
  0xAEF0,0x9E6E,0x7509,0x6487,0x4BC5,0x6486,0xAEEE,0xAEAC,0xA66B,0x8567,0x7D67,0x6CE7,0x6CC8,0x3B23,0x32E5,0x32A6,
  0xF81F,0xF81F,0xF81F,0xF81F,0xF81F,0xF81F,0xF81F,0xF81F,0xF81F,0xF81F,0xF81F,0xF81F,0xF81F,0xF81F,0xF81F,0xF81F,
  0xF81F,0xF81F,0xF81F,0xF81F,0xF81F,0xF81F,0xF81F,0x0961,0x09A0,0x5C47,0x6C87,0x6CC6,0x8568,0x8DC9,0x9649,0xAEAB,
  0x9E6B,0x962C,0x4BE5,0x4BE5,0x6467,0x6487,0x8DCC,0xAE8F,0xBF32,0xBF12,0xBF12,0xC714,0xCEF4,0xE756,0xEF77,0xEF97,
  0xDF96,0xBF13,0xBF12,0xBF12,0xBF12,0xBF12,0xBF12,0xBF12,0xB712,0xB732,0xB712,0xB711,0xAEF0,0x9E6E,0x64A7,0x5C46,
  0x43A4,0x5C66,0xAECE,0xAEAC,0xB6CD,0x95E9,0x85A9,0x7507,0x74E8,0x6467,0x5408,0x11A1,0x1983,0xF81F,0xF81F,0xF81F,
  0xF81F,0xF81F,0xF81F,0xF81F,0xF81F,0xF81F,0xF81F,0xF81F,0xF81F,0xF81F,0xF81F,0xF81F,0xF81F,0xF81F,0xF81F,0xF81F,
  0xF81F,0xF81F,0xF81F,0x0961,0x11A0,0x5C26,0x64A7,0x6CE7,0x8588,0x8DE9,0x9E4A,0xAECC,0x9E2B,0x8DCA,0x5425,0x5405,
  0x74E9,0x74E8,0x854A,0x8DCC,0xBF32,0xBF33,0xBEF2,0xC713,0xCF14,0xE776,0xEF97,0xEF96,0xDF75,0xBEF2,0xB712,0xB712,
  0xB712,0xBF12,0xBF12,0xBF12,0xBF12,0xBF12,0xB732,0xB6F1,0x85AB,0x7D6A,0x7529,0x6CC8,0x4BC4,0x5C65,0xA68D,0xAEAC,
  0xAECC,0x8DE9,0x8DC9,0x7506,0x7507,0x5C26,0x5C08,0x11C1,0x21C4,0xF81F,0xF81F,0xF81F,0xF81F,0xF81F,0xF81F,0xF81F,
  0xF81F,0xF81F,0xF81F,0xF81F,0xF81F,0xF81F,0xF81F,0xF81F,0xF81F,0xF81F,0xF81F,0xF81F,0xF81F,0xF81F,0xF81F,0x19C2,
  0x09A0,0x5405,0x6CA6,0x6CE6,0x8588,0x960A,0x9E4B,0xAEAD,0x85A9,0x6CA6,0x6CC7,0x6CC8,0x8DCC,0x9E2D,0x7509,0x7D4A,
  0xBF32,0xBF33,0xBF33,0xC753,0xC733,0xE776,0xEF96,0xEF96,0xDF75,0xBEF2,0xB712,0xB712,0xBF12,0xBF32,0xBF32,0xBF12,
  0xBF12,0xBF32,0xB732,0xB6F1,0x74E9,0x6CC8,0x962D,0x858B,0x64A7,0x6CE7,0x8DEA,0x9E4B,0xAECD,0x8DE9,0x85A9,0x7506,
  0x6CE6,0x5C46,0x5C07,0x11C1,0x19C3,0xF81F,0xF81F,0xF81F,0xF81F,0xF81F,0xF81F,0xF81F,0xF81F,0xF81F,0xF81F,0xF81F,
  0xF81F,0xF81F,0xF81F,0xF81F,0xF81F,0xF81F,0xF81F,0xF81F,0xF81F,0xF81F,0xF81F,0x2A43,0x1A20,0x64A6,0x8589,0x8DCA,
  0x8DC9,0x7D47,0x95EA,0xA6AD,0x85AA,0x64A6,0x7508,0x6CE8,0x960D,0x9E4D,0x95CC,0x856B,0x7509,0x7D2A,0x7D2A,0x9E2F,
  0xB6B1,0xD775,0xE7B6,0xE795,0xD774,0xBEF2,0xB711,0xBF11,0xBF32,0xBF32,0xAED1,0xA66F,0x95EE,0x854B,0x7D2A,0x854B,
  0x8DAC,0x8DAC,0x9E2E,0x8DCC,0x7529,0x7549,0x7548,0x8E0A,0xA6AC,0x7526,0x7526,0x8588,0x85A9,0x7D49,0x5C27,0x11C0,
  0x19C3,0xF81F,0xF81F,0xF81F,0xF81F,0xF81F,0xF81F,0xF81F,0xF81F,0xF81F,0xF81F,0xF81F,0xF81F,0xF81F,0xF81F,0xF81F,
  0xF81F,0xF81F,0xF81F,0xF81F,0xF81F,0xF81F,0xF81F,0x32C4,0x2AC1,0x7528,0x8DC9,0x9E4B,0x8DC9,0x74E6,0x8DA9,0x9E4C,
  0x7D69,0x6486,0x858B,0x858B,0xA66E,0xA68F,0xAEAF,0x95ED,0x6467,0x6488,0x6488,0x8DCD,0x9E2E,0xBF12,0xCF53,0xCF33,
  0xBEF2,0xAED0,0xAED0,0xAED0,0xAED0,0xAED1,0xA68F,0x9E2E,0x858C,0x6C88,0x6C88,0x6CC9,0xA66F,0xA64F,0x9E4F,0x960D,
  0x858A,0x85AA,0x5C85,0x7D89,0x9E8C,0x6D06,0x6CE5,0x85C8,0x8DC9,0x8568,0x6446,0x2241,0x2A44,0xF81F,0xF81F,0xF81F,
  0xF81F,0xF81F,0xF81F,0xF81F,0xF81F,0xF81F,0xF81F,0xF81F,0xF81F,0xF81F,0xF81F,0xF81F,0xF81F,0xF81F,0xF81F,0xF81F,
  0xF81F,0x1142,0x0960,0x5C48,0x6CA7,0x7D48,0x85A9,0x962A,0x9E4B,0xA6AD,0x8568,0x5C65,0x5C65,0x6486,0x9E2D,0x9E4E,
  0xB711,0xB711,0xBF32,0xBF12,0xB712,0xB712,0xBF12,0x8DAC,0x6467,0x6468,0x6C68,0x6C67,0x6467,0x5C47,0x5C67,0x6447,
  0x6467,0x6447,0x6487,0x6467,0x95EE,0xB6F2,0xB6F1,0xB6D1,0xBF12,0xBEF2,0xA66F,0x9E2E,0x8D8B,0x85AB,0x5444,0x5C85,
  0x5CA5,0x962A,0x962A,0x8E09,0x8DE9,0x85A8,0x7D28,0x5C47,0x4326,0x1142,0x31C5,0xF81F,0xF81F,0xF81F,0xF81F,0xF81F,
  0xF81F,0xF81F,0xF81F,0xF81F,0xF81F,0xF81F,0xF81F,0xF81F,0xF81F,0xF81F,0xF81F,0xF81F,0xF81F,0x1162,0x0980,0x5C47,
  0x64C6,0x7D48,0x85A9,0x962A,0x9E6B,0xAEAD,0x8DAA,0x6D07,0x64A6,0x6486,0x9E2D,0x9E2E,0xB6F1,0xB712,0xBF32,0xBF32,
  0xBF33,0xBF33,0xBF12,0xA64F,0x958C,0x8D8C,0x956C,0x956C,0x8D6C,0x854B,0x854B,0x852B,0x7D4A,0x7D2A,0x7D2B,0x854B,
  0xA66F,0xBF33,0xBF32,0xBF12,0xBF13,0xBF12,0xAE6F,0xA64E,0x95EB,0x95EC,0x6486,0x64A6,0x6D06,0x9E6C,0xA68B,0x960A,
  0x8DE9,0x8D88,0x7507,0x5C46,0x4346,0x1161,0x3A27,0xF81F,0xF81F,0xF81F,0xF81F,0xF81F,0xF81F,0xF81F,0xF81F,0xF81F,
  0xF81F,0xF81F,0xF81F,0xF81F,0xF81F,0xF81F,0xF81F,0xF81F,0xF81F,0x1182,0x0980,0x5C47,0x6CA6,0x7548,0x85A9,0x960A,
  0x9E4B,0xAEAC,0xAEAD,0xA6AE,0x7529,0x6486,0x9E0D,0x9E2E,0xB6F1,0xBF12,0xBF33,0xBF32,0xBF32,0xBF33,0xBF33,0xCF33,
  0xDF75,0xDF95,0xE795,0xE795,0xDFB5,0xD794,0xCF73,0xBF12,0xBF12,0xBF12,0xBF32,0xBF32,0xBF32,0xBF12,0xBF12,0xBF12,
  0xBF12,0xBF12,0xAE70,0xA64E,0x95CC,0x8DCB,0x6CC7,0x7528,0x962C,0xA68C,0xAEAD,0x962A,0x8DE9,0x85A8,0x7D27,0x5C66,
  0x4346,0x1182,0x3A27,0xF81F,0xF81F,0xF81F,0xF81F,0xF81F,0xF81F,0xF81F,0xF81F,0xF81F,0xF81F,0xF81F,0xF81F,0xF81F,
  0xF81F,0xF81F,0xF81F,0xF81F,0xF81F,0x1182,0x09A0,0x5C67,0x6CA7,0x7548,0x85A9,0x960A,0x9E2A,0xAEAC,0xA66C,0x9E4D,
  0x7D49,0x6CC7,0x9E2D,0x9E0D,0xB6F1,0xB712,0xBF33,0xBF33,0xBF32,0xB712,0xBF12,0xCF34,0xE796,0xE796,0xEF96,0xEF96,
  0xE795,0xD795,0xCF94,0xBEF1,0xBF12,0xBF12,0xBF32,0xBF32,0xBF33,0xBF33,0xBF32,0xBF33,0xBF33,0xBF12,0xA66F,0xA64E,
  0x95CC,0x8DEB,0x6CC7,0x7D49,0x962C,0xA68D,0xA6AD,0x9E2A,0x8DE9,0x85A9,0x7527,0x6487,0x4B66,0x1182,0x3226,0xF81F,
  0xF81F,0xF81F,0xF81F,0xF81F,0xF81F,0xF81F,0xF81F,0xF81F,0xF81F,0xF81F,0xF81F,0xF81F,0xF81F,0xF81F,0xF81F,0xF81F,
  0xF81F,0x1182,0x09A0,0x6467,0x6CC7,0x7D68,0x85A9,0x960A,0x9E4B,0xAECD,0x7528,0x5445,0x7D4A,0x960D,0x960D,0x9E0D,
  0xB6F1,0xB6F2,0xBF32,0xBF12,0xBF12,0xB732,0xBF12,0xCF34,0xE796,0xE796,0xEF96,0xEF76,0xDF75,0xC712,0xBF12,0xBF12,
  0xBF12,0xBF12,0xBF12,0xBF32,0xB732,0xB732,0xBF32,0xBF32,0xBF12,0xBF12,0xA66F,0xA62E,0x95CC,0x8DCB,0x960C,0x6487,
  0x4BE4,0xA66D,0xAEAD,0x962A,0x8DE9,0x85A9,0x7527,0x6487,0x4B66,0x1162,0x3226,0xF81F,0xF81F,0xF81F,0xF81F,0xF81F,
  0xF81F,0xF81F,0xF81F,0xF81F,0xF81F,0xF81F,0xF81F,0xF81F,0xF81F,0xF81F,0xF81F,0xF81F,0xF81F,0x1182,0x09A0,0x6467,
  0x6CC7,0x85A9,0x8DA9,0x8DEA,0x960A,0x9E4C,0x64A8,0x43A3,0x7D6A,0x960D,0x9E0D,0x960D,0xB6D1,0xB6F2,0xBF32,0xBF12,
  0xBF12,0xB732,0xB732,0xC733,0xD754,0xE775,0xEF76,0xEF76,0xDF75,0xBEF2,0xBF12,0xBF12,0xBF12,0xBF12,0xBF12,0xBF12,
  0xBF12,0xBF12,0xBF12,0xBF12,0xBF12,0xB712,0xA66F,0x9E2E,0x8DCC,0x8DEC,0x9E4E,0x5C46,0x3B43,0x960C,0x9E4C,0x960A,
  0x8DE9,0x8DC9,0x7D88,0x6487,0x4B86,0x1182,0x3226,0xF81F,0xF81F,0xF81F,0xF81F,0xF81F,0xF81F,0xF81F,0xF81F,0xF81F,
  0xF81F,0xF81F,0xF81F,0xF81F,0xF81F,0xF81F,0xF81F,0xF81F,0xF81F,0x1182,0x09A0,0x6467,0x74C7,0x85A9,0x85A9,0x85A9,
  0x85A9,0x85AA,0x5406,0x3302,0x7D6B,0x962D,0x95EC,0x960D,0xB6D0,0xB6F1,0xBF32,0xBF12,0xBF12,0xBF32,0xB732,0xBF12,
  0xC6F3,0xDF55,0xEF76,0xEF76,0xDF96,0xBF12,0xBF12,0xBF12,0xBF12,0xBF12,0xBF12,0xBF12,0xB712,0xB712,0xBF32,0xBF32,
  0xBF12,0xB6F2,0xA66F,0x9E2E,0x8DCC,0x8DEC,0x9E4F,0x5407,0x3B23,0x7D6A,0x8DCA,0x8DE9,0x8DE9,0x8DEA,0x8DEA,0x6CA7,
  0x4B86,0x1182,0x3A47,0xF81F,0xF81F,0xF81F,0xF81F,0xF81F,0xF81F,0xF81F,0xF81F,0xF81F,0xF81F,0xF81F,0xF81F,0xF81F,
  0xF81F,0xF81F,0xF81F,0xF81F,0xF81F,0x1182,0x09A0,0x6468,0x74E7,0x85A9,0x85A9,0x85A8,0x85A9,0x85AA,0x5407,0x3323,
  0x64C9,0x7D2A,0x8DCB,0x95CC,0xAED0,0xB6F1,0xBF32,0xBF12,0xBF12,0xB732,0xB732,0xBF12,0xC6F3,0xDF55,0xEF96,0xEF96,
  0xDF96,0xC713,0xBF13,0xBF12,0xBF12,0xBF12,0xBF12,0xBF12,0xB712,0xB712,0xB732,0xB732,0xB712,0xB6F1,0xA66F,0x9E4E,
  0x8DCB,0x85AB,0x74E9,0x4BA6,0x3B23,0x858A,0x8DEA,0x8DE9,0x8DE9,0x8DEA,0x8DEA,0x6CA7,0x4B86,0x1181,0x3A67,0xF81F,
  0xF81F,0xF81F,0xF81F,0xF81F,0xF81F,0xF81F,0xF81F,0xF81F,0xF81F,0xF81F,0xF81F,0xF81F,0xF81F,0xF81F,0xF81F,0xF81F,
  0xF81F,0x1182,0x09A0,0x6488,0x74E7,0x85A9,0x85A9,0x85A9,0x85A9,0x85AA,0x5406,0x3323,0x4BE6,0x5C67,0x8DCB,0x8DCB,
  0xAED0,0xB6D1,0xB712,0xBF12,0xBF12,0xB732,0xB732,0xBF32,0xBF13,0xDF76,0xEF97,0xEF97,0xDF96,0xC713,0xBF13,0xBF12,
  0xBF12,0xBF12,0xBF12,0xBF12,0xB712,0xB712,0xB712,0xB712,0xB712,0xB6F1,0xA66F,0x9E2E,0x8DAB,0x85AA,0x5C26,0x43A5,
  0x3323,0x858A,0x8DC9,0x8DE9,0x8DE9,0x8DEA,0x8DEA,0x6CA7,0x4B86,0x11A1,0x3A47,0xF81F,0xF81F,0xF81F,0xF81F,0xF81F,
  0xF81F,0xF81F,0xF81F,0xF81F,0xF81F,0xF81F,0xF81F,0xF81F,0xF81F,0xF81F,0xF81F,0xF81F,0xF81F,0x19A3,0x11A0,0x6488,
  0x6CE8,0x7D69,0x7D68,0x8DA9,0x8DC9,0x8DAA,0x5407,0x3303,0x5406,0x64A8,0x74E8,0x6CC8,0x960D,0xA68F,0xB712,0xBF12,
  0xBF12,0xBF12,0xBF12,0xBF12,0xBF12,0xC713,0xD735,0xE797,0xDF76,0xC6F3,0xBF12,0xBF12,0xBF12,0xBF12,0xBF12,0xBF12,
  0xB712,0xB712,0xB712,0xB712,0xB712,0xB6F1,0x9E4E,0x8DAC,0x6CA7,0x6CA7,0x6488,0x43A5,0x3302,0x7D6A,0x85A9,0x8DC9,
  0x8DE9,0x8DE9,0x8DEA,0x6CA7,0x4B86,0x11A2,0x4AA9,0xF81F,0xF81F,0xF81F,0xF81F,0xF81F,0xF81F,0xF81F,0xF81F,0xF81F,
  0xF81F,0xF81F,0xF81F,0xF81F,0xF81F,0xF81F,0xF81F,0xF81F,0xF81F,0x1983,0x0940,0x646A,0x64A8,0x7508,0x7508,0x8DA9,
  0x8DCA,0x8DCB,0x5406,0x2B02,0x5C47,0x7509,0x5405,0x4BC4,0x7D6A,0x8DEC,0xB732,0xB712,0xB712,0xBF32,0xBF12,0xBF12,
  0xBF13,0xBEF2,0xC713,0xE7B7,0xDF96,0xC6F3,0xBF12,0xBF12,0xBF12,0xBF12,0xBF12,0xBF12,0xB712,0xB712,0xB711,0xB732,
  0xB711,0xB712,0x9E6F,0x858B,0x5405,0x5C46,0x74E9,0x4BC5,0x3302,0x858B,0x85AA,0x8DEA,0x95EA,0x8DEA,0x95EB,0x5C27,
  0x4306,0x1142,0x4269,0xF81F,0xF81F,0xF81F,0xF81F,0xF81F,0xF81F,0xF81F,0xF81F,0xF81F,0xF81F,0xF81F,0xF81F,0xF81F,
  0xF81F,0xF81F,0xF81F,0xF81F,0xF81F,0xF81F,0x7C8E,0x2A43,0x2261,0x6488,0x6CC7,0x7D69,0x7D49,0x5C46,0x4C06,0x4BE5,
  0x5C87,0x7509,0x7508,0x7529,0x6CC8,0x64A7,0x8DED,0x9E4F,0xB712,0xBF12,0xBF12,0xBF12,0xBF12,0xBEF2,0xC713,0xD755,
  0xCF34,0xBEF3,0xB712,0xB712,0xBEF2,0xBEF2,0xBF12,0xBF12,0xBF12,0xB712,0xAED0,0x9E6F,0x960E,0x858B,0x7529,0x6D08,
  0x6CE7,0x6CC7,0x74E9,0x5426,0x43A5,0x5C26,0x5C26,0x6CC7,0x7D48,0x7528,0x74E9,0x2221,0x3265,0x63CD,0xF81F,0xF81F,
  0xF81F,0xF81F,0xF81F,0xF81F,0xF81F,0xF81F,0xF81F,0xF81F,0xF81F,0xF81F,0xF81F,0xF81F,0xF81F,0xF81F,0xF81F,0xF81F,
  0xF81F,0xF81F,0xF81F,0x2A04,0x2203,0x5C08,0x6488,0x752A,0x64A8,0x22C1,0x4C06,0x64C7,0x64E7,0x6CE8,0x8DEC,0x960C,
  0x6487,0x5425,0x5C87,0x7D2A,0xB732,0xB712,0xBF12,0xBF12,0xBF12,0xB712,0xBF12,0xBEF3,0xBEF2,0xBF12,0xB712,0xB712,
  0xB712,0xB712,0xBF12,0xBF12,0xB6F2,0xB6F2,0xA6B0,0x960D,0x858B,0x5C46,0x5C66,0x64A7,0x8E0C,0x8DEB,0x7508,0x6CC9,
  0x6489,0x3303,0x3303,0x5C26,0x7509,0x74C9,0x746A,0x29E3,0x3206,0xF81F,0xF81F,0xF81F,0xF81F,0xF81F,0xF81F,0xF81F,
  0xF81F,0xF81F,0xF81F,0xF81F,0xF81F,0xF81F,0xF81F,0xF81F,0xF81F,0xF81F,0xF81F,0xF81F,0xF81F,0xF81F,0xF81F,0xF81F,
  0xF81F,0x1161,0x32E4,0x6CAA,0x5C28,0x2AE3,0x4BE5,0x64C7,0x64E7,0x6CE7,0x8DEB,0x8DEC,0x95EC,0x960D,0x9E4E,0x85AC,
  0x64A8,0x6CC9,0x6CA9,0x960E,0xB712,0xB712,0xB712,0xBF12,0xBF12,0xB712,0xB712,0xB712,0xB712,0xB712,0xB6F1,0xA66F,
  0x8D8C,0x6C88,0x6487,0x7509,0x9E4E,0x9E4E,0x960C,0x8E0C,0x960B,0x8DEB,0x6D08,0x6CC8,0x6468,0x32E3,0x32E4,0x4B86,
  0x53E7,0x2221,0x3224,0xF81F,0xF81F,0xF81F,0xF81F,0xF81F,0xF81F,0xF81F,0xF81F,0xF81F,0xF81F,0xF81F,0xF81F,0xF81F,
  0xF81F,0xF81F,0xF81F,0xF81F,0xF81F,0xF81F,0xF81F,0xF81F,0xF81F,0xF81F,0xF81F,0xF81F,0xF81F,0x21C4,0x4326,0x6449,
  0x53E8,0x2AC3,0x4BC5,0x5C86,0x64C7,0x6CC7,0x8DCB,0x95CC,0x9E2D,0x9E2E,0xAEB0,0x960D,0x6CC8,0x6CC9,0x6CC9,0x8DCD,
  0xA690,0xA690,0xA690,0xA690,0xA690,0xA690,0xA690,0xA690,0xAEB0,0xA6B0,0xA66F,0x95ED,0x856B,0x74E9,0x74E9,0x854B,
  0xA68F,0xA66F,0x960C,0x960C,0x960B,0x8DEB,0x6CE8,0x6CC8,0x6468,0x32E4,0x2AC4,0x4326,0x4B68,0x3265,0x4288,0xF81F,
  0xF81F,0xF81F,0xF81F,0xF81F,0xF81F,0xF81F,0xF81F,0xF81F,0xF81F,0xF81F,0xF81F,0xF81F,0xF81F,0xF81F,0xF81F,0xF81F,
  0xF81F,0xF81F,0xF81F,0xF81F,0xF81F,0xF81F,0xF81F,0xF81F,0xF81F,0xF81F,0x3264,0x0980,0x1A02,0x2AA4,0x4BC5,0x5C87,
  0x64C8,0x6CC7,0x8DCB,0x95CB,0x9E2D,0x9E2E,0xA66F,0xAEB0,0xB711,0xAED1,0xAEF1,0x85AC,0x5C47,0x5C26,0x5C26,0x5C26,
  0x5426,0x5C26,0x5C26,0x5C47,0x5C67,0x5C67,0x6487,0x6488,0x960E,0xB712,0xB6F1,0xB6D0,0xA66F,0x9E2E,0x960C,0x960C,
  0x960B,0x8DEB,0x6CE8,0x6CC8,0x5C68,0x2AC3,0x2A83,0x11A1,0x1141,0x8CF1,0xF81F,0xF81F,0xF81F,0xF81F,0xF81F,0xF81F,
  0xF81F,0xF81F,0xF81F,0xF81F,0xF81F,0xF81F,0xF81F,0xF81F,0xF81F,0xF81F,0xF81F,0xF81F,0xF81F,0xF81F,0xF81F,0xF81F,
  0xF81F,0xF81F,0xF81F,0xF81F,0xF81F,0xF81F,0x3A27,0x1943,0x2A04,0x2243,0x43A6,0x64A8,0x64C8,0x6CC8,0x8DCB,0x8DCB,
  0x9E2D,0x9E2E,0x9E2D,0xAE8F,0xBF11,0xB6F1,0xB6F1,0x95CD,0x6C88,0x7489,0x7468,0x6C48,0x6C68,0x6C68,0x6467,0x6488,
  0x64A8,0x6CA8,0x6CC9,0x6CC9,0x9E2E,0xBF12,0xB6F1,0xB6F0,0xA64E,0x960D,0x960C,0x960C,0x960B,0x8DCA,0x6CE8,0x64C9,
  0x5C69,0x2A83,0x2A24,0x1983,0x1943,0x94D1,0xF81F,0xF81F,0xF81F,0xF81F,0xF81F,0xF81F,0xF81F,0xF81F,0xF81F,0xF81F,
  0xF81F,0xF81F,0xF81F,0xF81F,0xF81F,0xF81F,0xF81F,0xF81F,0xF81F,0xF81F,0xF81F,0xF81F,0xF81F,0xF81F,0xF81F,0xF81F,
  0xF81F,0xF81F,0xF81F,0xF81F,0x6C0D,0x0961,0x32A4,0x3B64,0x5C47,0x6CC8,0x8DCB,0x8DCB,0x9E2D,0x9E2D,0x9E2D,0x9E2E,
  0x9E2E,0xA66F,0xB6F1,0xB6D1,0xB6D1,0xC733,0xD774,0xD754,0xD753,0xCF73,0xBF11,0xB6F1,0xB711,0xB6F1,0xB6F1,0xB6F1,
  0xB6F1,0xBF11,0xA68F,0x9E4E,0x9E0D,0x960D,0x960C,0x960C,0x960C,0x8DEB,0x6CE9,0x4BE7,0x4346,0x2203,0x1962,0x63AC,
  0xF81F,0xF81F,0xF81F,0xF81F,0xF81F,0xF81F,0xF81F,0xF81F,0xF81F,0xF81F,0xF81F,0xF81F,0xF81F,0xF81F,0xF81F,0xF81F,
  0xF81F,0xF81F,0xF81F,0xF81F,0xF81F,0xF81F,0xF81F,0xF81F,0xF81F,0xF81F,0xF81F,0xF81F,0xF81F,0xF81F,0xF81F,0xF81F,
  0xF81F,0x3A87,0x3AA6,0x2262,0x5C27,0x6CC9,0x8DEC,0x95EC,0x9E2D,0x9E2D,0x9E2D,0x9E2D,0x9E0D,0x9E4E,0xA68F,0xAE8F,
  0xAE8F,0xC712,0xCF53,0xCF53,0xCF52,0xCF52,0xBF11,0xB711,0xB711,0xB711,0xB6F1,0xAED0,0xAED0,0xAEB0,0xA64E,0x9E2D,
  0x9E2D,0x9E0C,0x960C,0x95CC,0x7D6A,0x7D4A,0x6489,0x4326,0x3285,0x63AB,0x636B,0xF81F,0xF81F,0xF81F,0xF81F,0xF81F,
  0xF81F,0xF81F,0xF81F,0xF81F,0xF81F,0xF81F,0xF81F,0xF81F,0xF81F,0xF81F,0xF81F,0xF81F,0xF81F,0xF81F,0xF81F,0xF81F,
  0xF81F,0xF81F,0xF81F,0xF81F,0xF81F,0xF81F,0xF81F,0xF81F,0xF81F,0xF81F,0xF81F,0xF81F,0xF81F,0xF81F,0x3206,0x0940,
  0x3AE4,0x4365,0x7D4B,0x7D4A,0x960C,0x9E2D,0x9E2D,0x9E2D,0x9E2D,0x9E2D,0x9E2D,0x9E0D,0x960D,0xAE8F,0xB6F0,0xB6F0,
  0xB6D0,0xB6F0,0xB6F0,0xB6F0,0xB710,0xB710,0xAEAF,0x9E2D,0x9E2D,0x9E2D,0x9E2D,0x9E2D,0x9E2C,0x960C,0x9E0D,0x8D8B,
  0x6467,0x6468,0x5C09,0x19C2,0x21A3,0xF81F,0xF81F,0xF81F,0xF81F,0xF81F,0xF81F,0xF81F,0xF81F,0xF81F,0xF81F,0xF81F,
  0xF81F,0xF81F,0xF81F,0xF81F,0xF81F,0xF81F,0xF81F,0xF81F,0xF81F,0xF81F,0xF81F,0xF81F,0xF81F,0xF81F,0xF81F,0xF81F,
  0xF81F,0xF81F,0xF81F,0xF81F,0xF81F,0xF81F,0xF81F,0xF81F,0xF81F,0xF81F,0xF81F,0x42A7,0x5389,0x2A83,0x74EB,0x6CC9,
  0x8DCC,0x95CC,0x9E2D,0x9E2D,0x9E2D,0x9E2D,0x9E2D,0x9E0D,0x960D,0x9E4D,0xA66E,0xA68E,0x9E6D,0x9E6E,0x9E6D,0x9E6D,
  0xA66E,0xA66E,0x9E4D,0x9E2D,0x9E2D,0x9E2D,0x9E2D,0x9E0D,0x9E2C,0x95EC,0x854A,0x74EA,0x5C48,0x4BA7,0x2203,0x42C8,
  0x4A88,0xF81F,0xF81F,0xF81F,0xF81F,0xF81F,0xF81F,0xF81F,0xF81F,0xF81F,0xF81F,0xF81F,0xF81F,0xF81F,0xF81F,0xF81F,
  0xF81F,0xF81F,0xF81F,0xF81F,0xF81F,0xF81F,0xF81F,0xF81F,0xF81F,0xF81F,0xF81F,0xF81F,0xF81F,0xF81F,0xF81F,0xF81F,
  0xF81F,0xF81F,0xF81F,0xF81F,0xF81F,0xF81F,0xF81F,0xF81F,0x1142,0x0960,0x4BA7,0x4BE7,0x6488,0x64A8,0x960D,0x9E2D,
  0x9E2D,0x9E2D,0x9E2D,0x9E2D,0x9E2D,0x9E2D,0x962D,0x962D,0x962C,0x962C,0x962C,0x962C,0x9E2D,0x962C,0x962C,0x9E2D,
  0x9E2D,0x9E2D,0x9E2D,0x9E0D,0x9E0D,0x95EC,0x6CA8,0x6C89,0x6429,0x5388,0x1162,0x7C2F,0xF81F,0xF81F,0xF81F,0xF81F,
  0xF81F,0xF81F,0xF81F,0xF81F,0xF81F,0xF81F,0xF81F,0xF81F,0xF81F,0xF81F,0xF81F,0xF81F,0xF81F,0xF81F,0xF81F,0xF81F,
  0xF81F,0xF81F,0xF81F,0xF81F,0xF81F,0xF81F,0xF81F,0xF81F,0xF81F,0xF81F,0xF81F,0xF81F,0xF81F,0xF81F,0xF81F,0xF81F,
  0xF81F,0xF81F,0xF81F,0xF81F,0xF81F,0x5BCB,0x2A84,0x2A83,0x5C48,0x6468,0x7D4A,0x856A,0x960D,0x9E2D,0x9E2D,0x9E2D,
  0x9E2D,0x9E0C,0x9E2D,0x962D,0x962C,0x9E2C,0x9E2C,0x9E2C,0x9E2C,0x9E2D,0x962C,0x962C,0x962D,0x962C,0x962D,0x95EC,
  0x858A,0x856A,0x6CA9,0x53E7,0x3B05,0x4B28,0x5B6A,0xF81F,0xF81F,0xF81F,0xF81F,0xF81F,0xF81F,0xF81F,0xF81F,0xF81F,
  0xF81F,0xF81F,0xF81F,0xF81F,0xF81F,0xF81F,0xF81F,0xF81F,0xF81F,0xF81F,0xF81F,0xF81F,0xF81F,0xF81F,0xF81F,0xF81F,
  0xF81F,0xF81F,0xF81F,0xF81F,0xF81F,0xF81F,0xF81F,0xF81F,0xF81F,0xF81F,0xF81F,0xF81F,0xF81F,0xF81F,0xF81F,0xF81F,
  0xF81F,0xF81F,0x1142,0x0120,0x53E9,0x5C28,0x6CC9,0x6CC8,0x95ED,0x9E2D,0x9E2D,0x9E2D,0x9E2D,0x962C,0x962C,0x962C,
  0x962C,0x962C,0x962C,0x9E2C,0x9E2C,0x9E2D,0x9E2D,0x962D,0x962D,0x960D,0x962D,0x8DEC,0x6D09,0x74E9,0x6469,0x4B67,
  0x19A2,0x4AA8,0xF81F,0xF81F,0xF81F,0xF81F,0xF81F,0xF81F,0xF81F,0xF81F,0xF81F,0xF81F,0xF81F,0xF81F,0xF81F,0xF81F,
  0xF81F,0xF81F,0xF81F,0xF81F,0xF81F,0xF81F,0xF81F,0xF81F,0xF81F,0xF81F,0xF81F,0xF81F,0xF81F,0xF81F,0xF81F,0xF81F,
  0xF81F,0xF81F,0xF81F,0xF81F,0xF81F,0xF81F,0xF81F,0xF81F,0xF81F,0xF81F,0xF81F,0xF81F,0xF81F,0xF81F,0xF81F,0xF81F,
  0x3285,0x1A02,0x5428,0x5427,0x6488,0x6CC8,0x6CC8,0x8DAC,0x962D,0x9E2D,0x9E2D,0x9E2D,0x9E2D,0x9E2D,0x9E2D,0x9E2D,
  0x9E2D,0x962D,0x8DEC,0x858B,0x7509,0x5C46,0x5C67,0x6CC9,0x6488,0x5C08,0x2203,0x3245,0xF81F,0xF81F,0xF81F,0xF81F,
  0xF81F,0xF81F,0xF81F,0xF81F,0xF81F,0xF81F,0xF81F,0xF81F,0xF81F,0xF81F,0xF81F,0xF81F,0xF81F,0xF81F,0xF81F,0xF81F,
  0xF81F,0xF81F,0xF81F,0xF81F,0xF81F,0xF81F,0xF81F,0xF81F,0xF81F,0xF81F,0xF81F,0xF81F,0xF81F,0xF81F,0xF81F,0xF81F,
  0xF81F,0xF81F,0xF81F,0xF81F,0xF81F,0xF81F,0xF81F,0xF81F,0xF81F,0xF81F,0xF81F,0xF81F,0x21C4,0x1162,0x4B87,0x4BA6,
  0x4BE6,0x4C05,0x4BE4,0x7D6A,0x962D,0x962D,0x962D,0x962D,0x962D,0x962D,0x962D,0x962D,0x9E2D,0x9E4E,0x8DCC,0x7D6B,
  0x64A8,0x4BC5,0x4BE5,0x5C48,0x6449,0x5389,0x1142,0x2164,0xF81F,0xF81F,0xF81F,0xF81F,0xF81F,0xF81F,0xF81F,0xF81F,
  0xF81F,0xF81F,0xF81F,0xF81F,0xF81F,0xF81F,0xF81F,0xF81F,0xF81F,0xF81F,0xF81F,0xF81F,0xF81F,0xF81F,0xF81F,0xF81F,
  0xF81F,0xF81F,0xF81F,0xF81F,0xF81F,0xF81F,0xF81F,0xF81F,0xF81F,0xF81F,0xF81F,0xF81F,0xF81F,0xF81F,0xF81F,0xF81F,
  0xF81F,0xF81F,0xF81F,0xF81F,0xF81F,0xF81F,0xF81F,0xF81F,0xF81F,0x744F,0x11C1,0x2A82,0x6CEA,0x6CC8,0x6CC7,0x64C7,
  0x64C7,0x64C7,0x64E7,0x64E7,0x64C7,0x64E7,0x64E7,0x6CE8,0x6CC8,0x6CC8,0x5C67,0x5405,0x5C67,0x6CEA,0x6488,0x53E7,
  0x2A43,0x3AA6,0x9512,0xF81F,0xF81F,0xF81F,0xF81F,0xF81F,0xF81F,0xF81F,0xF81F,0xF81F,0xF81F,0xF81F,0xF81F,0xF81F,
  0xF81F,0xF81F,0xF81F,0xF81F,0xF81F,0xF81F,0xF81F,0xF81F,0xF81F,0xF81F,0xF81F,0xF81F,0xF81F,0xF81F,0xF81F,0xF81F,
  0xF81F,0xF81F,0xF81F,0xF81F,0xF81F,0xF81F,0xF81F,0xF81F,0xF81F,0xF81F,0xF81F,0xF81F,0xF81F,0xF81F,0xF81F,0xF81F,
  0xF81F,0xF81F,0xF81F,0xF81F,0xF81F,0xF81F,0x19A3,0x32A5,0x6CAB,0x6CC9,0x7549,0x6CC7,0x5C45,0x5C66,0x5C86,0x5C86,
  0x5C66,0x5C66,0x5C66,0x5C66,0x5C66,0x5C66,0x5425,0x4BE5,0x5C47,0x74EA,0x6448,0x4B67,0x1982,0x3A26,0xF81F,0xF81F,
  0xF81F,0xF81F,0xF81F,0xF81F,0xF81F,0xF81F,0xF81F,0xF81F,0xF81F,0xF81F,0xF81F,0xF81F,0xF81F,0xF81F,0xF81F,0xF81F,
  0xF81F,0xF81F,0xF81F,0xF81F,0xF81F,0xF81F,0xF81F,0xF81F,0xF81F,0xF81F,0xF81F,0xF81F,0xF81F,0xF81F,0xF81F,0xF81F,
  0xF81F,0xF81F,0xF81F,0xF81F,0xF81F,0xF81F,0xF81F,0xF81F,0xF81F,0xF81F,0xF81F,0xF81F,0xF81F,0xF81F,0xF81F,0xF81F,
  0xF81F,0xF81F,0xF81F,0x6C2D,0x1181,0x3B04,0x750A,0x7D4A,0x856A,0x8569,0x8569,0x7D69,0x7D69,0x8569,0x8569,0x8569,
  0x7D69,0x856A,0x7D49,0x74E9,0x74C9,0x6CC8,0x32A4,0x21A2,0xF81F,0xF81F,0xF81F,0xF81F,0xF81F,0xF81F,0xF81F,0xF81F,
  0xF81F,0xF81F,0xF81F,0xF81F,0xF81F,0xF81F,0xF81F,0xF81F,0xF81F,0xF81F,0xF81F,0xF81F,0xF81F,0xF81F,0xF81F,0xF81F,
  0xF81F,0xF81F,0xF81F,0xF81F,0xF81F,0xF81F,0xF81F,0xF81F,0xF81F,0xF81F,0xF81F,0xF81F,0xF81F,0xF81F,0xF81F,0xF81F,
  0xF81F,0xF81F,0xF81F,0xF81F,0xF81F,0xF81F,0xF81F,0xF81F,0xF81F,0xF81F,0xF81F,0xF81F,0xF81F,0xF81F,0xF81F,0xF81F,
  0x1142,0x32C5,0x74EB,0x7D2A,0x856A,0x858A,0x856A,0x856A,0x8569,0x856A,0x858A,0x858A,0x858A,0x858A,0x7D4A,0x74E9,
  0x6CA9,0x6C8A,0x42A7,0x29A4,0xF81F,0xF81F,0xF81F,0xF81F,0xF81F,0xF81F,0xF81F,0xF81F,0xF81F,0xF81F,0xF81F,0xF81F,
  0xF81F,0xF81F,0xF81F,0xF81F,0xF81F,0xF81F,0xF81F,0xF81F,0xF81F,0xF81F,0xF81F,0xF81F,0xF81F,0xF81F,0xF81F,0xF81F,
  0xF81F,0xF81F,0xF81F,0xF81F,0xF81F,0xF81F,0xF81F,0xF81F,0xF81F,0xF81F,0xF81F,0xF81F,0xF81F,0xF81F,0xF81F,0xF81F,
  0xF81F,0xF81F,0xF81F,0xF81F,0xF81F,0xF81F,0xF81F,0xF81F,0xF81F,0xF81F,0xF81F,0xF81F,0xF81F,0x4B49,0x1A02,0x4345,
  0x6488,0x6CC8,0x6CC8,0x6CA8,0x6CA8,0x6CA8,0x6CA8,0x6C88,0x6C88,0x6CA8,0x6468,0x5C28,0x3B05,0x19C2,0x63AC,0xF81F,
  0xF81F,0xF81F,0xF81F,0xF81F,0xF81F,0xF81F,0xF81F,0xF81F,0xF81F,0xF81F,0xF81F,0xF81F,0xF81F,0xF81F,0xF81F,0xF81F,
  0xF81F,0xF81F,0xF81F,0xF81F,0xF81F,0xF81F,0xF81F,0xF81F,0xF81F,0xF81F,0xF81F,0xF81F,0xF81F,0xF81F,0xF81F,0xF81F,
  0xF81F,0xF81F,0xF81F,0xF81F,0xF81F,0xF81F,0xF81F,0xF81F,0xF81F,0xF81F,0xF81F,0xF81F,0xF81F,0xF81F,0xF81F,0xF81F,
  0xF81F,0xF81F,0xF81F,0xF81F,0xF81F,0xF81F,0xF81F,0xF81F,0xF81F,0xF81F,0x3225,0x4326,0x5408,0x5C28,0x5C28,0x5C08,
  0x5C08,0x5C08,0x53E8,0x53E8,0x53C7,0x5BE8,0x5BE8,0x53A8,0x4B28,0x3A87,0xF81F,0xF81F,0xF81F,0xF81F,0xF81F,0xF81F,
  0xF81F,0xF81F,0xF81F,0xF81F,0xF81F,0xF81F,0xF81F,0xF81F,0xF81F,0xF81F,0xF81F,0xF81F,0xF81F,0xF81F,0xF81F,0xF81F,
  0xF81F,0xF81F,0xF81F,0xF81F,0xF81F,0xF81F,0xF81F,0xF81F,0xF81F,0xF81F,0xF81F,0xF81F,0xF81F,0xF81F,0xF81F,0xF81F,
  0xF81F,0xF81F,0xF81F,0xF81F,0xF81F,0xF81F,0xF81F,0xF81F,0xF81F,0xF81F,0xF81F,0xF81F,0xF81F,0xF81F,0xF81F,0xF81F,
  0xF81F,0xF81F,0xF81F,0xF81F,0xF81F,0xF81F,0xF81F,0x3AC7,0x1181,0x11A2,0x19A2,0x19A2,0x19A2,0x19A2,0x19A2,0x19A2,
  0x19A2,0x19A2,0x19A2,0x1983,0x5B6B,0xF81F,0xF81F,0xF81F,0xF81F,0xF81F,0xF81F,0xF81F,0xF81F,0xF81F,0xF81F,0xF81F,
  0xF81F,0xF81F,0xF81F,0xF81F,0xF81F,0xF81F,0xF81F,0xF81F,0xF81F,0xF81F,0xF81F,0xF81F,0xF81F,0xF81F,0xF81F,0xF81F,
  0xF81F,0xF81F,0xF81F,0xF81F,0xF81F,0xF81F,0xF81F,0xF81F,0xF81F,0xF81F,0xF81F,0xF81F,0xF81F,0xF81F,0xF81F,0xF81F,
  0xF81F,0xF81F,0xF81F,0xF81F,0xF81F,0xF81F,0xF81F,0xF81F,0xF81F,0xF81F,0xF81F,0xF81F,0xF81F,0xF81F,0xF81F,0xF81F,
  0xF81F,0xF81F,0xF81F,0xF81F,0x21C5,0x5B6B,0x638C,0x6BED,0x6BED,0x6BED,0x6BED,0x6BED,0x6BED,0x6BED,0x6BED,0x31E6,
  0xF81F,0xF81F,0xF81F,0xF81F,0xF81F,0xF81F,0xF81F,0xF81F,0xF81F,0xF81F,0xF81F,0xF81F,0xF81F,0xF81F,0xF81F,0xF81F,
  0xF81F,0xF81F,0xF81F,0xF81F,0xF81F,0xF81F,0xF81F,0xF81F,0xF81F,0xF81F,0xF81F,0xF81F,0xF81F,0xF81F,0xF81F,0xF81F,
};
static const RigPart RIG_TORSO = { RIG_TORSO_PX, 76, 124, 38.00f, 120.65f };
static const float RIG_TORSO_NECK_X = 38.00f, RIG_TORSO_NECK_Y = 14.24f;
static const float RIG_TORSO_SHL_X = 7.52f, RIG_TORSO_SHL_Y = 26.81f;
static const float RIG_TORSO_SHR_X = 68.48f, RIG_TORSO_SHR_Y = 26.81f;
static const float RIG_TORSO_HIPFL_X = 27.56f, RIG_TORSO_HIPFL_Y = 113.11f;
static const float RIG_TORSO_HIPFR_X = 48.44f, RIG_TORSO_HIPFR_Y = 113.11f;
static const float RIG_TORSO_HIPBL_X = 21.71f, RIG_TORSO_HIPBL_Y = 103.05f;
static const float RIG_TORSO_HIPBR_X = 54.29f, RIG_TORSO_HIPBR_Y = 103.05f;
static const float RIG_TORSO_ABD_X = 50.95f, RIG_TORSO_ABD_Y = 100.54f;

static const uint16_t RIG_HEAD_PX[11685] = {
  0xF81F,0xF81F,0xF81F,0xF81F,0xF81F,0xF81F,0x6229,0x624A,0x624A,0x6A8B,0x836E,0x7B4D,0x736C,0x6B8C,0x638B,0x63CB,
  0x63CA,0x5BCA,0x3265,0xF81F,0xF81F,0xF81F,0xF81F,0xF81F,0xF81F,0xF81F,0xF81F,0xF81F,0xF81F,0xF81F,0xF81F,0xF81F,
  0xF81F,0xF81F,0xF81F,0xF81F,0xF81F,0xF81F,0xF81F,0xF81F,0xF81F,0xF81F,0xF81F,0xF81F,0xF81F,0xF81F,0xF81F,0xF81F,
  0xF81F,0xF81F,0xF81F,0xF81F,0xF81F,0xF81F,0xF81F,0xF81F,0xF81F,0xF81F,0xF81F,0xF81F,0xF81F,0xF81F,0xF81F,0xF81F,
  0xF81F,0xF81F,0xF81F,0xF81F,0xF81F,0xF81F,0xF81F,0xF81F,0xF81F,0xF81F,0xF81F,0xF81F,0xF81F,0xF81F,0xF81F,0xF81F,
  0xF81F,0xF81F,0xF81F,0xF81F,0xF81F,0xF81F,0xF81F,0xF81F,0xF81F,0xF81F,0xF81F,0xF81F,0xF81F,0xF81F,0xF81F,0xF81F,
  0xF81F,0xF81F,0xF81F,0xF81F,0xF81F,0xF81F,0xF81F,0xF81F,0xF81F,0xF81F,0x2A64,0x6C4D,0x742D,0x636B,0x6B4B,0x7BAD,
  0x83AE,0x838E,0x838E,0x836E,0x7B2C,0x5A28,0xF81F,0xF81F,0xF81F,0xF81F,0xF81F,0xF81F,0xF81F,0xF81F,0xF81F,0x6187,
  0x61A8,0x69A8,0x69A8,0x61A8,0x61C9,0x61E9,0x51A7,0x49E6,0x4205,0x3244,0x3263,0x2A83,0x2282,0x2A63,0x2A43,0x3224,
  0xF81F,0xF81F,0xF81F,0xF81F,0xF81F,0xF81F,0xF81F,0xF81F,0xF81F,0xF81F,0xF81F,0xF81F,0xF81F,0xF81F,0xF81F,0xF81F,
  0xF81F,0xF81F,0xF81F,0xF81F,0xF81F,0xF81F,0xF81F,0xF81F,0xF81F,0xF81F,0xF81F,0xF81F,0xF81F,0xF81F,0xF81F,0xF81F,
  0xF81F,0xF81F,0xF81F,0xF81F,0xF81F,0xF81F,0xF81F,0xF81F,0xF81F,0xF81F,0xF81F,0xF81F,0xF81F,0xF81F,0xF81F,0xF81F,
  0xF81F,0xF81F,0xF81F,0xF81F,0xF81F,0xF81F,0xF81F,0xF81F,0xF81F,0xF81F,0xF81F,0xF81F,0xF81F,0xF81F,0xF81F,0xF81F,
  0xF81F,0xF81F,0xF81F,0xF81F,0xF81F,0xF81F,0xF81F,0xF81F,0xF81F,0xF81F,0xF81F,0xF81F,0xF81F,0xF81F,0xF81F,0xF81F,
  0xF81F,0xF81F,0x2263,0x2242,0x2242,0x2243,0x2A23,0x3203,0x4204,0x41E4,0x51E6,0x59C7,0x61A7,0x61A8,0x61A8,0x61C8,
  0x61E8,0x59E8,0xF81F,0xF81F,0xF81F,0xF81F,0xF81F,0xF81F,0xF81F,0x930E,0xD4B5,0xD495,0xDC75,0xD455,0xD455,0xB371,
  0x92AE,0x826B,0x728A,0x62A7,0x6347,0x6427,0x5C67,0x5C67,0x6CA9,0x6CAA,0x7D0D,0x74AC,0x748D,0x748D,0xF81F,0xF81F,
  0xF81F,0xF81F,0xF81F,0xF81F,0xF81F,0xF81F,0xF81F,0xF81F,0xF81F,0xF81F,0xF81F,0xF81F,0xF81F,0xF81F,0xF81F,0xF81F,
  0xF81F,0xF81F,0xF81F,0xF81F,0xF81F,0xF81F,0xF81F,0xF81F,0xF81F,0xF81F,0xF81F,0xF81F,0xF81F,0xF81F,0xF81F,0xF81F,
  0xF81F,0xF81F,0xF81F,0xF81F,0xF81F,0xF81F,0xF81F,0xF81F,0xF81F,0xF81F,0xF81F,0xF81F,0xF81F,0xF81F,0xF81F,0xF81F,
  0xF81F,0xF81F,0xF81F,0xF81F,0xF81F,0xF81F,0xF81F,0xF81F,0xF81F,0xF81F,0xF81F,0xF81F,0xF81F,0xF81F,0xF81F,0xF81F,
  0xF81F,0xF81F,0xF81F,0xF81F,0xF81F,0xF81F,0xF81F,0xF81F,0xF81F,0xF81F,0x640B,0x850F,0x852E,0x64AA,0x64A9,0x6CC9,
  0x6CAA,0x746A,0x6348,0x6AE8,0x72C8,0x82AA,0x8A8B,0xA2EE,0xC433,0xC433,0xC472,0xC492,0xC4D4,0x9BAF,0x72CB,0xF81F,
  0xF81F,0xF81F,0xF81F,0x7A8B,0x826C,0xF558,0xF538,0xF518,0xF4F8,0xED18,0xC3D3,0xA32F,0x8ACD,0x82EB,0x6B08,0x6388,
  0x7CEB,0x754B,0x7D4B,0x85AD,0x8DCE,0x646A,0x2241,0x2242,0x2242,0x2A63,0x4B08,0xF81F,0xF81F,0xF81F,0xF81F,0xF81F,
  0xF81F,0xF81F,0xF81F,0xF81F,0xF81F,0xF81F,0xF81F,0xF81F,0xF81F,0xF81F,0xF81F,0xF81F,0xF81F,0xF81F,0xF81F,0xF81F,
  0xF81F,0xF81F,0xF81F,0xF81F,0xF81F,0xF81F,0xF81F,0xF81F,0xF81F,0xF81F,0xF81F,0xF81F,0xF81F,0xF81F,0xF81F,0xF81F,
  0xF81F,0xF81F,0xF81F,0xF81F,0xF81F,0xF81F,0xF81F,0xF81F,0xF81F,0xF81F,0xF81F,0xF81F,0xF81F,0xF81F,0xF81F,0xF81F,
  0xF81F,0xF81F,0xF81F,0xF81F,0xF81F,0xF81F,0xF81F,0xF81F,0xF81F,0xF81F,0xF81F,0xF81F,0xF81F,0xF81F,0xF81F,0xF81F,
  0xF81F,0xF81F,0xF81F,0x32A4,0x2222,0x2222,0x1A22,0x2AC3,0x85AD,0x85AC,0x858D,0x856D,0x850C,0x6BA9,0x6B29,0x72E9,
  0x930C,0xA2ED,0xBB71,0xED17,0xED58,0xED98,0xE5B7,0xE598,0x9B4E,0x726A,0xF81F,0xF81F,0xF81F,0x724A,0xCC53,0xE4B6,
  0xECD7,0xECB7,0xF4D7,0xD414,0xC392,0xAB31,0x930E,0x7AAB,0x6AC9,0x5B08,0x5B68,0x6C4A,0x646A,0x6469,0x6C8A,0x6489,
  0x6C8A,0x6CA9,0x6CAA,0x6CCA,0x6CCB,0x7CED,0x850F,0x7CAE,0x7C6F,0xF81F,0xF81F,0xF81F,0xF81F,0xF81F,0xF81F,0xF81F,
  0xF81F,0xF81F,0xF81F,0xF81F,0xF81F,0xF81F,0xF81F,0xF81F,0xF81F,0xF81F,0xF81F,0xF81F,0xF81F,0xF81F,0xF81F,0xF81F,
  0xF81F,0xF81F,0xF81F,0xF81F,0xF81F,0xF81F,0xF81F,0xF81F,0xF81F,0xF81F,0xF81F,0xF81F,0xF81F,0xF81F,0xF81F,0xF81F,
  0xF81F,0xF81F,0xF81F,0xF81F,0xF81F,0xF81F,0xF81F,0xF81F,0xF81F,0xF81F,0xF81F,0xF81F,0xF81F,0xF81F,0xF81F,0xF81F,
  0xF81F,0xF81F,0xF81F,0xF81F,0xF81F,0xF81F,0xF81F,0xF81F,0xF81F,0xF81F,0xF81F,0xF81F,0x74AD,0x7D0D,0x7D0C,0x6CCA,
  0x6CA9,0x6489,0x648A,0x5C69,0x6469,0x6469,0x646A,0x642A,0x5348,0x5AE8,0x62C8,0x7A8A,0x9ACD,0xBB30,0xDC35,0xD475,
  0xDD37,0xDD36,0xE516,0xE4F6,0xDD16,0x7AAB,0x62CB,0x6249,0x720A,0xCC33,0xECB6,0xEC97,0xF4B7,0xF4B7,0xDC14,0xC3B3,
  0xB351,0x934E,0x6269,0x4A06,0x3A45,0x3264,0x3264,0x2A43,0x2223,0x2243,0x2262,0x5C28,0x9E2F,0x9E4F,0x9E6F,0x9E70,
  0xA651,0x2242,0x2222,0x2A03,0x3A87,0xF81F,0xF81F,0xF81F,0xF81F,0xF81F,0xF81F,0xF81F,0xF81F,0xF81F,0xF81F,0xF81F,
  0xF81F,0xF81F,0xF81F,0xF81F,0xF81F,0xF81F,0xF81F,0xF81F,0xF81F,0xF81F,0xF81F,0xF81F,0xF81F,0xF81F,0xF81F,0xF81F,
  0xF81F,0xF81F,0xF81F,0xF81F,0xF81F,0xF81F,0xF81F,0xF81F,0xF81F,0xF81F,0xF81F,0xF81F,0xF81F,0xF81F,0xF81F,0xF81F,
  0xF81F,0xF81F,0xF81F,0xF81F,0xF81F,0xF81F,0xF81F,0xF81F,0xF81F,0xF81F,0xF81F,0xF81F,0xF81F,0xF81F,0xF81F,0xF81F,
  0xF81F,0xF81F,0xF81F,0xF81F,0xF81F,0x3264,0x2A43,0x2242,0x2AC3,0x95EE,0x960E,0x8DED,0x8DCE,0x856D,0x1A22,0x2242,
  0x2242,0x2A63,0x2A64,0x3224,0x3A05,0x3A05,0x51C7,0x92ED,0xBB30,0xE415,0xDC15,0xE4D7,0xE4F7,0xE4F7,0xECF6,0xED36,
  0x7A8B,0x6ACA,0x8B8F,0x7209,0xBB90,0xCBB2,0xCB92,0xCB92,0xCBB2,0xC3B2,0xBBB2,0x92AD,0x59E8,0x6289,0x4A67,0x3A66,
  0x3A66,0x3A66,0x3A46,0x3245,0x3244,0x5348,0x748B,0x8D8E,0x8DAE,0x8DCD,0x8DCD,0x8DCE,0x3B44,0x3B24,0x4325,0x5BEA,
  0x9D92,0xF81F,0xF81F,0xF81F,0xF81F,0xF81F,0xF81F,0xF81F,0xF81F,0xF81F,0xF81F,0xF81F,0xF81F,0xF81F,0xF81F,0xF81F,
  0xF81F,0xF81F,0xF81F,0xF81F,0xF81F,0xF81F,0xF81F,0xF81F,0xF81F,0xF81F,0xF81F,0xF81F,0xF81F,0xF81F,0xF81F,0xF81F,
  0xF81F,0xF81F,0xF81F,0xF81F,0xF81F,0xF81F,0xF81F,0xF81F,0xF81F,0xF81F,0xF81F,0xF81F,0xF81F,0xF81F,0xF81F,0xF81F,
  0xF81F,0xF81F,0xF81F,0xF81F,0xF81F,0xF81F,0xF81F,0xF81F,0xF81F,0xF81F,0xF81F,0xF81F,0xF81F,0xF81F,0xF81F,0xF81F,
  0x4B87,0x4365,0x3B65,0x4385,0x7D2C,0x752B,0x7D2C,0x7D0C,0x74CC,0x5369,0x5B6A,0x5B6A,0x5B8A,0x5B6A,0x5B6A,0x5B4B,
  0x52C9,0x5A69,0x6A2A,0x924C,0xCBB3,0xCBB3,0xD3F4,0xD434,0xD454,0xD454,0xCC73,0x724A,0x6ACB,0xF81F,0x6A29,0xA36F,
  0xB370,0xB370,0xAB50,0xB370,0xAB90,0xABB1,0x7A8C,0x49E7,0xF81F,0xF81F,0xF81F,0xF81F,0xF81F,0xF81F,0xF81F,0xF81F,
  0xF81F,0x4B28,0x2202,0x2242,0x2242,0x2262,0x3B25,0x9E2F,0x9E2E,0x95EF,0x74AB,0x2222,0x2A03,0x5B69,0xF81F,0xF81F,
  0xF81F,0xF81F,0xF81F,0xF81F,0xF81F,0xF81F,0xF81F,0xF81F,0xF81F,0xF81F,0xF81F,0xF81F,0xF81F,0xF81F,0xF81F,0xF81F,
  0xF81F,0xF81F,0xF81F,0xF81F,0xF81F,0xF81F,0xF81F,0xF81F,0xF81F,0xF81F,0xF81F,0xF81F,0xF81F,0xF81F,0xF81F,0xF81F,
  0xF81F,0xF81F,0xF81F,0xF81F,0xF81F,0xF81F,0xF81F,0xF81F,0xF81F,0xF81F,0xF81F,0xF81F,0xF81F,0xF81F,0xF81F,0xF81F,
  0xF81F,0xF81F,0xF81F,0xF81F,0xF81F,0xF81F,0xF81F,0xF81F,0x2A43,0x2A43,0x2AA3,0x9E30,0x960F,0x960F,0x9610,0x32C4,
  0x2223,0x2223,0x2202,0x42A6,0xF81F,0xF81F,0xF81F,0xF81F,0xF81F,0xF81F,0xF81F,0xF81F,0xF81F,0x49C7,0x722A,0xAB91,
  0xB391,0xB3B1,0xB3B1,0xB3F2,0xB3D1,0xB452,0x5A49,0x62EB,0xF81F,0xF81F,0x8B2D,0x6A29,0x722A,0x722A,0x722A,0x6A4A,
  0x6A6A,0x6ACB,0xF81F,0xF81F,0xF81F,0xF81F,0xF81F,0xF81F,0xF81F,0xF81F,0xF81F,0xF81F,0xF81F,0x21E4,0x4B29,0x5349,
  0x5369,0x640A,0x852D,0x74EA,0x74EA,0x6469,0x3B04,0x3B05,0x5BC9,0xF81F,0xF81F,0xF81F,0xF81F,0xF81F,0xF81F,0xF81F,
  0xF81F,0xF81F,0xF81F,0xF81F,0xF81F,0xF81F,0xF81F,0xF81F,0xF81F,0xF81F,0xF81F,0xF81F,0xF81F,0xF81F,0xF81F,0xF81F,
  0xF81F,0xF81F,0xF81F,0xF81F,0xF81F,0xF81F,0xF81F,0xF81F,0xF81F,0xF81F,0xF81F,0xF81F,0xF81F,0xF81F,0xF81F,0xF81F,
  0xF81F,0xF81F,0xF81F,0xF81F,0xF81F,0xF81F,0xF81F,0xF81F,0xF81F,0xF81F,0xF81F,0xF81F,0xF81F,0xF81F,0xF81F,0xF81F,
  0xF81F,0xF81F,0x640A,0x4B86,0x4B86,0x4BC6,0x750B,0x74EB,0x74CB,0x7CEC,0x3AC6,0x2204,0x21E4,0x21C4,0x4AA8,0xF81F,
  0xF81F,0xF81F,0xF81F,0xF81F,0xF81F,0xF81F,0xF81F,0xF81F,0xF81F,0x830D,0x6209,0x61E9,0x61E9,0x61E9,0x6A0A,0x6209,
  0x5A08,0x83AE,0xF81F,0xF81F,0xF81F,0xF81F,0x51E8,0x51E7,0x51E7,0x49E7,0x49E7,0x4A07,0x5A89,0xF81F,0xF81F,0xF81F,
  0xF81F,0xF81F,0xF81F,0xF81F,0xF81F,0xF81F,0xF81F,0xF81F,0xF81F,0xF81F,0xF81F,0xF81F,0xF81F,0x3225,0x21E3,0x1A01,
  0x5C07,0xA66F,0xAE70,0x6C8A,0x3264,0x42C7,0xF81F,0xF81F,0xF81F,0xF81F,0xF81F,0xF81F,0xF81F,0xF81F,0xF81F,0xF81F,
  0xF81F,0xF81F,0xF81F,0xF81F,0xF81F,0xF81F,0xF81F,0xF81F,0xF81F,0xF81F,0xF81F,0xF81F,0xF81F,0xF81F,0xF81F,0xF81F,
  0xF81F,0xF81F,0xF81F,0xF81F,0xF81F,0xF81F,0xF81F,0xF81F,0xF81F,0xF81F,0xF81F,0xF81F,0xF81F,0xF81F,0xF81F,0xF81F,
  0xF81F,0xF81F,0xF81F,0xF81F,0xF81F,0xF81F,0xF81F,0xF81F,0xF81F,0xF81F,0xF81F,0xF81F,0x32A4,0x4365,0xA68F,0xA650,
  0x9E10,0x2222,0x19E2,0x19E2,0x21C3,0xF81F,0xF81F,0xF81F,0xF81F,0xF81F,0xF81F,0xF81F,0xF81F,0xF81F,0xF81F,0xF81F,
  0xF81F,0xF81F,0xF81F,0xF81F,0xF81F,0x41C7,0x41C7,0x49A7,0x49C7,0x51E7,0x49E7,0x41C7,0xF81F,0xF81F,0xF81F,0xF81F,
  0xF81F,0xF81F,0x9471,0x9C71,0x9471,0x9451,0xF81F,0xF81F,0xF81F,0xF81F,0xF81F,0xF81F,0xF81F,0xF81F,0xF81F,0xF81F,
  0xF81F,0xF81F,0xF81F,0xF81F,0xF81F,0xF81F,0xF81F,0xF81F,0x29C4,0x19A2,0x19E2,0x5BC8,0xA670,0xA650,0x6469,0x2A42,
  0x3AA5,0xF81F,0xF81F,0xF81F,0xF81F,0xF81F,0xF81F,0xF81F,0xF81F,0xF81F,0xF81F,0xF81F,0xF81F,0xF81F,0xF81F,0xF81F,
  0xF81F,0xF81F,0xF81F,0xF81F,0xF81F,0xF81F,0xF81F,0xF81F,0xF81F,0xF81F,0xF81F,0xF81F,0xF81F,0xF81F,0xF81F,0xF81F,
  0xF81F,0xF81F,0xF81F,0xF81F,0xF81F,0xF81F,0xF81F,0xF81F,0xF81F,0xF81F,0xF81F,0xF81F,0xF81F,0xF81F,0xF81F,0xF81F,
  0xF81F,0xF81F,0xF81F,0xF81F,0xF81F,0xF81F,0x642A,0x32A3,0x4344,0xAE90,0xA650,0xA652,0x19E2,0x1982,0x1982,0x1983,
  0xF81F,0xF81F,0xF81F,0xF81F,0xF81F,0xF81F,0xF81F,0xF81F,0xF81F,0xF81F,0xF81F,0xF81F,0xF81F,0xF81F,0xF81F,0xF81F,
  0xF81F,0xB555,0xB555,0xBD55,0xBD75,0x9C92,0x9471,0xF81F,0xF81F,0xF81F,0xF81F,0xF81F,0xF81F,0xF81F,0xF81F,0xF81F,
  0xF81F,0xF81F,0xF81F,0xF81F,0xF81F,0xF81F,0xF81F,0xF81F,0xF81F,0xF81F,0xF81F,0xF81F,0xF81F,0xF81F,0xF81F,0xF81F,
  0xF81F,0xF81F,0xF81F,0xF81F,0xF81F,0xF81F,0x4B47,0x4305,0x4345,0x6CAA,0x856D,0x856E,0x3AC5,0x4B29,0xF81F,0xF81F,
  0xF81F,0xF81F,0xF81F,0xF81F,0xF81F,0xF81F,0xF81F,0xF81F,0xF81F,0xF81F,0xF81F,0xF81F,0xF81F,0xF81F,0xF81F,0xF81F,
  0xF81F,0xF81F,0xF81F,0xF81F,0xF81F,0xF81F,0xF81F,0xF81F,0xF81F,0xF81F,0xF81F,0xF81F,0xF81F,0xF81F,0xF81F,0xF81F,
  0xF81F,0xF81F,0xF81F,0xF81F,0xF81F,0xF81F,0xF81F,0xF81F,0xF81F,0xF81F,0xF81F,0xF81F,0xF81F,0xF81F,0xF81F,0xF81F,
  0x5367,0x7D0C,0x8DAD,0x856C,0x4BC6,0x4346,0x4327,0xF81F,0xF81F,0xF81F,0xF81F,0xF81F,0xF81F,0xF81F,0xF81F,0xF81F,
  0xF81F,0xF81F,0xF81F,0xF81F,0xF81F,0xF81F,0xF81F,0xF81F,0xF81F,0xF81F,0xF81F,0xF81F,0xF81F,0xF81F,0xF81F,0xF81F,
  0xF81F,0xF81F,0xF81F,0xF81F,0xF81F,0xF81F,0xF81F,0xF81F,0xF81F,0xF81F,0xF81F,0xF81F,0xF81F,0xF81F,0xF81F,0xF81F,
  0xF81F,0xF81F,0xF81F,0xF81F,0xF81F,0xF81F,0xF81F,0xF81F,0xF81F,0xF81F,0xF81F,0xF81F,0xF81F,0xF81F,0xF81F,0xF81F,
  0xF81F,0x3205,0x21E2,0x2202,0x74CB,0x9E4F,0xA650,0x1A21,0x3AC6,0xF81F,0xF81F,0xF81F,0xF81F,0xF81F,0xF81F,0xF81F,
  0xF81F,0xF81F,0xF81F,0xF81F,0xF81F,0xF81F,0xF81F,0xF81F,0xF81F,0xF81F,0xF81F,0xF81F,0xF81F,0xF81F,0xF81F,0xF81F,
  0xF81F,0xF81F,0xF81F,0xF81F,0xF81F,0xF81F,0xF81F,0xF81F,0xF81F,0xF81F,0xF81F,0xF81F,0xF81F,0xF81F,0xF81F,0xF81F,
  0xF81F,0xF81F,0xF81F,0xF81F,0xF81F,0xF81F,0xF81F,0xF81F,0xF81F,0xF81F,0x746B,0x1A20,0x5C47,0x9E50,0x85AE,0x3B05,
  0x2203,0x29E5,0xF81F,0xF81F,0xF81F,0xF81F,0xF81F,0xF81F,0xF81F,0xF81F,0xF81F,0xF81F,0xF81F,0xF81F,0xF81F,0xF81F,
  0xF81F,0xF81F,0xF81F,0xF81F,0xF81F,0xF81F,0xF81F,0xF81F,0xF81F,0xF81F,0xF81F,0xF81F,0xF81F,0xF81F,0xF81F,0xF81F,
  0xF81F,0xF81F,0xF81F,0xF81F,0xF81F,0xF81F,0xF81F,0xF81F,0xF81F,0xF81F,0xF81F,0xF81F,0xF81F,0xF81F,0xF81F,0xF81F,
  0xF81F,0xF81F,0xF81F,0xF81F,0xF81F,0xF81F,0xF81F,0xF81F,0xF81F,0xF81F,0xF81F,0xF81F,0xF81F,0x7C4D,0x63EB,0x4326,
  0x5C07,0x5C27,0x6CCB,0x6C8B,0x6C2C,0x6C0C,0xF81F,0xF81F,0xF81F,0xF81F,0xF81F,0xF81F,0xF81F,0xF81F,0xF81F,0xF81F,
  0xF81F,0xF81F,0xF81F,0xF81F,0xF81F,0xF81F,0xF81F,0xF81F,0xF81F,0xF81F,0xF81F,0xF81F,0xF81F,0xF81F,0xF81F,0xF81F,
  0xF81F,0xF81F,0xF81F,0xF81F,0xF81F,0xF81F,0xF81F,0xF81F,0xF81F,0xF81F,0xF81F,0xF81F,0xF81F,0xF81F,0xF81F,0xF81F,
  0xF81F,0xF81F,0xF81F,0xF81F,0x5BA9,0x6C8A,0x854C,0x74EA,0x53E7,0x32E5,0x2204,0x84CF,0xF81F,0xF81F,0xF81F,0xF81F,
  0xF81F,0xF81F,0xF81F,0xF81F,0xF81F,0xF81F,0xF81F,0xF81F,0xF81F,0xF81F,0xF81F,0xF81F,0xF81F,0xF81F,0xF81F,0xF81F,
  0xF81F,0xF81F,0xF81F,0xF81F,0xF81F,0xF81F,0xF81F,0xF81F,0xF81F,0xF81F,0xF81F,0xF81F,0xF81F,0xF81F,0xF81F,0xF81F,
  0xF81F,0xF81F,0xF81F,0xF81F,0xF81F,0xF81F,0xF81F,0xF81F,0xF81F,0xF81F,0xF81F,0xF81F,0xF81F,0xF81F,0xF81F,0xF81F,
  0xF81F,0xF81F,0xF81F,0xF81F,0xF81F,0xF81F,0xF81F,0xF81F,0xF81F,0x636B,0x3244,0x2242,0x2A82,0xA671,0x856D,0x2222,
  0x5BA9,0xF81F,0xF81F,0xF81F,0xF81F,0xF81F,0xF81F,0xF81F,0xF81F,0xF81F,0xF81F,0xF81F,0xF81F,0xF81F,0xF81F,0xF81F,
  0xF81F,0xF81F,0xF81F,0xF81F,0xF81F,0xF81F,0xF81F,0xF81F,0xF81F,0xF81F,0xF81F,0xF81F,0xF81F,0xF81F,0xF81F,0xF81F,
  0xF81F,0xF81F,0xF81F,0xF81F,0xF81F,0xF81F,0xF81F,0xF81F,0xF81F,0xF81F,0xF81F,0xF81F,0xF81F,0xF81F,0xF81F,0x2A83,
  0x5C08,0xA671,0x6CCB,0x32A4,0x3285,0x3225,0xF81F,0xF81F,0xF81F,0xF81F,0xF81F,0xF81F,0xF81F,0xF81F,0xF81F,0xF81F,
  0xF81F,0xF81F,0xF81F,0xF81F,0xF81F,0xF81F,0xF81F,0xF81F,0xF81F,0xF81F,0xF81F,0xF81F,0xF81F,0xF81F,0xF81F,0xF81F,
  0xF81F,0xF81F,0xF81F,0xF81F,0xF81F,0xF81F,0xF81F,0xF81F,0xF81F,0xF81F,0xF81F,0xF81F,0xF81F,0xF81F,0xF81F,0xF81F,
  0xF81F,0xF81F,0xF81F,0xF81F,0xF81F,0xF81F,0xF81F,0xF81F,0xF81F,0xF81F,0xF81F,0xF81F,0xF81F,0xF81F,0xF81F,0xF81F,
  0xF81F,0xF81F,0xF81F,0xF81F,0xF81F,0xF81F,0x3285,0x2A84,0x4BA7,0x5C48,0x960F,0x8D8F,0x4B07,0x42A7,0xF81F,0xF81F,
  0xF81F,0xF81F,0xF81F,0xF81F,0xF81F,0xF81F,0xF81F,0xF81F,0xF81F,0xF81F,0xF81F,0xF81F,0xF81F,0xF81F,0xF81F,0xF81F,
  0xF81F,0xF81F,0xF81F,0xF81F,0xF81F,0xF81F,0xF81F,0xF81F,0xF81F,0xF81F,0xF81F,0xF81F,0xF81F,0xF81F,0xF81F,0xF81F,
  0xF81F,0xF81F,0xF81F,0xF81F,0xF81F,0xF81F,0xF81F,0xF81F,0x4B08,0x5BA7,0x95EF,0x856D,0x3B45,0x3B06,0x2203,0xF81F,
  0xF81F,0xF81F,0xF81F,0xF81F,0xF81F,0xF81F,0xF81F,0xF81F,0xF81F,0xF81F,0xF81F,0xF81F,0xF81F,0xF81F,0xF81F,0xF81F,
  0xF81F,0xF81F,0xF81F,0xF81F,0xF81F,0xF81F,0xF81F,0xF81F,0xF81F,0xF81F,0xF81F,0xF81F,0xF81F,0xF81F,0xF81F,0xF81F,
  0xF81F,0xF81F,0xF81F,0xF81F,0xF81F,0xF81F,0xF81F,0xF81F,0xF81F,0xF81F,0xF81F,0xF81F,0xF81F,0xF81F,0xF81F,0xF81F,
  0xF81F,0xF81F,0xF81F,0xF81F,0xF81F,0xF81F,0xF81F,0xF81F,0xF81F,0xF81F,0xF81F,0xF81F,0xF81F,0xF81F,0xF81F,0xF81F,
  0xF81F,0x4AC8,0x3AA7,0x32A4,0x3B64,0x9E6F,0x8DCE,0x2242,0x3245,0xF81F,0xF81F,0xF81F,0xF81F,0xF81F,0xF81F,0xF81F,
  0xF81F,0xF81F,0xF81F,0xF81F,0xF81F,0xF81F,0xF81F,0xF81F,0xF81F,0xF81F,0xF81F,0xF81F,0xF81F,0xF81F,0xF81F,0xF81F,
  0xF81F,0xF81F,0xF81F,0xF81F,0xF81F,0xF81F,0xF81F,0xF81F,0xF81F,0xF81F,0xF81F,0xF81F,0xF81F,0xF81F,0xF81F,0xF81F,
  0xF81F,0xF81F,0xF81F,0x2A43,0x4324,0xAE70,0x854D,0x2A43,0x3A86,0x4AE9,0xF81F,0xF81F,0xF81F,0xF81F,0xF81F,0xF81F,
  0xF81F,0xF81F,0xF81F,0xF81F,0xF81F,0xF81F,0xF81F,0xF81F,0xF81F,0xF81F,0xF81F,0xF81F,0xF81F,0xF81F,0xF81F,0xF81F,
  0xF81F,0xF81F,0xF81F,0xF81F,0xF81F,0xF81F,0xF81F,0xF81F,0xF81F,0xF81F,0xF81F,0xF81F,0xF81F,0xF81F,0xF81F,0xF81F,
  0xF81F,0xF81F,0xF81F,0xF81F,0xF81F,0xF81F,0xF81F,0xF81F,0xF81F,0xF81F,0xF81F,0xF81F,0xF81F,0xF81F,0xF81F,0xF81F,
  0xF81F,0xF81F,0xF81F,0xF81F,0xF81F,0xF81F,0xF81F,0xF81F,0xF81F,0xF81F,0xF81F,0xF81F,0xF81F,0xF81F,0x42C7,0x3AE4,
  0xA671,0x8DCE,0x1A20,0x2222,0xF81F,0xF81F,0xF81F,0xF81F,0xF81F,0xF81F,0xF81F,0xF81F,0xF81F,0xF81F,0xF81F,0xF81F,
  0xF81F,0xF81F,0xF81F,0xF81F,0xF81F,0xF81F,0xF81F,0xF81F,0xF81F,0xF81F,0xF81F,0xF81F,0xF81F,0xF81F,0xF81F,0xF81F,
  0xF81F,0xF81F,0xF81F,0xF81F,0xF81F,0xF81F,0xF81F,0xF81F,0xF81F,0xF81F,0xF81F,0xF81F,0xF81F,0x5BE9,0x2241,0x3B03,
  0xAE71,0x84ED,0x2A04,0x29E5,0xF81F,0xF81F,0xF81F,0xF81F,0xF81F,0xF81F,0xF81F,0xF81F,0xF81F,0xF81F,0xF81F,0xF81F,
  0xF81F,0xF81F,0xF81F,0xF81F,0xF81F,0xF81F,0xF81F,0xF81F,0xF81F,0xF81F,0xF81F,0xF81F,0xF81F,0xF81F,0xF81F,0xF81F,
  0xF81F,0xF81F,0xF81F,0xF81F,0xF81F,0xF81F,0xF81F,0xF81F,0xF81F,0xF81F,0xF81F,0xF81F,0xF81F,0xF81F,0xF81F,0xF81F,
  0xF81F,0xF81F,0xF81F,0xF81F,0xF81F,0xF81F,0xF81F,0xF81F,0xF81F,0xF81F,0xF81F,0xF81F,0xF81F,0xF81F,0xF81F,0xF81F,
  0xF81F,0xF81F,0xF81F,0xF81F,0xF81F,0xF81F,0xF81F,0xF81F,0xF81F,0x638B,0x63CA,0x53E8,0x5C48,0x856C,0x7CEC,0x3AA5,
  0x4AE9,0xF81F,0xF81F,0xF81F,0xF81F,0xF81F,0xF81F,0xF81F,0xF81F,0xF81F,0xF81F,0xF81F,0xF81F,0xF81F,0xF81F,0xF81F,
  0xF81F,0xF81F,0xF81F,0xF81F,0xF81F,0xF81F,0xF81F,0xF81F,0xF81F,0xF81F,0xF81F,0xF81F,0xF81F,0xF81F,0xF81F,0xF81F,
  0xF81F,0xF81F,0xF81F,0xF81F,0xF81F,0xF81F,0xF81F,0xF81F,0x7CEC,0x74EA,0x6C8A,0x6C6A,0x7C8D,0x4B08,0xF81F,0xF81F,
  0xF81F,0xF81F,0xF81F,0xF81F,0xF81F,0xF81F,0xF81F,0xF81F,0xF81F,0xF81F,0xF81F,0xF81F,0xF81F,0xF81F,0xF81F,0xF81F,
  0xF81F,0xF81F,0xF81F,0xF81F,0xF81F,0xF81F,0xF81F,0xF81F,0xF81F,0xF81F,0xF81F,0xF81F,0xF81F,0xF81F,0xF81F,0xF81F,
  0xF81F,0xF81F,0xF81F,0xF81F,0xF81F,0xF81F,0xF81F,0xF81F,0xF81F,0xF81F,0xF81F,0xF81F,0xF81F,0xF81F,0xF81F,0xF81F,
  0xF81F,0xF81F,0xF81F,0xF81F,0xF81F,0xF81F,0xF81F,0xF81F,0xF81F,0xF81F,0xF81F,0xF81F,0xF81F,0xF81F,0xF81F,0xF81F,
  0xF81F,0xF81F,0xF81F,0xF81F,0xF81F,0xF81F,0x32C5,0x3B44,0x9E6F,0x8DAD,0x2202,0x2A05,0xF81F,0xF81F,0xF81F,0xF81F,
  0xF81F,0xF81F,0xF81F,0xF81F,0xF81F,0xF81F,0xF81F,0xF81F,0xF81F,0xF81F,0xF81F,0xF81F,0xF81F,0xF81F,0xF81F,0xF81F,
  0xF81F,0xF81F,0xF81F,0xF81F,0xF81F,0xF81F,0xF81F,0xF81F,0xF81F,0xF81F,0xF81F,0xF81F,0xF81F,0xF81F,0xF81F,0xF81F,
  0xF81F,0x5BCA,0x2222,0x5C48,0x9E4E,0x858D,0x2202,0x3AA6,0xF81F,0xF81F,0xF81F,0xF81F,0xF81F,0xF81F,0xF81F,0xF81F,
  0xF81F,0xF81F,0xF81F,0xF81F,0xF81F,0xF81F,0xF81F,0xF81F,0xF81F,0xF81F,0xF81F,0xF81F,0xF81F,0xF81F,0xF81F,0xF81F,
  0xF81F,0xF81F,0xF81F,0xF81F,0xF81F,0xF81F,0xF81F,0xF81F,0xF81F,0xF81F,0xF81F,0xF81F,0xF81F,0xF81F,0xF81F,0xF81F,
  0xF81F,0xF81F,0xF81F,0xF81F,0xF81F,0xF81F,0xF81F,0xF81F,0xF81F,0xF81F,0xF81F,0xF81F,0xF81F,0xF81F,0xF81F,0xF81F,
  0xF81F,0xF81F,0xF81F,0xF81F,0xF81F,0xF81F,0xF81F,0xF81F,0xF81F,0xF81F,0xF81F,0xF81F,0xF81F,0xF81F,0xF81F,0xF81F,
  0xF81F,0x3285,0x3B25,0x9E4F,0x8DCD,0x1A21,0x2A24,0xF81F,0xF81F,0xF81F,0xF81F,0xF81F,0xF81F,0xF81F,0xF81F,0xF81F,
  0xF81F,0xF81F,0xF81F,0xF81F,0xF81F,0xF81F,0xF81F,0xF81F,0xF81F,0xF81F,0xF81F,0xF81F,0xF81F,0xF81F,0xF81F,0xF81F,
  0xF81F,0xF81F,0xF81F,0xF81F,0xF81F,0xF81F,0xF81F,0xF81F,0xF81F,0xF81F,0xF81F,0xF81F,0x746C,0x1A21,0x5C48,0x9E4E,
  0x856D,0x2202,0x4287,0xF81F,0xF81F,0xF81F,0xF81F,0xF81F,0xF81F,0xF81F,0xF81F,0xF81F,0xF81F,0xF81F,0xF81F,0xF81F,
  0xF81F,0xF81F,0xF81F,0xF81F,0xF81F,0xF81F,0xF81F,0xF81F,0xF81F,0xF81F,0xF81F,0xF81F,0xF81F,0xF81F,0xF81F,0xF81F,
  0xF81F,0xF81F,0xF81F,0xF81F,0xF81F,0xF81F,0xF81F,0xF81F,0xF81F,0xF81F,0xF81F,0xF81F,0xF81F,0xF81F,0xF81F,0xF81F,
  0xF81F,0xF81F,0xF81F,0xF81F,0xF81F,0xF81F,0xF81F,0xF81F,0xF81F,0xF81F,0xF81F,0xF81F,0xF81F,0xF81F,0xF81F,0xF81F,
  0xF81F,0xF81F,0xF81F,0xF81F,0xF81F,0xF81F,0xF81F,0xF81F,0xF81F,0xF81F,0xF81F,0xF81F,0x2A44,0x32A3,0x9E50,0x8DCE,
  0x19E1,0x2203,0xF81F,0xF81F,0xF81F,0xF81F,0xF81F,0xF81F,0xF81F,0xF81F,0xF81F,0xF81F,0xF81F,0xF81F,0xF81F,0xF81F,
  0xF81F,0xF81F,0xF81F,0xF81F,0xF81F,0xF81F,0xF81F,0xF81F,0xF81F,0xF81F,0xF81F,0xF81F,0xF81F,0xF81F,0xF81F,0xF81F,
  0xF81F,0xF81F,0xF81F,0xF81F,0xF81F,0xF81F,0xF81F,0x6C4B,0x1A01,0x5C28,0x9E4E,0x856D,0x2202,0x4AC8,0xF81F,0xF81F,
  0xF81F,0xF81F,0xF81F,0xF81F,0xF81F,0xF81F,0xF81F,0xF81F,0xF81F,0xF81F,0xF81F,0xF81F,0xF81F,0xF81F,0xF81F,0xF81F,
  0xF81F,0xF81F,0xF81F,0xF81F,0xF81F,0xF81F,0xF81F,0xF81F,0xF81F,0xF81F,0xF81F,0xF81F,0xF81F,0xF81F,0xF81F,0xF81F,
  0xF81F,0xF81F,0xF81F,0xF81F,0xF81F,0xF81F,0xF81F,0xF81F,0xF81F,0xF81F,0xF81F,0xF81F,0xF81F,0xF81F,0xF81F,0xF81F,
  0xF81F,0xF81F,0xF81F,0xF81F,0xF81F,0xF81F,0xF81F,0xF81F,0xF81F,0xF81F,0xF81F,0xF81F,0xF81F,0xF81F,0xF81F,0xF81F,
  0xF81F,0xF81F,0xF81F,0xF81F,0xF81F,0xF81F,0xF81F,0xF81F,0x8D50,0x4B47,0x3B24,0x8DAD,0x8D8E,0x6C4C,0x638C,0xF81F,
  0xF81F,0xF81F,0xF81F,0xF81F,0xF81F,0xF81F,0xF81F,0xF81F,0xF81F,0xF81F,0xF81F,0xF81F,0xF81F,0xF81F,0xF81F,0xF81F,
  0xF81F,0xF81F,0xF81F,0xF81F,0xF81F,0xF81F,0xF81F,0xF81F,0xF81F,0xF81F,0xF81F,0xF81F,0xF81F,0xF81F,0xF81F,0xF81F,
  0xF81F,0x640A,0x858D,0x750A,0x5427,0x4365,0x640B,0x9531,0xF81F,0xF81F,0xF81F,0xF81F,0xF81F,0xF81F,0xF81F,0xF81F,
  0xF81F,0xF81F,0xF81F,0xF81F,0xF81F,0xF81F,0xF81F,0xF81F,0xF81F,0xF81F,0xF81F,0xF81F,0xF81F,0xF81F,0xF81F,0xF81F,
  0xF81F,0xF81F,0xF81F,0xF81F,0xF81F,0xF81F,0xF81F,0xF81F,0xF81F,0xF81F,0xF81F,0xF81F,0xF81F,0xF81F,0xF81F,0xF81F,
  0xF81F,0xF81F,0xF81F,0xF81F,0xF81F,0xF81F,0xF81F,0xF81F,0xF81F,0xF81F,0xF81F,0xF81F,0xF81F,0xF81F,0xF81F,0xF81F,
  0xF81F,0xF81F,0xF81F,0xF81F,0xF81F,0xF81F,0xF81F,0xF81F,0xF81F,0xF81F,0xF81F,0xF81F,0xF81F,0xF81F,0xF81F,0xF81F,
  0xF81F,0xF81F,0xF81F,0xF81F,0x42E7,0x2AC2,0x9E6E,0xA670,0x3AC4,0x3A46,0xF81F,0xF81F,0xF81F,0xF81F,0xF81F,0xF81F,
  0xF81F,0xF81F,0xF81F,0xF81F,0xF81F,0xF81F,0xF81F,0xF81F,0xF81F,0xF81F,0xF81F,0xF81F,0xF81F,0xF81F,0xF81F,0xF81F,
  0xF81F,0xF81F,0xF81F,0xF81F,0xF81F,0xF81F,0xF81F,0xF81F,0xF81F,0xF81F,0xF81F,0x21C2,0x2241,0x8DED,0x8DEC,0x4BA6,
  0x2243,0x63CB,0xF81F,0xF81F,0xF81F,0xF81F,0xF81F,0xF81F,0xF81F,0xF81F,0xF81F,0xF81F,0xF81F,0xF81F,0xF81F,0xF81F,
  0xF81F,0xF81F,0xF81F,0xF81F,0xF81F,0xF81F,0xF81F,0xF81F,0xF81F,0xF81F,0xF81F,0xF81F,0xF81F,0xF81F,0xF81F,0xF81F,
  0xF81F,0xF81F,0xF81F,0xF81F,0xF81F,0xF81F,0xF81F,0xF81F,0xF81F,0xF81F,0xF81F,0xF81F,0xF81F,0xF81F,0xF81F,0xF81F,
  0xF81F,0xF81F,0xF81F,0xF81F,0xF81F,0xF81F,0xF81F,0xF81F,0xF81F,0xF81F,0xF81F,0xF81F,0xF81F,0xF81F,0xF81F,0xF81F,
  0xF81F,0xF81F,0xF81F,0xF81F,0xF81F,0xF81F,0xF81F,0xF81F,0xF81F,0xF81F,0xF81F,0xF81F,0xF81F,0xF81F,0xF81F,0x42E7,
  0x2261,0x9E4E,0xA670,0x32A4,0x3266,0xF81F,0xF81F,0xF81F,0xF81F,0xF81F,0xF81F,0xF81F,0xF81F,0xF81F,0xF81F,0xF81F,
  0xF81F,0xF81F,0xF81F,0xF81F,0xF81F,0xF81F,0xF81F,0xF81F,0xF81F,0xF81F,0xF81F,0xF81F,0xF81F,0xF81F,0xF81F,0xF81F,
  0xF81F,0xF81F,0xF81F,0xF81F,0xF81F,0xF81F,0x42E7,0x2261,0x9E6E,0x9E6E,0x4BA7,0x2223,0x21E4,0xF81F,0xF81F,0xF81F,
  0xF81F,0xF81F,0xF81F,0xF81F,0xF81F,0xF81F,0xF81F,0xF81F,0xF81F,0xF81F,0xF81F,0xF81F,0xF81F,0xF81F,0xF81F,0xF81F,
  0xF81F,0xF81F,0xF81F,0xF81F,0xF81F,0xF81F,0xF81F,0xF81F,0xF81F,0xF81F,0xF81F,0xF81F,0xF81F,0xF81F,0xF81F,0xF81F,
  0xF81F,0xF81F,0xF81F,0xF81F,0xF81F,0xF81F,0xF81F,0xF81F,0xF81F,0xF81F,0xF81F,0xF81F,0xF81F,0xF81F,0xF81F,0xF81F,
  0xF81F,0xF81F,0xF81F,0xF81F,0xF81F,0xF81F,0xF81F,0xF81F,0xF81F,0xF81F,0xF81F,0xF81F,0xF81F,0xF81F,0xF81F,0xF81F,
  0xF81F,0xF81F,0xF81F,0xF81F,0xF81F,0xF81F,0xF81F,0xF81F,0xF81F,0xF81F,0x4B07,0x2261,0x9E4F,0xA671,0x2AC4,0x2A44,
  0xF81F,0xF81F,0xF81F,0xF81F,0xF81F,0xF81F,0xF81F,0xF81F,0xF81F,0xF81F,0xF81F,0xF81F,0xF81F,0xF81F,0xF81F,0xF81F,
  0xF81F,0xF81F,0xF81F,0xF81F,0xF81F,0xF81F,0xF81F,0xF81F,0xF81F,0xF81F,0xF81F,0xF81F,0xF81F,0xF81F,0xF81F,0xF81F,
  0xF81F,0x642B,0x2261,0x9E6E,0x9E6F,0x4B87,0x2204,0x21C4,0xF81F,0xF81F,0xF81F,0xF81F,0xF81F,0xF81F,0xF81F,0xF81F,
  0xF81F,0xF81F,0xF81F,0xF81F,0xF81F,0xF81F,0xF81F,0xF81F,0xF81F,0xF81F,0xF81F,0xF81F,0xF81F,0xF81F,0xF81F,0xF81F,
  0xF81F,0xF81F,0xF81F,0xF81F,0xF81F,0xF81F,0xF81F,0xF81F,0xF81F,0xF81F,0xF81F,0xF81F,0xF81F,0xF81F,0xF81F,0xF81F,
  0xF81F,0xF81F,0xF81F,0xF81F,0xF81F,0xF81F,0xF81F,0xF81F,0xF81F,0xF81F,0xF81F,0xF81F,0xF81F,0xF81F,0xF81F,0xF81F,
  0xF81F,0xF81F,0xF81F,0xF81F,0xF81F,0xF81F,0xF81F,0xF81F,0xF81F,0xF81F,0xF81F,0xF81F,0xF81F,0xF81F,0xF81F,0xF81F,
  0xF81F,0xF81F,0xF81F,0xF81F,0xF81F,0xF81F,0x53A8,0x646A,0x5C49,0x53C7,0x6429,0x6C4C,0xF81F,0xF81F,0xF81F,0xF81F,
  0xF81F,0xF81F,0xF81F,0xF81F,0xF81F,0xF81F,0xF81F,0xF81F,0xF81F,0xF81F,0xF81F,0xF81F,0xF81F,0xF81F,0xF81F,0xF81F,
  0xF81F,0xF81F,0xF81F,0xF81F,0xF81F,0xF81F,0xF81F,0xF81F,0xF81F,0xF81F,0xF81F,0xF81F,0x7D0D,0x5C48,0x5C68,0x5407,
  0x5389,0x42A8,0xF81F,0xF81F,0xF81F,0xF81F,0xF81F,0xF81F,0xF81F,0xF81F,0xF81F,0xF81F,0xF81F,0xF81F,0xF81F,0xF81F,
  0xF81F,0xF81F,0xF81F,0xF81F,0xF81F,0xF81F,0xF81F,0xF81F,0xF81F,0xF81F,0xF81F,0xF81F,0xF81F,0xF81F,0xF81F,0xF81F,
  0xF81F,0xF81F,0xF81F,0xF81F,0xF81F,0xF81F,0xF81F,0xF81F,0xF81F,0xF81F,0xF81F,0xF81F,0xF81F,0xF81F,0xF81F,0xF81F,
  0xF81F,0xF81F,0xF81F,0xF81F,0xF81F,0xF81F,0xF81F,0xF81F,0xF81F,0xF81F,0xF81F,0xF81F,0xF81F,0xF81F,0xF81F,0xF81F,
  0xF81F,0xF81F,0xF81F,0xF81F,0xF81F,0xF81F,0xF81F,0xF81F,0xF81F,0xF81F,0xF81F,0xF81F,0xF81F,0xF81F,0xF81F,0xF81F,
  0xF81F,0xF81F,0x2A23,0x1A21,0x858D,0xA691,0x3284,0x3A66,0xF81F,0xF81F,0xF81F,0xF81F,0xF81F,0xF81F,0xF81F,0xF81F,
  0xF81F,0xF81F,0xF81F,0xF81F,0xF81F,0xF81F,0xF81F,0xF81F,0xF81F,0xF81F,0xF81F,0xF81F,0xF81F,0xF81F,0xF81F,0xF81F,
  0xF81F,0xF81F,0xF81F,0xF81F,0xF81F,0xF81F,0x2222,0x95CF,0x9E50,0x2AA3,0x2202,0xF81F,0xF81F,0xF81F,0xF81F,0xF81F,
  0xF81F,0xF81F,0xF81F,0xF81F,0xF81F,0xF81F,0xF81F,0xF81F,0xF81F,0xF81F,0xF81F,0xF81F,0xF81F,0xF81F,0xF81F,0xF81F,
  0xF81F,0xF81F,0xF81F,0xF81F,0xF81F,0xF81F,0xF81F,0xF81F,0xF81F,0xF81F,0xF81F,0xF81F,0xF81F,0xF81F,0xF81F,0xF81F,
  0xF81F,0xF81F,0xF81F,0xF81F,0xF81F,0xF81F,0xF81F,0xF81F,0xF81F,0xF81F,0xF81F,0xF81F,0xF81F,0xF81F,0xF81F,0xF81F,
  0xF81F,0xF81F,0xF81F,0xF81F,0xF81F,0xF81F,0xF81F,0xF81F,0xF81F,0xF81F,0xF81F,0xF81F,0xF81F,0xF81F,0xF81F,0xF81F,
  0xF81F,0xF81F,0xF81F,0xF81F,0xF81F,0xF81F,0xF81F,0xF81F,0xF81F,0xF81F,0xF81F,0xF81F,0xF81F,0x2A24,0x1A01,0x85AC,
  0xA6B0,0x32A4,0x3245,0xF81F,0xF81F,0xF81F,0xF81F,0xF81F,0xF81F,0xF81F,0xF81F,0xF81F,0xF81F,0xF81F,0xF81F,0xF81F,
  0xF81F,0xF81F,0xF81F,0xF81F,0xF81F,0xF81F,0xF81F,0xF81F,0xF81F,0xF81F,0xF81F,0xF81F,0xF81F,0xF81F,0xF81F,0xF81F,
  0x42E7,0x2221,0x8DAD,0x960F,0x2AA4,0x21E3,0x532A,0xF81F,0xF81F,0xF81F,0xF81F,0xF81F,0xF81F,0xF81F,0xF81F,0xF81F,
  0xF81F,0xF81F,0xF81F,0xF81F,0xF81F,0xF81F,0xF81F,0xF81F,0xF81F,0xF81F,0xF81F,0xF81F,0xF81F,0xF81F,0xF81F,0xF81F,
  0xF81F,0xF81F,0xF81F,0xF81F,0xF81F,0xF81F,0xF81F,0xF81F,0xF81F,0xF81F,0xF81F,0xF81F,0xF81F,0xF81F,0xF81F,0xF81F,
  0xF81F,0xF81F,0xF81F,0xF81F,0xF81F,0xF81F,0xF81F,0xF81F,0xF81F,0xF81F,0xF81F,0xF81F,0xF81F,0xF81F,0xF81F,0xF81F,
  0xF81F,0xF81F,0xF81F,0xF81F,0xF81F,0xF81F,0xF81F,0xF81F,0xF81F,0xF81F,0xF81F,0xF81F,0xF81F,0xF81F,0xF81F,0xF81F,
  0xF81F,0xF81F,0xF81F,0xF81F,0xF81F,0xF81F,0xF81F,0xF81F,0x2A24,0x1A01,0x858C,0xA6B0,0x32A3,0x3A85,0xF81F,0xF81F,
  0xF81F,0xF81F,0xF81F,0xF81F,0xF81F,0xF81F,0xF81F,0xF81F,0xF81F,0xF81F,0xF81F,0xF81F,0xF81F,0xF81F,0xF81F,0xF81F,
  0xF81F,0xF81F,0xF81F,0xF81F,0xF81F,0xF81F,0xF81F,0xF81F,0xF81F,0xF81F,0xF81F,0x42C7,0x2221,0x95CE,0x9E30,0x2A84,
  0x2203,0xF81F,0xF81F,0xF81F,0xF81F,0xF81F,0xF81F,0xF81F,0xF81F,0xF81F,0xF81F,0xF81F,0xF81F,0xF81F,0xF81F,0xF81F,
  0xF81F,0xF81F,0xF81F,0xF81F,0xF81F,0xF81F,0xF81F,0xF81F,0xF81F,0xF81F,0xF81F,0xF81F,0xF81F,0xF81F,0xF81F,0xF81F,
  0xF81F,0xF81F,0xF81F,0xF81F,0xF81F,0xF81F,0xF81F,0xF81F,0xF81F,0xF81F,0xF81F,0xF81F,0xF81F,0xF81F,0xF81F,0xF81F,
  0xF81F,0xF81F,0xF81F,0xF81F,0xF81F,0xF81F,0xF81F,0xF81F,0xF81F,0xF81F,0xF81F,0xF81F,0xF81F,0xF81F,0xF81F,0xF81F,
  0xF81F,0xF81F,0xF81F,0xF81F,0xF81F,0xF81F,0xF81F,0xF81F,0xF81F,0xF81F,0xF81F,0xF81F,0xF81F,0xF81F,0xF81F,0xF81F,
  0xF81F,0xF81F,0xF81F,0x29E4,0x19E1,0x856D,0xAEB1,0x2AC2,0x32A5,0xF81F,0xF81F,0xF81F,0xF81F,0xF81F,0xF81F,0xF81F,
  0xF81F,0xF81F,0xF81F,0xF81F,0xF81F,0xF81F,0xF81F,0xF81F,0xF81F,0xF81F,0xF81F,0xF81F,0xF81F,0xF81F,0xF81F,0xF81F,
  0xF81F,0xF81F,0xF81F,0xF81F,0xF81F,0xF81F,0x3284,0x2221,0x9E2F,0xAE72,0x3284,0x2A04,0xF81F,0xF81F,0xF81F,0xF81F,
  0xF81F,0xF81F,0xF81F,0xF81F,0xF81F,0xF81F,0xF81F,0xF81F,0xF81F,0xF81F,0xF81F,0xF81F,0xF81F,0xF81F,0xF81F,0xF81F,
  0xF81F,0xF81F,0xF81F,0xF81F,0xF81F,0xF81F,0xF81F,0xF81F,0xF81F,0xF81F,0xF81F,0xF81F,0xF81F,0xF81F,0xF81F,0xF81F,
  0xF81F,0xF81F,0xF81F,0xF81F,0xF81F,0xF81F,0xF81F,0xF81F,0xF81F,0xF81F,0xF81F,0xF81F,0xF81F,0xF81F,0xF81F,0xF81F,
  0xF81F,0xF81F,0xF81F,0xF81F,0xF81F,0xF81F,0xF81F,0xF81F,0xF81F,0xF81F,0xF81F,0xF81F,0xF81F,0xF81F,0xF81F,0xF81F,
  0xF81F,0xF81F,0xF81F,0xF81F,0xF81F,0xF81F,0xF81F,0xF81F,0xF81F,0xF81F,0xF81F,0xF81F,0xF81F,0xF81F,0xF81F,0x19C2,
  0x642A,0x5C28,0x74EA,0x7CEC,0x53A8,0xF81F,0xF81F,0xF81F,0xF81F,0xF81F,0xF81F,0xF81F,0xF81F,0xF81F,0xF81F,0xF81F,
  0xF81F,0xF81F,0xF81F,0xF81F,0xF81F,0xF81F,0xF81F,0xF81F,0xF81F,0xF81F,0xF81F,0xF81F,0xF81F,0xF81F,0xF81F,0xF81F,
  0x7CCD,0x850C,0x852C,0x6CAA,0x6429,0x640B,0x63CC,0xF81F,0xF81F,0xF81F,0xF81F,0xF81F,0xF81F,0xF81F,0xF81F,0xF81F,
  0xF81F,0xF81F,0xF81F,0xF81F,0xF81F,0xF81F,0xF81F,0xF81F,0xF81F,0xF81F,0xF81F,0xF81F,0xF81F,0xF81F,0xF81F,0xF81F,
  0xF81F,0xF81F,0xF81F,0xF81F,0xF81F,0xF81F,0xF81F,0xF81F,0xF81F,0xF81F,0xF81F,0xF81F,0xF81F,0xF81F,0xF81F,0xF81F,
  0xF81F,0xF81F,0xF81F,0xF81F,0xF81F,0xF81F,0xF81F,0xF81F,0xF81F,0xF81F,0xF81F,0xF81F,0xF81F,0xF81F,0xF81F,0xF81F,
  0xF81F,0xF81F,0xF81F,0xF81F,0xF81F,0xF81F,0xF81F,0xF81F,0xF81F,0xF81F,0xF81F,0xF81F,0xF81F,0xF81F,0xF81F,0xF81F,
  0xF81F,0xF81F,0xF81F,0xF81F,0xF81F,0xF81F,0xF81F,0xF81F,0xF81F,0xF81F,0xF81F,0x2A23,0x1A21,0x962F,0xA670,0x2A83,
  0x3AA6,0xF81F,0xF81F,0xF81F,0xF81F,0xF81F,0xF81F,0xF81F,0xF81F,0xF81F,0xF81F,0xF81F,0xF81F,0xF81F,0xF81F,0xF81F,
  0xF81F,0xF81F,0xF81F,0xF81F,0xF81F,0xF81F,0xF81F,0xF81F,0xF81F,0xF81F,0x42E7,0x1A21,0x6489,0xAE91,0x4346,0x2A43,
  0xAE14,0xF81F,0xF81F,0xF81F,0xF81F,0xF81F,0xF81F,0xF81F,0xF81F,0xF81F,0xF81F,0xF81F,0xF81F,0xF81F,0xF81F,0xF81F,
  0xF81F,0xF81F,0xF81F,0xF81F,0xF81F,0xF81F,0xF81F,0xF81F,0xF81F,0xF81F,0xF81F,0xF81F,0xF81F,0xF81F,0xF81F,0xF81F,
  0xF81F,0xF81F,0xF81F,0xF81F,0xF81F,0xF81F,0xF81F,0xF81F,0xF81F,0xF81F,0xF81F,0xF81F,0xF81F,0xF81F,0xF81F,0xF81F,
  0xF81F,0xF81F,0xF81F,0xF81F,0xF81F,0xF81F,0xF81F,0xF81F,0xF81F,0xF81F,0xF81F,0xF81F,0xF81F,0xF81F,0xF81F,0xF81F,
  0xF81F,0xF81F,0xF81F,0xF81F,0xF81F,0xF81F,0xF81F,0xF81F,0xF81F,0xF81F,0xF81F,0xF81F,0xF81F,0xF81F,0xF81F,0xF81F,
  0xF81F,0xF81F,0xF81F,0xF81F,0xF81F,0xF81F,0x2A03,0x1A01,0x962F,0x9E90,0x2AA2,0x3AA5,0xF81F,0xF81F,0xF81F,0xF81F,
  0xF81F,0xF81F,0xF81F,0xF81F,0xF81F,0xF81F,0xF81F,0xF81F,0xF81F,0xF81F,0xF81F,0xF81F,0xF81F,0xF81F,0xF81F,0xF81F,
  0xF81F,0xF81F,0xF81F,0xF81F,0xF81F,0x3AC7,0x1A01,0x6489,0xA670,0x3B25,0x2A23,0xAE15,0xF81F,0xF81F,0xF81F,0xF81F,
  0xF81F,0xF81F,0xF81F,0xF81F,0xF81F,0xF81F,0xF81F,0xF81F,0xF81F,0xF81F,0xF81F,0xF81F,0xF81F,0xF81F,0xF81F,0xF81F,
  0xF81F,0xF81F,0xF81F,0xF81F,0xF81F,0xF81F,0xF81F,0xF81F,0xF81F,0xF81F,0xF81F,0xF81F,0xF81F,0xF81F,0xF81F,0xF81F,
  0xF81F,0xF81F,0xF81F,0xF81F,0xF81F,0xF81F,0xF81F,0xF81F,0xF81F,0xF81F,0xF81F,0xF81F,0xF81F,0xF81F,0xF81F,0xF81F,
  0xF81F,0xF81F,0xF81F,0xF81F,0xF81F,0xF81F,0xF81F,0xF81F,0xF81F,0xF81F,0xF81F,0xF81F,0xF81F,0xF81F,0xF81F,0xF81F,
  0xF81F,0xF81F,0xF81F,0xF81F,0xF81F,0xF81F,0xF81F,0xF81F,0xF81F,0xF81F,0xF81F,0xF81F,0xF81F,0xF81F,0xF81F,0xF81F,
  0xF81F,0x29E3,0x19E0,0x960F,0x9E70,0x2AC3,0x32A5,0xCED8,0xF81F,0xF81F,0x42A7,0x2A25,0x4B08,0x4B08,0x4B28,0x4B28,
  0x4B08,0x4308,0x42E7,0x3AA6,0x3AA7,0x3AC7,0x3AA7,0x3AA7,0x3AA7,0x3AA7,0x3AA7,0x3AA6,0x19A2,0x42A7,0xF81F,0xF81F,
  0x538A,0x11E1,0x6468,0x962F,0x3B25,0x21E3,0xB5F5,0xF81F,0xF81F,0xF81F,0xF81F,0xF81F,0xF81F,0xF81F,0xF81F,0xF81F,
  0xF81F,0xF81F,0xF81F,0xF81F,0xF81F,0xF81F,0xF81F,0xF81F,0xF81F,0xF81F,0xF81F,0xF81F,0xF81F,0xF81F,0xF81F,0xF81F,
  0xF81F,0xF81F,0xF81F,0xF81F,0xF81F,0xF81F,0xF81F,0xF81F,0xF81F,0xF81F,0xF81F,0xF81F,0xF81F,0xF81F,0xF81F,0xF81F,
  0xF81F,0xF81F,0xF81F,0xF81F,0xF81F,0xF81F,0xF81F,0xF81F,0xF81F,0xF81F,0xF81F,0xF81F,0xF81F,0xF81F,0xF81F,0xF81F,
  0xF81F,0xF81F,0xF81F,0xF81F,0xF81F,0xF81F,0xF81F,0xF81F,0xF81F,0xF81F,0xF81F,0xF81F,0xF81F,0xF81F,0xF81F,0xF81F,
  0xF81F,0xF81F,0xF81F,0xF81F,0xF81F,0xF81F,0xF81F,0xF81F,0xF81F,0xF81F,0xF81F,0xF81F,0x21E3,0x19C0,0x960F,0x9E70,
  0x2282,0x2A84,0xCEF8,0xC6B7,0x7CCD,0x1181,0x11A1,0x11C1,0x19C1,0x11A0,0x11A1,0x11C1,0x11C1,0x11C1,0x11C1,0x11C1,
  0x11C1,0x11C1,0x11C0,0x11C0,0x11C1,0x11C0,0x19C1,0x11C1,0x42E6,0xF7FD,0xEFFD,0x748D,0x11C0,0x5C48,0x962F,0x3B25,
  0x21E3,0xF81F,0xF81F,0xF81F,0xF81F,0xF81F,0xF81F,0xF81F,0xF81F,0xF81F,0xF81F,0xF81F,0xF81F,0xF81F,0xF81F,0xF81F,
  0xF81F,0xF81F,0xF81F,0xF81F,0xF81F,0xF81F,0xF81F,0xF81F,0xF81F,0xF81F,0xF81F,0xF81F,0xF81F,0xF81F,0xF81F,0xF81F,
  0xF81F,0xF81F,0xF81F,0xF81F,0xF81F,0xF81F,0xF81F,0xF81F,0xF81F,0xF81F,0xF81F,0xF81F,0xF81F,0xF81F,0xF81F,0xF81F,
  0xF81F,0xF81F,0xF81F,0xF81F,0xF81F,0xF81F,0xF81F,0xF81F,0xF81F,0xF81F,0xF81F,0xF81F,0xF81F,0xF81F,0xF81F,0xF81F,
  0xF81F,0xF81F,0xF81F,0xF81F,0xF81F,0xF81F,0xF81F,0xF81F,0xF81F,0xF81F,0xF81F,0xF81F,0xF81F,0xF81F,0xF81F,0xF81F,
  0xF81F,0xF81F,0xF81F,0xF81F,0xF81F,0xF81F,0xF81F,0x32A5,0x2AC3,0x4B88,0x4BC6,0x7509,0x6CAA,0x53C9,0x5BEA,0x4B87,
  0x74AA,0x7D0A,0x856C,0x8DAE,0x95CE,0xA650,0xA651,0xAE71,0xAE51,0xAE51,0xA650,0xA651,0xA651,0x95EE,0x95CD,0x858C,
  0x856B,0x74C9,0x6488,0x6469,0x53C9,0x53C9,0x6449,0x6468,0x5C28,0x53C8,0x32A3,0x2202,0xB655,0xF81F,0xF81F,0xF81F,
  0xF81F,0xF81F,0xF81F,0xF81F,0xF81F,0xF81F,0xF81F,0xF81F,0xF81F,0xF81F,0xF81F,0xF81F,0xF81F,0xF81F,0xF81F,0xF81F,
  0xF81F,0xF81F,0xF81F,0xF81F,0xF81F,0xF81F,0xF81F,0xF81F,0xF81F,0xF81F,0xF81F,0xF81F,0xF81F,0xF81F,0xF81F,0xF81F,
  0xF81F,0xF81F,0xF81F,0xF81F,0xF81F,0xF81F,0xF81F,0xF81F,0xF81F,0xF81F,0xF81F,0xF81F,0xF81F,0xF81F,0xF81F,0xF81F,
  0xF81F,0xF81F,0xF81F,0xF81F,0xF81F,0xF81F,0xF81F,0xF81F,0xF81F,0xF81F,0xF81F,0xF81F,0xF81F,0xF81F,0xF81F,0xF81F,
  0xF81F,0xF81F,0xF81F,0xF81F,0xF81F,0xF81F,0xF81F,0xF81F,0xF81F,0xF81F,0xF81F,0xF81F,0xF81F,0xF81F,0xF81F,0xF81F,
  0x4B09,0x5BCB,0x4B88,0x4345,0x2243,0x22A1,0x960D,0x7D4C,0x2222,0x2243,0x3B03,0x854B,0x8DAC,0x9E0E,0xAE70,0xB691,
  0xC734,0xC734,0xC734,0xC734,0xBF14,0xBF13,0xBF33,0xBF33,0xAEB1,0xAE90,0xA64F,0x9E0D,0x856B,0x74C9,0x6468,0x1A22,
  0x1A01,0x5C48,0x8DAD,0x4BA6,0x11E0,0x3B05,0x4326,0x746C,0x5BAA,0xF81F,0xF81F,0xF81F,0xF81F,0xF81F,0xF81F,0xF81F,
  0xF81F,0xF81F,0xF81F,0xF81F,0xF81F,0xF81F,0xF81F,0xF81F,0xF81F,0xF81F,0xF81F,0xF81F,0xF81F,0xF81F,0xF81F,0xF81F,
  0xF81F,0xF81F,0xF81F,0xF81F,0xF81F,0xF81F,0xF81F,0xF81F,0xF81F,0xF81F,0xF81F,0xF81F,0xF81F,0xF81F,0xF81F,0xF81F,
  0xF81F,0xF81F,0xF81F,0xF81F,0xF81F,0xF81F,0xF81F,0xF81F,0xF81F,0xF81F,0xF81F,0xF81F,0xF81F,0xF81F,0xF81F,0xF81F,
  0xF81F,0xF81F,0xF81F,0xF81F,0xF81F,0xF81F,0xF81F,0xF81F,0xF81F,0xF81F,0xF81F,0xF81F,0xF81F,0xF81F,0xF81F,0xF81F,
  0xF81F,0xF81F,0xF81F,0xF81F,0xF81F,0xF81F,0xF81F,0xF81F,0x19C2,0x21C2,0x21C2,0x19A1,0x11C0,0x4B86,0x6CAA,0x2A83,
  0x2AC2,0x9E4E,0x856D,0x1A22,0x2A62,0x74E9,0xAECF,0xB6D0,0xC712,0xD774,0xD754,0xD775,0xD755,0xD775,0xD775,0xC734,
  0xC733,0xBF33,0xBF13,0xBF13,0xBF32,0xBF11,0xB711,0x9E2D,0x9E0D,0x960F,0x3B05,0x1A22,0x6CA9,0x9E4F,0x53C7,0x1201,
  0x6469,0x7D2C,0x2241,0x1A01,0x19E2,0x19E1,0x19E2,0x3AA6,0xF81F,0xF81F,0xF81F,0xF81F,0xF81F,0xF81F,0xF81F,0xF81F,
  0xF81F,0xF81F,0xF81F,0xF81F,0xF81F,0xF81F,0xF81F,0xF81F,0xF81F,0xF81F,0xF81F,0xF81F,0xF81F,0xF81F,0xF81F,0xF81F,
  0xF81F,0xF81F,0xF81F,0xF81F,0xF81F,0xF81F,0xF81F,0xF81F,0xF81F,0xF81F,0xF81F,0xF81F,0xF81F,0xF81F,0xF81F,0xF81F,
  0xF81F,0xF81F,0xF81F,0xF81F,0xF81F,0xF81F,0xF81F,0xF81F,0xF81F,0xF81F,0xF81F,0xF81F,0xF81F,0xF81F,0xF81F,0xF81F,
  0xF81F,0xF81F,0xF81F,0xF81F,0xF81F,0xF81F,0xF81F,0xF81F,0xF81F,0xF81F,0xF81F,0xF81F,0xF81F,0xF81F,0xF81F,0xF81F,
  0x5349,0x63CB,0x6C69,0x6448,0x6C68,0x6C69,0x6C69,0x6468,0x74EA,0x856C,0x2A63,0x2281,0x7D4B,0x6CAA,0x1A01,0x2242,
  0x6CC9,0xAEB0,0xB6D1,0xCF34,0xDF76,0xE776,0xE776,0xE776,0xDF76,0xDF96,0xCF34,0xC734,0xC713,0xBF33,0xBF12,0xB712,
  0xB711,0xB711,0xA68F,0x9E4D,0x9E2E,0x3304,0x1A42,0x6489,0x8DCE,0x4BA7,0x11E0,0x64A9,0x8DAC,0x6467,0x6447,0x5C48,
  0x5C48,0x5C48,0x5C09,0x5BA9,0x5B8A,0x4AC8,0xF81F,0xF81F,0xF81F,0xF81F,0xF81F,0xF81F,0xF81F,0xF81F,0xF81F,0xF81F,
  0xF81F,0xF81F,0xF81F,0xF81F,0xF81F,0xF81F,0xF81F,0xF81F,0xF81F,0xF81F,0xF81F,0xF81F,0xF81F,0xF81F,0xF81F,0xF81F,
  0xF81F,0xF81F,0xF81F,0xF81F,0xF81F,0xF81F,0xF81F,0xF81F,0xF81F,0xF81F,0xF81F,0xF81F,0xF81F,0xF81F,0xF81F,0xF81F,
  0xF81F,0xF81F,0xF81F,0xF81F,0xF81F,0xF81F,0xF81F,0xF81F,0xF81F,0xF81F,0xF81F,0xF81F,0xF81F,0xF81F,0xF81F,0xF81F,
  0xF81F,0xF81F,0xF81F,0xF81F,0xF81F,0xF81F,0xF81F,0xF81F,0xF81F,0xF81F,0x1181,0x19C1,0x19E0,0x5C06,0x960D,0x9E2D,
  0x9E2E,0x9E2E,0xA64E,0x9E0D,0xA64F,0x2A63,0x2261,0x6468,0x5408,0x1201,0x1A21,0x6468,0xB712,0xCF74,0xDF96,0xE797,
  0xF7B8,0xF798,0xF7B8,0xEF97,0xE7B7,0xD755,0xC754,0xC713,0xBF32,0xB712,0xBF12,0xB712,0xBF12,0xBF31,0xB6D0,0xA64F,
  0x3B05,0x1A42,0x4386,0x5C28,0x32C4,0x11C1,0x6CAA,0x9E0D,0x95EC,0x9E0D,0x9E2E,0x9E4E,0x9E2E,0x856C,0x2221,0x11A0,
  0x1181,0x5329,0xF81F,0xF81F,0xF81F,0xF81F,0xF81F,0xF81F,0xF81F,0xF81F,0xF81F,0xF81F,0xF81F,0xF81F,0xF81F,0xF81F,
  0xF81F,0xF81F,0xF81F,0xF81F,0xF81F,0xF81F,0xF81F,0xF81F,0xF81F,0xF81F,0xF81F,0xF81F,0xF81F,0xF81F,0xF81F,0xF81F,
  0xF81F,0xF81F,0xF81F,0xF81F,0xF81F,0xF81F,0xF81F,0xF81F,0xF81F,0xF81F,0xF81F,0xF81F,0xF81F,0xF81F,0xF81F,0xF81F,
  0xF81F,0xF81F,0xF81F,0xF81F,0xF81F,0xF81F,0xF81F,0xF81F,0xF81F,0xF81F,0xF81F,0xF81F,0xF81F,0xF81F,0xF81F,0xF81F,
  0xF81F,0xF81F,0xF81F,0xF81F,0x5BEA,0x3B25,0x4365,0x4384,0x7D2A,0xAE8F,0xB710,0xBF11,0xB711,0xBF11,0xBEF0,0xBEF2,
  0x2A83,0x2262,0x5C48,0x53E7,0x2242,0x2282,0x53E6,0xB6F2,0xCF74,0xDF76,0xE777,0xF7B8,0xF798,0xF7B8,0xE797,0xDF97,
  0xBF14,0xB6F3,0xBF33,0xBF32,0xB712,0xB712,0xB712,0xB712,0xBF12,0xAED0,0x9E2E,0x32E4,0x1A42,0x4386,0x5C28,0x32C5,
  0x11A1,0x74AB,0xAEB0,0xB6D0,0xB6B0,0xB6D1,0xB6D1,0xB6D0,0x9E0E,0x6468,0x4B85,0x4325,0x53A9,0x4B29,0xF81F,0xF81F,
  0xF81F,0xF81F,0xF81F,0xF81F,0xF81F,0xF81F,0xF81F,0xF81F,0xF81F,0xF81F,0xF81F,0xF81F,0xF81F,0xF81F,0xF81F,0xF81F,
  0xF81F,0xF81F,0xF81F,0xF81F,0xF81F,0xF81F,0xF81F,0xF81F,0xF81F,0xF81F,0xF81F,0xF81F,0xF81F,0xF81F,0xF81F,0xF81F,
  0xF81F,0xF81F,0xF81F,0xF81F,0xF81F,0xF81F,0xF81F,0xF81F,0xF81F,0xF81F,0xF81F,0xF81F,0xF81F,0xF81F,0xF81F,0xF81F,
  0xF81F,0xF81F,0xF81F,0xF81F,0xF81F,0xF81F,0xF81F,0xF81F,0xF81F,0xF81F,0xF81F,0xF81F,0xF81F,0xF81F,0x19A2,0x32C3,
  0x7D6C,0x85AC,0x95ED,0xA68F,0xAEAF,0xBF11,0xBF32,0xC732,0xC732,0xBF31,0xBF32,0x2A82,0x2262,0x5C28,0x53E8,0x1A62,
  0x2AA2,0x53E6,0xB712,0xCF74,0xDF76,0xE777,0xF7B7,0xEFB8,0xEFD8,0xDF76,0xD796,0xAEB2,0x962F,0xA691,0xA690,0xB711,
  0xB712,0xBF12,0xBF32,0xB712,0xAEB0,0x9E2E,0x3B04,0x1201,0x4366,0x5C29,0x32C4,0x1181,0x74AB,0xBED2,0xC712,0xC712,
  0xC712,0xC712,0xC732,0xA64E,0x95CC,0x7D4A,0x7D2B,0x53C8,0x0961,0x4AC8,0xF81F,0xF81F,0xF81F,0xF81F,0xF81F,0xF81F,
  0xF81F,0xF81F,0xF81F,0xF81F,0xF81F,0xF81F,0xF81F,0xF81F,0xF81F,0xF81F,0xF81F,0xF81F,0xF81F,0xF81F,0xF81F,0xF81F,
  0xF81F,0xF81F,0xF81F,0xF81F,0xF81F,0xF81F,0xF81F,0xF81F,0xF81F,0xF81F,0xF81F,0xF81F,0xF81F,0xF81F,0xF81F,0xF81F,
  0xF81F,0xF81F,0xF81F,0xF81F,0xF81F,0xF81F,0xF81F,0xF81F,0xF81F,0xF81F,0xF81F,0xF81F,0xF81F,0xF81F,0xF81F,0xF81F,
  0xF81F,0xF81F,0xF81F,0xF81F,0xF81F,0xF81F,0xF81F,0xF81F,0x5BA9,0x4345,0x4BE5,0x858B,0x8DCB,0x95CC,0xA68E,0xB6F0,
  0xBF11,0xBF32,0xBF32,0xC732,0xBF32,0xBF32,0x858C,0x53E8,0x3B45,0x3B45,0x5427,0x6488,0x95EE,0xC754,0xCF55,0xD775,
  0xE796,0xEFB7,0xE797,0xD776,0xC714,0xB6F3,0xA691,0x966F,0x8E0E,0x8DEE,0xB732,0xBF32,0xBF32,0xBF12,0xBF12,0xAEB0,
  0xA64E,0x6CA9,0x6C8A,0x32E4,0x32A3,0x5C08,0x7D0B,0xA64F,0xB6D1,0xC712,0xC712,0xC712,0xC713,0xBF12,0xA66E,0x95EC,
  0x7D4A,0x7D2A,0x6488,0x4365,0x6C2C,0x5329,0xF81F,0xF81F,0xF81F,0xF81F,0xF81F,0xF81F,0xF81F,0xF81F,0xF81F,0xF81F,
  0xF81F,0xF81F,0xF81F,0xF81F,0xF81F,0xF81F,0xF81F,0xF81F,0xF81F,0xF81F,0xF81F,0xF81F,0xF81F,0xF81F,0xF81F,0xF81F,
  0xF81F,0xF81F,0xF81F,0xF81F,0xF81F,0xF81F,0xF81F,0xF81F,0xF81F,0xF81F,0xF81F,0xF81F,0xF81F,0xF81F,0xF81F,0xF81F,
  0xF81F,0xF81F,0xF81F,0xF81F,0xF81F,0xF81F,0xF81F,0xF81F,0xF81F,0xF81F,0xF81F,0xF81F,0xF81F,0xF81F,0xF81F,0xF81F,
  0xF81F,0xF81F,0x19C1,0x1A00,0x858D,0x8DAD,0x8DAC,0x8DCD,0x95CD,0x9DEE,0x9E0E,0xA66F,0xBF12,0xBF32,0xBF32,0xBF32,
  0xBF32,0xB6F1,0x6CCA,0x3B44,0x4364,0x750A,0x7D2B,0xBEF2,0xC754,0xCF55,0xD775,0xDFB6,0xDFB6,0xD7B6,0xC734,0xAEB2,
  0x9E70,0x962F,0x8E0E,0x7DAD,0x7D8C,0xAF12,0xB6F1,0xBF32,0xBF12,0xBF12,0xB6F1,0xAE6F,0x7D2B,0x7D4C,0x3B24,0x3B03,
  0x74AA,0xA670,0xBED2,0xBF12,0xBF11,0xBEF2,0xC6F3,0xC6F3,0x9DEE,0x856B,0x7D4A,0x7D4A,0x7D2A,0x6CE9,0x750B,0x53C8,
  0x1181,0x9572,0xF81F,0xF81F,0xF81F,0xF81F,0xF81F,0xF81F,0xF81F,0xF81F,0xF81F,0xF81F,0xF81F,0xF81F,0xF81F,0xF81F,
  0xF81F,0xF81F,0xF81F,0xF81F,0xF81F,0xF81F,0xF81F,0xF81F,0xF81F,0xF81F,0xF81F,0xF81F,0xF81F,0xF81F,0xF81F,0xF81F,
  0xF81F,0xF81F,0xF81F,0xF81F,0xF81F,0xF81F,0xF81F,0xF81F,0xF81F,0xF81F,0xF81F,0xF81F,0xF81F,0xF81F,0xF81F,0xF81F,
  0xF81F,0xF81F,0xF81F,0xF81F,0xF81F,0xF81F,0xF81F,0xF81F,0xF81F,0xF81F,0xF81F,0xF81F,0x3245,0x5BA7,0x5C07,0x6C8A,
  0x5C0A,0x5388,0x5BA9,0x5BA8,0x5BA9,0x63C9,0x6409,0x854C,0x9E0E,0xAEB0,0xBF32,0xC732,0xBF12,0xBF32,0xB6F2,0xB6F2,
  0xBF12,0xBF12,0xCF54,0xCF74,0xD775,0xCF75,0xCF75,0xB6D2,0xA691,0x960F,0x8DEE,0x8E0E,0x85EE,0x85EE,0x7DAD,0x758C,
  0x754B,0x858C,0xBF33,0xBF32,0xBF13,0xBF13,0xBF12,0xAE90,0xAEB1,0xB6F2,0xB6F2,0xB6F2,0xBF12,0xBF12,0xBF11,0xBED0,
  0xB6B1,0x95AE,0x7CCD,0x63E9,0x5BC8,0x5BA8,0x5BC8,0x5BC8,0x53A7,0x53A7,0x53E8,0x5C09,0x42C6,0x3225,0xF81F,0xF81F,
  0xF81F,0xF81F,0xF81F,0xF81F,0xF81F,0xF81F,0xF81F,0xF81F,0xF81F,0xF81F,0xF81F,0xF81F,0xF81F,0xF81F,0xF81F,0xF81F,
  0xF81F,0xF81F,0xF81F,0xF81F,0xF81F,0xF81F,0xF81F,0xF81F,0xF81F,0xF81F,0xF81F,0xF81F,0xF81F,0xF81F,0xF81F,0xF81F,
  0xF81F,0xF81F,0xF81F,0xF81F,0xF81F,0xF81F,0xF81F,0xF81F,0xF81F,0xF81F,0xF81F,0xF81F,0xF81F,0xF81F,0xF81F,0xF81F,
  0xF81F,0xF81F,0xF81F,0xF81F,0xF81F,0xF81F,0x42A7,0x29E3,0x5BA9,0x7C8C,0x1962,0x08C1,0x0080,0x0080,0x0080,0x0061,
  0x0080,0x00A0,0x3AC5,0x7D0B,0x9E2E,0xBF32,0xBF11,0xBF32,0xBF32,0xBF12,0xB6F1,0xB6F1,0xBF12,0xCF54,0xCF54,0xCF75,
  0xCF75,0xCF75,0xAEB2,0xA691,0x8E0E,0x85CE,0x85EE,0x85EE,0x85CE,0x7DAD,0x7D8D,0x6D2B,0x7D6C,0xBF33,0xBF33,0xBF13,
  0xBF13,0xBF12,0xAED1,0xAEB1,0xB713,0xBF12,0xBF12,0xBF12,0xBF12,0xBEF1,0xB690,0x956D,0x3264,0x0900,0x08C0,0x08C1,
  0x08C0,0x08E0,0x08C0,0x08E1,0x0900,0x2A84,0x6C4B,0x2A24,0x1141,0xF81F,0xF81F,0xF81F,0xF81F,0xF81F,0xF81F,0xF81F,
  0xF81F,0xF81F,0xF81F,0xF81F,0xF81F,0xF81F,0xF81F,0xF81F,0xF81F,0xF81F,0xF81F,0xF81F,0xF81F,0xF81F,0xF81F,0xF81F,
  0xF81F,0xF81F,0xF81F,0xF81F,0xF81F,0xF81F,0xF81F,0xF81F,0xF81F,0xF81F,0xF81F,0xF81F,0xF81F,0xF81F,0xF81F,0xF81F,
  0xF81F,0xF81F,0xF81F,0xF81F,0xF81F,0xF81F,0xF81F,0xF81F,0xF81F,0xF81F,0xF81F,0xF81F,0xF81F,0xF81F,0xF81F,0xF81F,
  0xF81F,0x42A8,0x3A46,0x3206,0x3206,0x10C3,0x2145,0x2126,0x2126,0x2126,0x18E5,0x10E4,0x08C2,0x3205,0x63A9,0x748A,
  0xA60F,0xA64F,0xBF12,0xBF11,0xBF32,0xBF32,0xBF32,0xC733,0xCF54,0xCF54,0xD755,0xD775,0xCF75,0xB6D2,0xA691,0x85AD,
  0x7DCD,0x85CD,0x85CE,0x85CE,0x7D8D,0x754C,0x752B,0x7D6B,0xBF33,0xBF12,0xBF13,0xBF13,0xBF32,0xBF12,0xBF13,0xBF33,
  0xBF13,0xBF12,0xBF12,0xB6D1,0xB6B2,0x84CC,0x742B,0x29C5,0x1924,0x1904,0x1905,0x1905,0x1905,0x1904,0x10E4,0x08C3,
  0x21C3,0x3AA7,0x21E4,0x1983,0xF81F,0xF81F,0xF81F,0xF81F,0xF81F,0xF81F,0xF81F,0xF81F,0xF81F,0xF81F,0xF81F,0xF81F,
  0xF81F,0xF81F,0xF81F,0xF81F,0xF81F,0xF81F,0xF81F,0xF81F,0xF81F,0xF81F,0xF81F,0xF81F,0xF81F,0xF81F,0xF81F,0xF81F,
  0xF81F,0xF81F,0xF81F,0xF81F,0xF81F,0xF81F,0xF81F,0xF81F,0xF81F,0xF81F,0xF81F,0xF81F,0xF81F,0xF81F,0xF81F,0xF81F,
  0xF81F,0xF81F,0xF81F,0xF81F,0xF81F,0xF81F,0xF81F,0xF81F,0xF81F,0xF81F,0xF81F,0x1942,0x2163,0x4248,0x2145,0x10E4,
  0x1925,0x3A29,0x422A,0x3A2A,0x3A4A,0x31C7,0x31C7,0x2125,0x0062,0x0080,0x00A0,0x63A8,0x7D0B,0xB6F1,0xBF32,0xBF32,
  0xBF32,0xC754,0xC774,0xCF74,0xCF54,0xD755,0xD755,0xCF75,0xC754,0xB712,0x752B,0x7D6C,0x7DAD,0x7D8D,0x7DAD,0x7D4C,
  0x752B,0xB6F2,0xB6F2,0xBF32,0xBF12,0xBF12,0xBF12,0xBF12,0xBF33,0xBF33,0xBF13,0xBF33,0xC733,0xC712,0x95CD,0x850C,
  0x0900,0x08A0,0x08A2,0x39C8,0x39E9,0x31E8,0x31C8,0x31C8,0x3209,0x2166,0x1905,0x10E3,0x08C2,0x1964,0x21C5,0x2A06,
  0x29E6,0xF81F,0xF81F,0xF81F,0xF81F,0xF81F,0xF81F,0xF81F,0xF81F,0xF81F,0xF81F,0xF81F,0xF81F,0xF81F,0xF81F,0xF81F,
  0xF81F,0xF81F,0xF81F,0xF81F,0xF81F,0xF81F,0xF81F,0xF81F,0xF81F,0xF81F,0xF81F,0xF81F,0xF81F,0xF81F,0xF81F,0xF81F,
  0xF81F,0xF81F,0xF81F,0xF81F,0xF81F,0xF81F,0xF81F,0xF81F,0xF81F,0xF81F,0xF81F,0xF81F,0xF81F,0xF81F,0xF81F,0xF81F,
  0xF81F,0xF81F,0xF81F,0xF81F,0xF81F,0x4267,0x08C1,0x0881,0x0882,0x10C4,0x2146,0x2166,0x4249,0x4A8A,0x4A8B,0x4A8B,
  0x39E8,0x31C8,0x31A8,0x10E4,0x0061,0x0060,0x3205,0x4305,0x854C,0x95ED,0xBF11,0xC732,0xC753,0xCF54,0xCF54,0xCF54,
  0xD754,0xD755,0xCF74,0xC754,0xAEF2,0x750A,0x6D0B,0x6D2B,0x6D0B,0x6D0B,0x6D2B,0x754B,0xB713,0xBF32,0xBF12,0xBF12,
  0xB732,0xB732,0xBF12,0xBF32,0xBF32,0xBF33,0xBF33,0xB6D1,0xA62F,0x748A,0x6BEA,0x08C1,0x08A2,0x2105,0x4A2A,0x4229,
  0x39E8,0x31A8,0x31C8,0x31C8,0x29A7,0x2186,0x10E4,0x10C3,0x00A1,0x08C1,0x00C1,0x1943,0xF81F,0xF81F,0xF81F,0xF81F,
  0xF81F,0xF81F,0xF81F,0xF81F,0xF81F,0xF81F,0xF81F,0xF81F,0xF81F,0xF81F,0xF81F,0xF81F,0xF81F,0xF81F,0xF81F,0xF81F,
  0xF81F,0xF81F,0xF81F,0xF81F,0xF81F,0xF81F,0xF81F,0xF81F,0xF81F,0xF81F,0xF81F,0xF81F,0xF81F,0xF81F,0xF81F,0xF81F,
  0xF81F,0xF81F,0xF81F,0xF81F,0xF81F,0xF81F,0xF81F,0xF81F,0xF81F,0xF81F,0xF81F,0xF81F,0xF81F,0xF81F,0xF81F,0xF81F,
  0x3A27,0x0061,0x08A2,0x10A3,0x1905,0x2986,0x73CF,0xE73C,0xE73C,0xE75D,0xE77D,0x73AF,0x3A09,0x39E8,0x2145,0x10C3,
  0x10A2,0x0040,0x1121,0x7CAC,0x958D,0xB6D1,0xC732,0xCF54,0xCF54,0xCF54,0xCF54,0xCF54,0xCF54,0xCF54,0xC753,0xB6F2,
  0x858C,0x6D0A,0x650A,0x650B,0x64EA,0x6D2B,0x7D4C,0xB733,0xB712,0xBF32,0xBF32,0xB732,0xB732,0xBF12,0xBF12,0xBF32,
  0xBF11,0xB6F1,0xA62F,0x850C,0x1161,0x1101,0x2165,0x3A08,0xD6BB,0xEF7D,0xEF7E,0x8431,0x31C8,0x31C8,0x31E8,0x29A7,
  0x2186,0x1925,0x1945,0x08C2,0x08C2,0x08A1,0x1102,0xF81F,0xF81F,0xF81F,0xF81F,0xF81F,0xF81F,0xF81F,0xF81F,0xF81F,
  0xF81F,0xF81F,0xF81F,0xF81F,0xF81F,0xF81F,0xF81F,0xF81F,0xF81F,0xF81F,0xF81F,0xF81F,0xF81F,0xF81F,0xF81F,0xF81F,
  0xF81F,0xF81F,0xF81F,0xF81F,0xF81F,0xF81F,0xF81F,0xF81F,0xF81F,0xF81F,0xF81F,0xF81F,0xF81F,0xF81F,0xF81F,0xF81F,
  0xF81F,0xF81F,0xF81F,0xF81F,0xF81F,0xF81F,0xF81F,0xF81F,0xF81F,0xF81F,0xF81F,0x4268,0x08A2,0x2145,0x2987,0x31C7,
  0x9D14,0xBE18,0xEF7D,0xF77D,0xF79E,0xF7BE,0xD6DB,0x8472,0x39E8,0x2966,0x2125,0x1904,0x0041,0x0081,0x1141,0x4B46,
  0xAE91,0xC753,0xC774,0xBF33,0xBF33,0xC753,0xCF74,0xCF74,0xC754,0xBF32,0xB712,0xAEB1,0x6CEA,0x6D0B,0x6D0B,0x6D0B,
  0x754C,0x7D6C,0xB733,0xBF12,0xBF32,0xBF32,0xBF32,0xB732,0xB732,0xB713,0xBF32,0xB6D0,0xA64F,0x6C8A,0x4B07,0x1922,
  0x31C6,0x8C71,0x9CF4,0xEF7D,0xFFFF,0xFFDF,0xDEDB,0xC619,0x422A,0x39E9,0x2166,0x2146,0x2146,0x2146,0x2145,0x2145,
  0x08C2,0x1103,0x8491,0xF81F,0xF81F,0xF81F,0xF81F,0xF81F,0xF81F,0xF81F,0xF81F,0xF81F,0xF81F,0xF81F,0xF81F,0xF81F,
  0xF81F,0xF81F,0xF81F,0xF81F,0xF81F,0xF81F,0xF81F,0xF81F,0xF81F,0xF81F,0xF81F,0xF81F,0xF81F,0xF81F,0xF81F,0xF81F,
  0xF81F,0xF81F,0xF81F,0xF81F,0xF81F,0xF81F,0xF81F,0xF81F,0xF81F,0xF81F,0xF81F,0xF81F,0xF81F,0xF81F,0xF81F,0xF81F,
  0xF81F,0xF81F,0xF81F,0xF81F,0xF81F,0x08A1,0x10E2,0x2165,0x2166,0x29A7,0x39E8,0xF79E,0xFFFF,0xFFFF,0xFFFF,0xFFFF,
  0xFFFF,0xF7BE,0x94F4,0x3A08,0x2146,0x1905,0x1905,0x1905,0x1905,0x08C1,0x3AA5,0x9DEF,0xAE90,0xBF53,0xBF53,0xBF32,
  0xBF53,0xC753,0xC753,0xBF33,0xB712,0xBF12,0xB712,0xA691,0x8DEE,0x6D0B,0x6D0B,0x9E70,0xAED2,0xB713,0xBF33,0xBF12,
  0xBF12,0xBF12,0xBF32,0xB712,0xB713,0xB712,0xAE8F,0x9DEF,0x3244,0x1103,0x4228,0x7BCF,0xFFDF,0xFFFF,0xFFFF,0xFFFF,
  0xFFFF,0xFFFF,0xF7DF,0x4A8B,0x3A09,0x18E5,0x10C4,0x2126,0x2146,0x2146,0x2145,0x1104,0x08A2,0x0881,0x2184,0xF81F,
  0xF81F,0xF81F,0xF81F,0xF81F,0xF81F,0xF81F,0xF81F,0xF81F,0xF81F,0xF81F,0xF81F,0xF81F,0xF81F,0xF81F,0xF81F,0xF81F,
  0xF81F,0xF81F,0xF81F,0xF81F,0xF81F,0xF81F,0xF81F,0xF81F,0xF81F,0xF81F,0xF81F,0xF81F,0xF81F,0xF81F,0xF81F,0xF81F,
  0xF81F,0xF81F,0xF81F,0xF81F,0xF81F,0xF81F,0xF81F,0xF81F,0xF81F,0xF81F,0xF81F,0xF81F,0xF81F,0xF81F,0xF81F,0xF81F,
  0x0080,0x08A2,0x2166,0x2166,0x2987,0x39E9,0xEF9E,0xFFDF,0xFFFF,0xFFFF,0xFFFF,0xFFFF,0xF7DF,0x94F3,0x3A29,0x2146,
  0x2125,0x2125,0x1925,0x1925,0x0060,0x21A2,0x7CAB,0x95EE,0xB731,0xB732,0xB732,0xBF32,0xBF12,0xBF32,0xBF12,0xBF12,
  0xBF33,0xB712,0xB733,0x964F,0x6D0B,0x6D0B,0xA6D1,0xB733,0xB713,0xBF13,0xBF12,0xBF12,0xBF12,0xB712,0xB732,0xB712,
  0xAE70,0x8D8D,0x746C,0x1143,0x10C4,0x4A6A,0x9492,0xFFDF,0xFFFF,0xFFFF,0xFFFF,0xFFFF,0xFFFF,0xF7DF,0x52AB,0x4209,
  0x10C4,0x0883,0x2145,0x2146,0x2146,0x2146,0x1904,0x10E3,0x0060,0x29A5,0xF81F,0xF81F,0xF81F,0xF81F,0xF81F,0xF81F,
  0xF81F,0xF81F,0xF81F,0xF81F,0xF81F,0xF81F,0xF81F,0xF81F,0xF81F,0xF81F,0xF81F,0xF81F,0xF81F,0xF81F,0xF81F,0xF81F,
  0xF81F,0xF81F,0xF81F,0xF81F,0xF81F,0xF81F,0xF81F,0xF81F,0xF81F,0xF81F,0xF81F,0xF81F,0xF81F,0xF81F,0xF81F,0xF81F,
  0xF81F,0xF81F,0xF81F,0xF81F,0xF81F,0xF81F,0xF81F,0xF81F,0xF81F,0xF81F,0xF81F,0x0881,0x08A2,0x2146,0x2166,0x2987,
  0x39E8,0xF7BF,0xFFFF,0xFFFF,0xFFFF,0xFFFF,0xFFFF,0xF7DF,0x9D14,0x3A09,0x2967,0x2125,0x2125,0x2125,0x1925,0x0882,
  0x1922,0x4AE6,0x748A,0x9E4E,0xB711,0xB712,0xB712,0xB712,0xBF32,0xBF12,0xBF12,0xBF12,0xB712,0xA6D1,0x8E0E,0x6D2B,
  0x6D0A,0x9E91,0xAED2,0xBF33,0xBF12,0xBF33,0xBF12,0xBF12,0xB712,0xB712,0xB711,0xAE70,0x748C,0x42A8,0x1903,0x18E4,
  0x4A6B,0x9472,0xFFDF,0xFFFF,0xFFFF,0xFFFF,0xFFFF,0xF7BE,0xF79E,0x4A4A,0x31A7,0x0862,0x0841,0x10C3,0x10C4,0x2126,
  0x2126,0x1925,0x1924,0x0061,0x29A5,0xF81F,0xF81F,0xF81F,0xF81F,0xF81F,0xF81F,0xF81F,0xF81F,0xF81F,0xF81F,0xF81F,
  0xF81F,0xF81F,0xF81F,0xF81F,0xF81F,0xF81F,0xF81F,0xF81F,0xF81F,0xF81F,0xF81F,0xF81F,0xF81F,0xF81F,0xF81F,0xF81F,
  0xF81F,0xF81F,0xF81F,0xF81F,0xF81F,0xF81F,0xF81F,0xF81F,0xF81F,0xF81F,0xF81F,0xF81F,0xF81F,0xF81F,0xF81F,0xF81F,
  0xF81F,0xF81F,0xF81F,0xF81F,0xF81F,0xF81F,0x0881,0x08A2,0x2146,0x2166,0x1905,0x2125,0x8C72,0xC618,0xFFFF,0xFFFF,
  0xFFFF,0xFFFF,0xA535,0x3A29,0x31A7,0x2146,0x2125,0x2125,0x2125,0x1905,0x18E4,0x10E3,0x0060,0x3AC5,0x8D8D,0xAED0,
  0xB712,0xB712,0xB712,0xBF12,0xBF12,0xBF12,0xBF32,0xA6B0,0x752B,0x754B,0x6D0B,0x6D0B,0x6D2B,0x7D2B,0xBF13,0xBF12,
  0xBF13,0xBF12,0xBF12,0xBF13,0xBF12,0xBF10,0xAE4F,0x4B08,0x0062,0x18E4,0x1904,0x4A8B,0x9492,0xFFDF,0xFFFF,0xFFFF,
  0xFFFF,0xFFFF,0xAD96,0x52AB,0x2125,0x18E3,0x0000,0x0000,0x0020,0x0041,0x2126,0x1925,0x1925,0x1924,0x0061,0x29A5,
  0xF81F,0xF81F,0xF81F,0xF81F,0xF81F,0xF81F,0xF81F,0xF81F,0xF81F,0xF81F,0xF81F,0xF81F,0xF81F,0xF81F,0xF81F,0xF81F,
  0xF81F,0xF81F,0xF81F,0xF81F,0xF81F,0xF81F,0xF81F,0xF81F,0xF81F,0xF81F,0xF81F,0xF81F,0xF81F,0xF81F,0xF81F,0xF81F,
  0xF81F,0xF81F,0xF81F,0xF81F,0xF81F,0xF81F,0xF81F,0xF81F,0xF81F,0xF81F,0xF81F,0xF81F,0xF81F,0xF81F,0xF81F,0xF81F,
  0xF81F,0x0081,0x08A2,0x2145,0x2146,0x18E4,0x18E4,0x5ACC,0xA534,0xF7DF,0xF7DF,0xF7DF,0xF7DF,0xA535,0x39C8,0x2966,
  0x18C3,0x10A3,0x10A3,0x10C4,0x1905,0x18E4,0x18E4,0x0040,0x29E3,0x6C48,0x9E0E,0xBF12,0xBF13,0xBF12,0xBF13,0xBF13,
  0xBF33,0xBF32,0xA6B0,0x6D2B,0x6D4B,0x6D0A,0x6D2B,0x6D0A,0x7D2B,0xBF33,0xBF12,0xBF13,0xBF13,0xBF13,0xBF13,0xBF32,
  0xA66F,0x958D,0x4286,0x0041,0x2966,0x2987,0x424A,0x7C11,0xDEDB,0xE75D,0xF79E,0xF79E,0xEF5D,0x9CD4,0x39E8,0x2124,
  0x18C3,0x0000,0x0000,0x0000,0x0041,0x2146,0x1926,0x2146,0x1925,0x0041,0x29C6,0xF81F,0xF81F,0xF81F,0xF81F,0xF81F,
  0xF81F,0xF81F,0xF81F,0xF81F,0xF81F,0xF81F,0xF81F,0xF81F,0xF81F,0xF81F,0xF81F,0xF81F,0xF81F,0xF81F,0xF81F,0xF81F,
  0xF81F,0xF81F,0xF81F,0xF81F,0xF81F,0xF81F,0xF81F,0xF81F,0xF81F,0xF81F,0xF81F,0xF81F,0xF81F,0xF81F,0xF81F,0xF81F,
  0xF81F,0xF81F,0xF81F,0xF81F,0xF81F,0xF81F,0xF81F,0xF81F,0xF81F,0xF81F,0xF81F,0xF81F,0x0081,0x0882,0x2146,0x2146,
  0x10A3,0x0842,0x2966,0x4A8A,0x634D,0x634D,0x4A49,0x424A,0x4229,0x3187,0x2105,0x0841,0x0021,0x0021,0x10A3,0x1905,
  0x18E5,0x18C4,0x0020,0x21A3,0x5BC8,0x854C,0xB712,0xBF12,0xBF12,0xBF33,0xBF33,0xBF33,0xBF32,0xAED1,0x8E0E,0x756C,
  0x6D2B,0x6D2B,0x85AD,0x95EE,0xB713,0xB712,0xBF13,0xBF13,0xBF13,0xBF13,0xBF32,0x9E0E,0x850C,0x3A46,0x0041,0x2987,
  0x29A7,0x31C8,0x31C7,0x3A09,0x73CF,0xAD96,0xB5B7,0x9CF4,0x738E,0x2945,0x10A2,0x0020,0x0000,0x0000,0x0000,0x0041,
  0x2146,0x1926,0x1945,0x1925,0x0041,0x31E6,0xF81F,0xF81F,0xF81F,0xF81F,0xF81F,0xF81F,0xF81F,0xF81F,0xF81F,0xF81F,
  0xF81F,0xF81F,0xF81F,0xF81F,0xF81F,0xF81F,0xF81F,0xF81F,0xF81F,0xF81F,0xF81F,0xF81F,0xF81F,0xF81F,0xF81F,0xF81F,
  0xF81F,0xF81F,0xF81F,0xF81F,0xF81F,0xF81F,0xF81F,0xF81F,0xF81F,0xF81F,0xF81F,0xF81F,0xF81F,0xF81F,0xF81F,0xF81F,
  0xF81F,0xF81F,0xF81F,0xF81F,0xF81F,0xF81F,0xF81F,0x0881,0x0882,0x2146,0x2145,0x10A3,0x0862,0x1904,0x94D3,0xEF7E,
  0xD6DB,0x31A7,0x2987,0x2125,0x2125,0x10C3,0x0000,0x0000,0x0000,0x0862,0x10C4,0x18C4,0x18C4,0x0020,0x1922,0x3AA5,
  0x6409,0xB6D1,0xBF33,0xBF12,0xBF33,0xBF12,0xBF12,0xBF12,0xB712,0xA6D1,0x85AD,0x752B,0x750A,0x9E90,0xB712,0xB712,
  0xB712,0xB712,0xB712,0xBF12,0xBF12,0xBF12,0x852C,0x5B88,0x29A4,0x0041,0x2987,0x31C8,0x29A8,0x31C8,0x31C8,0x31A7,
  0x31C7,0x31A7,0x2104,0x2104,0x10A3,0x0021,0x0000,0x0000,0x0000,0x0000,0x0041,0x2146,0x1926,0x1945,0x1925,0x0041,
  0x3207,0xF81F,0xF81F,0xF81F,0xF81F,0xF81F,0xF81F,0xF81F,0xF81F,0xF81F,0xF81F,0xF81F,0xF81F,0xF81F,0xF81F,0xF81F,
  0xF81F,0xF81F,0xF81F,0xF81F,0xF81F,0xF81F,0xF81F,0xF81F,0xF81F,0xF81F,0xF81F,0xF81F,0xF81F,0xF81F,0xF81F,0xF81F,
  0xF81F,0xF81F,0xF81F,0xF81F,0xF81F,0xF81F,0xF81F,0xF81F,0xF81F,0xF81F,0xF81F,0xF81F,0xF81F,0xF81F,0xF81F,0xF81F,
  0xF81F,0xF81F,0x0061,0x0882,0x2146,0x2146,0x1083,0x0021,0x10C3,0x94D3,0xF7DF,0xE71C,0x31A7,0x31A8,0x2105,0x10A3,
  0x0020,0x0000,0x0000,0x0000,0x0021,0x0862,0x10C4,0x18C4,0x0020,0x1902,0x3A65,0x63E9,0xB6D2,0xBF33,0xBF12,0xBF32,
  0xBF12,0xB712,0xB732,0xB712,0xB712,0x85AD,0x750A,0x750A,0xA690,0xB712,0xB712,0xB712,0xB712,0xB712,0xB712,0xB712,
  0xBEF2,0x84EC,0x42A6,0x1923,0x0041,0x2987,0x31A8,0x31C8,0x29C8,0x31C7,0x31A7,0x2986,0x2145,0x10C3,0x10A3,0x0000,
  0x0000,0x0000,0x0000,0x0000,0x0000,0x0041,0x2146,0x1946,0x1925,0x1924,0x0040,0x3207,0xF81F,0xF81F,0xF81F,0xF81F,
  0xF81F,0xF81F,0xF81F,0xF81F,0xF81F,0xF81F,0xF81F,0xF81F,0xF81F,0xF81F,0xF81F,0xF81F,0xF81F,0xF81F,0xF81F,0xF81F,
  0xF81F,0xF81F,0xF81F,0xF81F,0xF81F,0xF81F,0xF81F,0xF81F,0xF81F,0xF81F,0xF81F,0xF81F,0xF81F,0xF81F,0xF81F,0xF81F,
  0xF81F,0xF81F,0xF81F,0xF81F,0xF81F,0xF81F,0xF81F,0xF81F,0xF81F,0xF81F,0xF81F,0xF81F,0xF81F,0x0061,0x0882,0x2146,
  0x2146,0x10A3,0x0042,0x0862,0x2945,0x4229,0x4229,0x2946,0x2966,0x18E4,0x0861,0x0000,0x0000,0x0000,0x0000,0x0000,
  0x0021,0x10A3,0x10C4,0x0862,0x0040,0x0060,0x3224,0x9E0E,0xAEB1,0xBF12,0xBF32,0xBF32,0xB732,0xB712,0xB712,0xB712,
  0xAED1,0xAED1,0xAEB1,0xB712,0xB713,0xB712,0xB712,0xB712,0xB712,0xB712,0xB6D0,0x9E0E,0x5BA8,0x0880,0x0040,0x0021,
  0x2966,0x29A7,0x31C8,0x31C8,0x31C8,0x31C7,0x10A3,0x0021,0x0000,0x0000,0x0000,0x0000,0x0000,0x0000,0x0000,0x0000,
  0x0041,0x2146,0x1926,0x1925,0x1924,0x0061,0x3207,0xF81F,0xF81F,0xF81F,0xF81F,0xF81F,0xF81F,0xF81F,0xF81F,0xF81F,
  0xF81F,0xF81F,0xF81F,0xF81F,0xF81F,0xF81F,0xF81F,0xF81F,0xF81F,0xF81F,0xF81F,0xF81F,0xF81F,0xF81F,0xF81F,0xF81F,
  0xF81F,0xF81F,0xF81F,0xF81F,0xF81F,0xF81F,0xF81F,0xF81F,0xF81F,0xF81F,0xF81F,0xF81F,0xF81F,0xF81F,0xF81F,0xF81F,
  0xF81F,0xF81F,0xF81F,0xF81F,0xF81F,0xF81F,0xF81F,0xF81F,0x0061,0x0882,0x2146,0x2146,0x2125,0x1905,0x0042,0x10A3,
  0x18E3,0x18E3,0x10C3,0x18E4,0x10A3,0x0020,0x0000,0x0000,0x0000,0x0000,0x0000,0x0000,0x0862,0x0882,0x10C3,0x0881,
  0x0020,0x29E4,0x9DEE,0xAE90,0xBF12,0xBF32,0xB732,0xB732,0xB732,0xB712,0xB712,0xB712,0xB713,0xBF33,0xBF13,0xB713,
  0xB712,0xB712,0xB712,0xBF12,0xB712,0xAEB0,0x9DCD,0x5348,0x0040,0x0862,0x1082,0x18E4,0x2166,0x29A7,0x31A7,0x2125,
  0x18E4,0x0861,0x0000,0x0000,0x0000,0x0000,0x0000,0x0000,0x0000,0x0000,0x0000,0x0042,0x2146,0x2146,0x1925,0x1924,
  0x0061,0x3207,0xF81F,0xF81F,0xF81F,0xF81F,0xF81F,0xF81F,0xF81F,0xF81F,0xF81F,0xF81F,0xF81F,0xF81F,0xF81F,0xF81F,
  0xF81F,0xF81F,0xF81F,0xF81F,0xF81F,0xF81F,0xF81F,0xF81F,0xF81F,0xF81F,0xF81F,0xF81F,0xF81F,0xF81F,0xF81F,0xF81F,
  0xF81F,0xF81F,0xF81F,0xF81F,0xF81F,0xF81F,0xF81F,0xF81F,0xF81F,0xF81F,0xF81F,0xF81F,0xF81F,0xF81F,0xF81F,0xF81F,
  0xF81F,0xF81F,0xF81F,0x0061,0x0882,0x2145,0x2146,0x2966,0x2125,0x0021,0x0000,0x0000,0x0000,0x0000,0x0000,0x0000,
  0x0000,0x0000,0x0000,0x0000,0x0000,0x0000,0x0000,0x0000,0x0041,0x10C3,0x0882,0x0020,0x31E4,0x9E0E,0xAEB0,0xBF12,
  0xBF32,0xBF32,0xBF12,0xB732,0xB712,0xB712,0xB712,0xB712,0xB712,0xB712,0xB712,0xB712,0xB712,0xB712,0xBF12,0xB6F2,
  0xAEB0,0x9DCD,0x5328,0x0020,0x10A3,0x18E4,0x10A3,0x10A3,0x10C4,0x10A3,0x0841,0x0041,0x0020,0x0000,0x0000,0x0000,
  0x0000,0x0000,0x0000,0x0000,0x0000,0x0020,0x10A3,0x29A7,0x31C8,0x2145,0x1925,0x0081,0x3A07,0xF81F,0xF81F,0xF81F,
  0xF81F,0xF81F,0xF81F,0xF81F,0xF81F,0xF81F,0xF81F,0xF81F,0xF81F,0xF81F,0xF81F,0xF81F,0xF81F,0xF81F,0xF81F,0xF81F,
  0xF81F,0xF81F,0xF81F,0xF81F,0xF81F,0xF81F,0xF81F,0xF81F,0xF81F,0xF81F,0xF81F,0xF81F,0xF81F,0xF81F,0xF81F,0xF81F,
  0xF81F,0xF81F,0xF81F,0xF81F,0xF81F,0xF81F,0xF81F,0xF81F,0xF81F,0xF81F,0xF81F,0xF81F,0xF81F,0xF81F,0x4248,0x31E6,
  0x10E3,0x1925,0x2987,0x2126,0x0042,0x0021,0x0000,0x0000,0x0000,0x0000,0x0000,0x0000,0x0000,0x0000,0x0000,0x0000,
  0x0000,0x0000,0x0000,0x0041,0x10C4,0x0882,0x0020,0x29E4,0x9DEE,0xAEB1,0xBF12,0xBF12,0xBF12,0xBF12,0xB712,0xB712,
  0xB712,0xB712,0xB712,0xB712,0xB712,0xB712,0xB712,0xB712,0xBF13,0xB712,0xBF12,0xAEB0,0x95CE,0x5328,0x0040,0x10A3,
  0x1904,0x0862,0x0862,0x10A4,0x1083,0x0000,0x0000,0x0000,0x0000,0x0000,0x0000,0x0000,0x0000,0x0000,0x0000,0x0020,
  0x18E4,0x1925,0x2987,0x2986,0x10C3,0x08C3,0x4AAA,0x634D,0xF81F,0xF81F,0xF81F,0xF81F,0xF81F,0xF81F,0xF81F,0xF81F,
  0xF81F,0xF81F,0xF81F,0xF81F,0xF81F,0xF81F,0xF81F,0xF81F,0xF81F,0xF81F,0xF81F,0xF81F,0xF81F,0xF81F,0xF81F,0xF81F,
  0xF81F,0xF81F,0xF81F,0xF81F,0xF81F,0xF81F,0xF81F,0xF81F,0xF81F,0xF81F,0xF81F,0xF81F,0xF81F,0xF81F,0xF81F,0xF81F,
  0xF81F,0xF81F,0xF81F,0xF81F,0xF81F,0xF81F,0xF81F,0xF81F,0xF81F,0xF81F,0x4A89,0x0061,0x1904,0x2987,0x2967,0x2946,
  0x18C3,0x0000,0x0000,0x0000,0x0000,0x0000,0x0000,0x0000,0x0000,0x0000,0x0000,0x0000,0x0000,0x0000,0x0041,0x10C4,
  0x0882,0x0020,0x29E4,0x8D8D,0xAE90,0xBF12,0xBF32,0xBF12,0xBF13,0xBF12,0xB712,0xB712,0xB712,0xB712,0xB712,0xB712,
  0xB712,0xB712,0xB712,0xBF13,0xB712,0xBF12,0xAED0,0x95CE,0x5328,0x0040,0x10A3,0x1905,0x0862,0x0001,0x0021,0x0000,
  0x0000,0x0000,0x0000,0x0000,0x0000,0x0000,0x0000,0x0000,0x0000,0x0000,0x0000,0x4229,0x4229,0x2986,0x2966,0x08C2,
  0x08C2,0xF81F,0xF81F,0xF81F,0xF81F,0xF81F,0xF81F,0xF81F,0xF81F,0xF81F,0xF81F,0xF81F,0xF81F,0xF81F,0xF81F,0xF81F,
  0xF81F,0xF81F,0xF81F,0xF81F,0xF81F,0xF81F,0xF81F,0xF81F,0xF81F,0xF81F,0xF81F,0xF81F,0xF81F,0xF81F,0xF81F,0xF81F,
  0xF81F,0xF81F,0xF81F,0xF81F,0xF81F,0xF81F,0xF81F,0xF81F,0xF81F,0xF81F,0xF81F,0xF81F,0xF81F,0xF81F,0xF81F,0xF81F,
  0xF81F,0xF81F,0xF81F,0xF81F,0xF81F,0x4AAA,0x0041,0x10E4,0x2966,0x31A8,0x4A4A,0x2105,0x0862,0x0020,0x0000,0x0000,
  0x0000,0x0000,0x0000,0x0000,0x0000,0x0000,0x0000,0x0000,0x0041,0x0882,0x10E4,0x0882,0x0040,0x29C3,0x8D6D,0xAE91,
  0xBF12,0xBF12,0xBF13,0xBF13,0xBF12,0xBF12,0xBF12,0xB712,0xB712,0xB712,0xB712,0xB712,0xB712,0xB712,0xBF13,0xB712,
  0xBF32,0xAED1,0x9DEE,0x5328,0x0040,0x10A3,0x1905,0x0882,0x0021,0x0000,0x0000,0x0000,0x0000,0x0000,0x0000,0x0000,
  0x0000,0x0000,0x0000,0x0000,0x0000,0x18E4,0x5ACC,0x52AB,0x2145,0x2145,0x08C2,0x1102,0xB5F5,0xF81F,0xF81F,0xF81F,
  0xF81F,0xF81F,0xF81F,0xF81F,0xF81F,0xF81F,0xF81F,0xF81F,0xF81F,0xF81F,0xF81F,0xF81F,0xF81F,0xF81F,0xF81F,0xF81F,
  0xF81F,0xF81F,0xF81F,0xF81F,0xF81F,0xF81F,0xF81F,0xF81F,0xF81F,0xF81F,0xF81F,0xF81F,0xF81F,0xF81F,0xF81F,0xF81F,
  0xF81F,0xF81F,0xF81F,0xF81F,0xF81F,0xF81F,0xF81F,0xF81F,0xF81F,0xF81F,0xF81F,0xF81F,0xF81F,0xF81F,0xF81F,0xF81F,
  0x5AEB,0x0041,0x10C3,0x1904,0x3187,0x4A8B,0x31C7,0x18E4,0x0861,0x0000,0x0000,0x0000,0x0000,0x0000,0x0000,0x0000,
  0x0000,0x0000,0x0021,0x2125,0x2145,0x18E5,0x08A2,0x0040,0x29C3,0x8D6D,0xAE91,0xBF12,0xBF32,0xBF13,0xBF13,0xBF13,
  0xBF13,0xB712,0xB712,0xB712,0xB712,0xB712,0xB712,0xB712,0xB712,0xBF13,0xB712,0xBF12,0xAED0,0x9DEE,0x5348,0x0040,
  0x10C3,0x1905,0x10C4,0x10A3,0x0000,0x0000,0x0000,0x0000,0x0000,0x0000,0x0000,0x0000,0x0000,0x0020,0x0041,0x10C3,
  0x31A7,0x5AAC,0x52AB,0x1945,0x08E2,0x08C1,0x1922,0xF81F,0xF81F,0xF81F,0xF81F,0xF81F,0xF81F,0xF81F,0xF81F,0xF81F,
  0xF81F,0xF81F,0xF81F,0xF81F,0xF81F,0xF81F,0xF81F,0xF81F,0xF81F,0xF81F,0xF81F,0xF81F,0xF81F,0xF81F,0xF81F,0xF81F,
  0xF81F,0xF81F,0xF81F,0xF81F,0xF81F,0xF81F,0xF81F,0xF81F,0xF81F,0xF81F,0xF81F,0xF81F,0xF81F,0xF81F,0xF81F,0xF81F,
  0xF81F,0xF81F,0xF81F,0xF81F,0xF81F,0xF81F,0xF81F,0xF81F,0xF81F,0xF81F,0xF81F,0xF81F,0x3A07,0x1924,0x10E3,0x2966,
  0x4249,0x632D,0x6B6E,0x2145,0x0021,0x0000,0x0000,0x0000,0x0000,0x0000,0x0000,0x0000,0x0000,0x0862,0x31C7,0x2987,
  0x1905,0x10C3,0x0040,0x29C3,0x8D6C,0xAE90,0xB712,0xB732,0xB712,0xB713,0xBF13,0xBF13,0xB712,0xB712,0xB712,0xB712,
  0xB712,0xB712,0xB712,0xB712,0xBF13,0xB712,0xB732,0xAED0,0x95EE,0x5348,0x0040,0x10E4,0x2146,0x1905,0x18C4,0x0000,
  0x0000,0x0000,0x0000,0x0000,0x0000,0x0000,0x0000,0x0000,0x0041,0x18C4,0x31A7,0x4A4A,0x4209,0x39E8,0x2185,0x08C2,
  0x31E6,0x4247,0xF81F,0xF81F,0xF81F,0xF81F,0xF81F,0xF81F,0xF81F,0xF81F,0xF81F,0xF81F,0xF81F,0xF81F,0xF81F,0xF81F,
  0xF81F,0xF81F,0xF81F,0xF81F,0xF81F,0xF81F,0xF81F,0xF81F,0xF81F,0xF81F,0xF81F,0xF81F,0xF81F,0xF81F,0xF81F,0xF81F,
  0xF81F,0xF81F,0xF81F,0xF81F,0xF81F,0xF81F,0xF81F,0xF81F,0xF81F,0xF81F,0xF81F,0xF81F,0xF81F,0xF81F,0xF81F,0xF81F,
  0xF81F,0xF81F,0xF81F,0xF81F,0xF81F,0xF81F,0xF81F,0xF81F,0x52CA,0x08A2,0x1924,0x2165,0x632D,0x7BF0,0x31C8,0x2966,
  0x0000,0x0000,0x0000,0x0000,0x0000,0x0000,0x0000,0x18C3,0x2966,0x6B4E,0x4A8B,0x2146,0x10E4,0x0040,0x29E3,0x856C,
  0xAE90,0xB712,0xB712,0xB712,0xB712,0xBF12,0xBF13,0xBF13,0xBF13,0xBF13,0xBF13,0xBF13,0xBF12,0xBF12,0xB712,0xBF13,
  0xB712,0xB712,0xAEB0,0x95CD,0x5348,0x0060,0x2146,0x3A29,0x39E9,0x39E9,0x18E5,0x0862,0x0000,0x0000,0x0000,0x0000,
  0x0000,0x0000,0x0020,0x10A3,0x2987,0x422A,0x7BF1,0x4228,0x1903,0x1923,0x08C1,0xF81F,0xF81F,0xF81F,0xF81F,0xF81F,
  0xF81F,0xF81F,0xF81F,0xF81F,0xF81F,0xF81F,0xF81F,0xF81F,0xF81F,0xF81F,0xF81F,0xF81F,0xF81F,0xF81F,0xF81F,0xF81F,
  0xF81F,0xF81F,0xF81F,0xF81F,0xF81F,0xF81F,0xF81F,0xF81F,0xF81F,0xF81F,0xF81F,0xF81F,0xF81F,0xF81F,0xF81F,0xF81F,
  0xF81F,0xF81F,0xF81F,0xF81F,0xF81F,0xF81F,0xF81F,0xF81F,0xF81F,0xF81F,0xF81F,0xF81F,0xF81F,0xF81F,0xF81F,0xF81F,
  0xF81F,0xF81F,0xF81F,0x636C,0x1963,0x29E5,0x1944,0x2165,0x31C8,0x4209,0x3A09,0x10A3,0x1082,0x0000,0x0000,0x0000,
  0x0000,0x0000,0x52CB,0x6BAF,0x632D,0x4A6B,0x2146,0x1903,0x0040,0x29E3,0x854C,0xA690,0xB712,0xB732,0xB712,0xB712,
  0xBF12,0xBF12,0xB712,0xB712,0xB713,0xBF13,0xBF13,0xBF12,0xBF12,0xB712,0xB712,0xB712,0xB711,0xAEB0,0x95CD,0x5368,
  0x0080,0x1904,0x2987,0x424A,0x5B0D,0x31C8,0x2966,0x0021,0x0000,0x0000,0x0000,0x0000,0x0000,0x2105,0x4209,0x4A8B,
  0x4229,0x31C7,0x3A66,0x3246,0x1121,0x1101,0xF81F,0xF81F,0xF81F,0xF81F,0xF81F,0xF81F,0xF81F,0xF81F,0xF81F,0xF81F,
  0xF81F,0xF81F,0xF81F,0xF81F,0xF81F,0xF81F,0xF81F,0xF81F,0xF81F,0xF81F,0xF81F,0xF81F,0xF81F,0xF81F,0xF81F,0xF81F,
  0xF81F,0xF81F,0xF81F,0xF81F,0xF81F,0xF81F,0xF81F,0xF81F,0xF81F,0xF81F,0xF81F,0xF81F,0xF81F,0xF81F,0xF81F,0xF81F,
  0xF81F,0xF81F,0xF81F,0xF81F,0xF81F,0xF81F,0xF81F,0xF81F,0xF81F,0xF81F,0xF81F,0xF81F,0xF81F,0xF81F,0x4267,0x3246,
  0x2A05,0x2183,0x29A5,0x31C7,0x39E8,0x39E8,0x2146,0x18E4,0x0042,0x0041,0x0041,0x0041,0x0041,0x632D,0x7C31,0x5B2D,
  0x424A,0x1924,0x1922,0x0901,0x3284,0x856C,0xAE90,0xB712,0xB732,0xB712,0xBEF2,0xBEF2,0xBEF2,0xBF13,0xBF12,0xBF13,
  0xBF13,0xBF13,0xBF12,0xBF12,0xB712,0xB6F2,0xB711,0xB711,0xA68F,0x8DCC,0x53A7,0x0901,0x10E2,0x1904,0x4229,0x632D,
  0x4229,0x39E8,0x0041,0x0021,0x0021,0x0020,0x0021,0x0021,0x2946,0x422A,0x4AAB,0x3A28,0x1122,0x3265,0x4B08,0x21A3,
  0x2984,0xF81F,0xF81F,0xF81F,0xF81F,0xF81F,0xF81F,0xF81F,0xF81F,0xF81F,0xF81F,0xF81F,0xF81F,0xF81F,0xF81F,0xF81F,
  0xF81F,0xF81F,0xF81F,0xF81F,0xF81F,0xF81F,0xF81F,0xF81F,0xF81F,0xF81F,0xF81F,0xF81F,0xF81F,0xF81F,0xF81F,0xF81F,
  0xF81F,0xF81F,0xF81F,0xF81F,0xF81F,0xF81F,0xF81F,0xF81F,0xF81F,0xF81F,0xF81F,0xF81F,0xF81F,0xF81F,0xF81F,0xF81F,
  0xF81F,0xF81F,0xF81F,0xF81F,0xF81F,0xF81F,0xF81F,0xF81F,0xF81F,0xF81F,0xF81F,0x21C3,0x29E3,0x5349,0x3225,0x00A1,
  0x08A2,0x10C4,0x2166,0x2986,0x2166,0x2986,0x2986,0x29A7,0x31C7,0x31C8,0x31C8,0x1904,0x08C1,0x2A24,0x6C8A,0x7D2B,
  0xA64F,0xB6F1,0xB732,0xB712,0xBF13,0xD755,0xDF55,0xDF55,0xD775,0xCF54,0xC754,0xC754,0xC753,0xC754,0xBF33,0xBF32,
  0xB712,0xB711,0xB711,0xA6AF,0x95EC,0x854C,0x6C2A,0x2A04,0x10E2,0x1904,0x2987,0x31C8,0x31E8,0x2166,0x2966,0x2146,
  0x2146,0x2925,0x2946,0x2946,0x1904,0x1123,0x1983,0x5B89,0x3AA6,0x1121,0x8CD1,0xF81F,0xF81F,0xF81F,0xF81F,0xF81F,
  0xF81F,0xF81F,0xF81F,0xF81F,0xF81F,0xF81F,0xF81F,0xF81F,0xF81F,0xF81F,0xF81F,0xF81F,0xF81F,0xF81F,0xF81F,0xF81F,
  0xF81F,0xF81F,0xF81F,0xF81F,0xF81F,0xF81F,0xF81F,0xF81F,0xF81F,0xF81F,0xF81F,0xF81F,0xF81F,0xF81F,0xF81F,0xF81F,
  0xF81F,0xF81F,0xF81F,0xF81F,0xF81F,0xF81F,0xF81F,0xF81F,0xF81F,0xF81F,0xF81F,0xF81F,0xF81F,0xF81F,0xF81F,0xF81F,
  0xF81F,0xF81F,0xF81F,0xF81F,0xF81F,0xF81F,0x29C4,0x29E3,0x4B07,0x3A85,0x08E0,0x00A0,0x0081,0x2166,0x2986,0x2986,
  0x2986,0x2986,0x2986,0x2986,0x29A7,0x29A6,0x1122,0x0900,0x32A4,0x6CE9,0x7D6A,0xA690,0xB712,0xB732,0xB713,0xC713,
  0xDF76,0xE756,0xE776,0xE776,0xDF55,0xCF54,0xCF54,0xC753,0xC753,0xBF33,0xB732,0xB712,0xB711,0xB6F1,0xAED0,0x9E6E,
  0x8DAB,0x74CA,0x3263,0x08C0,0x10E2,0x2145,0x31E7,0x31C7,0x2966,0x2966,0x2966,0x2146,0x2946,0x2945,0x2165,0x08E2,
  0x0900,0x1181,0x640A,0x4AE7,0x1101,0x8CD1,0xF81F,0xF81F,0xF81F,0xF81F,0xF81F,0xF81F,0xF81F,0xF81F,0xF81F,0xF81F,
  0xF81F,0xF81F,0xF81F,0xF81F,0xF81F,0xF81F,0xF81F,0xF81F,0xF81F,0xF81F,0xF81F,0xF81F,0xF81F,0xF81F,0xF81F,0xF81F,
  0xF81F,0xF81F,0xF81F,0xF81F,0xF81F,0xF81F,0xF81F,0xF81F,0xF81F,0xF81F,0xF81F,0xF81F,0xF81F,0xF81F,0xF81F,0xF81F,
  0xF81F,0xF81F,0xF81F,0xF81F,0xF81F,0xF81F,0xF81F,0xF81F,0xF81F,0xF81F,0xF81F,0xF81F,0xF81F,0xF81F,0xF81F,0xF81F,
  0xF81F,0xF81F,0xF81F,0x19A3,0x2A44,0x4B27,0x4B47,0x42E6,0x08C1,0x08A1,0x08A1,0x08A1,0x08A1,0x08A1,0x08A1,0x08C1,
  0x00C0,0x1161,0x6449,0x74EA,0x85AB,0x8E0C,0xB711,0xB732,0xB732,0xB712,0xC6F3,0xEF97,0xF798,0xF798,0xEF97,0xEF96,
  0xD754,0xCF74,0xC753,0xC753,0xBF32,0xB732,0xB712,0xB712,0xB6F1,0xB711,0xB710,0x9E6E,0x95EC,0x74A9,0x5367,0x1141,
  0x08C0,0x08A1,0x08A1,0x0880,0x0881,0x0881,0x0881,0x0881,0x00A0,0x00A0,0x3A86,0x5368,0x4B47,0x19A1,0x52E9,0xF81F,
  0xF81F,0xF81F,0xF81F,0xF81F,0xF81F,0xF81F,0xF81F,0xF81F,0xF81F,0xF81F,0xF81F,0xF81F,0xF81F,0xF81F,0xF81F,0xF81F,
  0xF81F,0xF81F,0xF81F,0xF81F,0xF81F,0xF81F,0xF81F,0xF81F,0xF81F,0xF81F,0xF81F,0xF81F,0xF81F,0xF81F,0xF81F,0xF81F,
  0xF81F,0xF81F,0xF81F,0xF81F,0xF81F,0xF81F,0xF81F,0xF81F,0xF81F,0xF81F,0xF81F,0xF81F,0xF81F,0xF81F,0xF81F,0xF81F,
  0xF81F,0xF81F,0xF81F,0xF81F,0xF81F,0xF81F,0xF81F,0xF81F,0xF81F,0xF81F,0xF81F,0xF81F,0xF81F,0xF81F,0x3206,0x3286,
  0x32A5,0x53A7,0x6C8A,0x3AE4,0x3AA4,0x3A84,0x3284,0x3284,0x3264,0x3263,0x3284,0x32A3,0x3B24,0x7D0A,0x858B,0x9E8F,
  0xAED0,0xB711,0xB712,0xB712,0xAED1,0xBEB2,0xEF96,0xF798,0xF798,0xF797,0xEFB7,0xDF95,0xD794,0xC753,0xC753,0xBF33,
  0xB732,0xAED1,0xAED1,0xB712,0xB711,0xB711,0xAED0,0x9E6E,0x858B,0x74A9,0x3AE4,0x3263,0x3263,0x3243,0x2A23,0x2A23,
  0x3223,0x3223,0x2A23,0x2A43,0x2A63,0x4B67,0x5389,0x4B28,0x3205,0x636C,0xF81F,0xF81F,0xF81F,0xF81F,0xF81F,0xF81F,
  0xF81F,0xF81F,0xF81F,0xF81F,0xF81F,0xF81F,0xF81F,0xF81F,0xF81F,0xF81F,0xF81F,0xF81F,0xF81F,0xF81F,0xF81F,0xF81F,
  0xF81F,0xF81F,0xF81F,0xF81F,0xF81F,0xF81F,0xF81F,0xF81F,0xF81F,0xF81F,0xF81F,0xF81F,0xF81F,0xF81F,0xF81F,0xF81F,
  0xF81F,0xF81F,0xF81F,0xF81F,0xF81F,0xF81F,0xF81F,0xF81F,0xF81F,0xF81F,0xF81F,0xF81F,0xF81F,0xF81F,0xF81F,0xF81F,
  0xF81F,0xF81F,0xF81F,0xF81F,0xF81F,0xF81F,0xF81F,0xF81F,0xF81F,0xF81F,0x3286,0x11A2,0x32C4,0x6469,0x7D2A,0x858A,
  0x858B,0x85AB,0x85AB,0x85AB,0x85AB,0x858B,0x858B,0x85AB,0x8E0C,0x9E4E,0xAEF1,0xB711,0xB711,0xB712,0xB711,0x960D,
  0x9DEE,0xE796,0xF777,0xF797,0xF797,0xEF96,0xDF75,0xD774,0xC753,0xC753,0xBF53,0xB712,0x7D8C,0x8DCD,0xB712,0xB712,
  0xB711,0xB731,0xB730,0xA68E,0x960C,0x8DAB,0x8DAB,0x8DAB,0x8DAB,0x8DAB,0x8D8B,0x8D8B,0x854A,0x7D2A,0x6CA9,0x6CAA,
  0x32C4,0x1181,0x1142,0xF81F,0xF81F,0xF81F,0xF81F,0xF81F,0xF81F,0xF81F,0xF81F,0xF81F,0xF81F,0xF81F,0xF81F,0xF81F,
  0xF81F,0xF81F,0xF81F,0xF81F,0xF81F,0xF81F,0xF81F,0xF81F,0xF81F,0xF81F,0xF81F,0xF81F,0xF81F,0xF81F,0xF81F,0xF81F,
  0xF81F,0xF81F,0xF81F,0xF81F,0xF81F,0xF81F,0xF81F,0xF81F,0xF81F,0xF81F,0xF81F,0xF81F,0xF81F,0xF81F,0xF81F,0xF81F,
  0xF81F,0xF81F,0xF81F,0xF81F,0xF81F,0xF81F,0xF81F,0xF81F,0xF81F,0xF81F,0xF81F,0xF81F,0xF81F,0xF81F,0xF81F,0xF81F,
  0xF81F,0xF81F,0xF81F,0xF81F,0xF81F,0xF81F,0x6BED,0x4328,0x2A64,0x5C28,0x754A,0x7D6A,0x7D69,0x85CB,0x85AA,0x8DCA,
  0x8DCA,0x8DEB,0x960C,0xA66F,0xAEB0,0xB712,0xB712,0xB712,0xB712,0xB732,0x95EE,0x9DEE,0xCF74,0xD754,0xE7B6,0xE7B6,
  0xDF95,0xCF54,0xCF74,0xC753,0xBF73,0xAEF1,0xAEF1,0x7D6B,0x8DCD,0xB712,0xB712,0xB712,0xB712,0xB711,0xAECF,0xA66D,
  0x960C,0x95EB,0x960B,0x95EB,0x8DAA,0x8DAA,0x856A,0x7D2A,0x750A,0x6449,0x4B47,0x3245,0x6BCD,0x6BAD,0xF81F,0xF81F,
  0xF81F,0xF81F,0xF81F,0xF81F,0xF81F,0xF81F,0xF81F,0xF81F,0xF81F,0xF81F,0xF81F,0xF81F,0xF81F,0xF81F,0xF81F,0xF81F,
  0xF81F,0xF81F,0xF81F,0xF81F,0xF81F,0xF81F,0xF81F,0xF81F,0xF81F,0xF81F,0xF81F,0xF81F,0xF81F,0xF81F,0xF81F,0xF81F,
  0xF81F,0xF81F,0xF81F,0xF81F,0xF81F,0xF81F,0xF81F,0xF81F,0xF81F,0xF81F,0xF81F,0xF81F,0xF81F,0xF81F,0xF81F,0xF81F,
  0xF81F,0xF81F,0xF81F,0xF81F,0xF81F,0xF81F,0xF81F,0xF81F,0xF81F,0xF81F,0xF81F,0xF81F,0xF81F,0xF81F,0xF81F,0xF81F,
  0xF81F,0xF81F,0x21E4,0x0120,0x4B66,0x6489,0x6CE9,0x7509,0x8DCC,0x8DCB,0x960B,0x960B,0x9E6D,0xA6AF,0xB731,0xB732,
  0xB712,0xB732,0xB712,0xB712,0xBF12,0xAED1,0xAE90,0x854B,0x9DCD,0xD754,0xD754,0xCF54,0xCF54,0xCF74,0xBF33,0xB732,
  0x858C,0x754A,0x8E0D,0xA6B0,0xB712,0xB712,0xB712,0xB711,0xB731,0xB731,0xB6EF,0xB6EF,0xA68D,0x9E4C,0x9E4C,0x8DAA,
  0x8D8A,0x856B,0x7D2B,0x7CEB,0x53A8,0x0940,0x1101,0xF81F,0xF81F,0xF81F,0xF81F,0xF81F,0xF81F,0xF81F,0xF81F,0xF81F,
  0xF81F,0xF81F,0xF81F,0xF81F,0xF81F,0xF81F,0xF81F,0xF81F,0xF81F,0xF81F,0xF81F,0xF81F,0xF81F,0xF81F,0xF81F,0xF81F,
  0xF81F,0xF81F,0xF81F,0xF81F,0xF81F,0xF81F,0xF81F,0xF81F,0xF81F,0xF81F,0xF81F,0xF81F,0xF81F,0xF81F,0xF81F,0xF81F,
  0xF81F,0xF81F,0xF81F,0xF81F,0xF81F,0xF81F,0xF81F,0xF81F,0xF81F,0xF81F,0xF81F,0xF81F,0xF81F,0xF81F,0xF81F,0xF81F,
  0xF81F,0xF81F,0xF81F,0xF81F,0xF81F,0xF81F,0xF81F,0xF81F,0xF81F,0xF81F,0xF81F,0xF81F,0xF81F,0xF81F,0xF81F,0x2A45,
  0x2202,0x2A62,0x5C07,0x6CC9,0x6CE9,0x8DCB,0x960C,0x9E6D,0xA6AF,0xB731,0xB731,0xB712,0xB712,0xB712,0xBF12,0xB732,
  0xB712,0xB712,0x7D2B,0x8DAC,0xC753,0xC753,0xC733,0xC753,0xC753,0xBF32,0xB712,0x7D6B,0x752A,0x964E,0xB711,0xB712,
  0xB711,0xB712,0xB711,0xB731,0xB710,0xB70F,0xAEEE,0xAEAD,0x960B,0x8DCB,0x7509,0x6CC9,0x6469,0x4366,0x2A64,0x1961,
  0x42C8,0x5B2A,0xF81F,0xF81F,0xF81F,0xF81F,0xF81F,0xF81F,0xF81F,0xF81F,0xF81F,0xF81F,0xF81F,0xF81F,0xF81F,0xF81F,
  0xF81F,0xF81F,0xF81F,0xF81F,0xF81F,0xF81F,0xF81F,0xF81F,0xF81F,0xF81F,0xF81F,0xF81F,0xF81F,0xF81F,0xF81F,0xF81F,
  0xF81F,0xF81F,0xF81F,0xF81F,0xF81F,0xF81F,0xF81F,0xF81F,0xF81F,0xF81F,0xF81F,0xF81F,0xF81F,0xF81F,0xF81F,0xF81F,
  0xF81F,0xF81F,0xF81F,0xF81F,0xF81F,0xF81F,0xF81F,0xF81F,0xF81F,0xF81F,0xF81F,0xF81F,0xF81F,0xF81F,0xF81F,0xF81F,
  0xF81F,0xF81F,0xF81F,0xF81F,0xF81F,0xF81F,0xF81F,0xF81F,0xF81F,0xF81F,0x3A68,0x4B09,0x42E7,0x32A5,0x3B05,0x3B23,
  0x6CA8,0x7509,0x8DEC,0x9E6E,0xB711,0xB711,0xB711,0xB712,0xB711,0xBF32,0xB732,0xB712,0xB712,0x9E6F,0x9E6F,0xB711,
  0xB711,0xB712,0xB712,0xB712,0xB712,0xB712,0xA690,0xA690,0xAED0,0xB711,0xB711,0xB711,0xAEF1,0xB731,0xB730,0xB70F,
  0xAECE,0xAEAD,0x962B,0x7D28,0x7509,0x53E7,0x4346,0x3B06,0x2A44,0x4AC8,0x4288,0x634C,0xF81F,0xF81F,0xF81F,0xF81F,
  0xF81F,0xF81F,0xF81F,0xF81F,0xF81F,0xF81F,0xF81F,0xF81F,0xF81F,0xF81F,0xF81F,0xF81F,0xF81F,0xF81F,0xF81F,0xF81F,
  0xF81F,0xF81F,0xF81F,0xF81F,0xF81F,0xF81F,0xF81F,0xF81F,0xF81F,0xF81F,0xF81F,0xF81F,0xF81F,0xF81F,0xF81F,0xF81F,
  0xF81F,0xF81F,0xF81F,0xF81F,0xF81F,0xF81F,0xF81F,0xF81F,0xF81F,0xF81F,0xF81F,0xF81F,0xF81F,0xF81F,0xF81F,0xF81F,
  0xF81F,0xF81F,0xF81F,0xF81F,0xF81F,0xF81F,0xF81F,0xF81F,0xF81F,0xF81F,0xF81F,0xF81F,0xF81F,0xF81F,0xF81F,0xF81F,
  0xF81F,0xF81F,0xF81F,0xF81F,0xF81F,0xF81F,0xF81F,0x9D32,0x1121,0x1161,0x0980,0x53C7,0x6CA8,0x7D4B,0x858B,0xA68F,
  0xA68F,0xAF10,0xB711,0x962E,0x9E2E,0xB732,0xB712,0xB712,0xB712,0xAF12,0xAF12,0xB712,0xB712,0xB712,0xB712,0xB712,
  0xB712,0xB712,0xB712,0xB711,0xB711,0xB711,0x9E2E,0x962D,0xB710,0xB730,0xAECE,0x9E4D,0x962C,0x7D29,0x74E9,0x74CA,
  0x2A43,0x0940,0x1141,0x1121,0xA573,0xF81F,0xF81F,0xF81F,0xF81F,0xF81F,0xF81F,0xF81F,0xF81F,0xF81F,0xF81F,0xF81F,
  0xF81F,0xF81F,0xF81F,0xF81F,0xF81F,0xF81F,0xF81F,0xF81F,0xF81F,0xF81F,0xF81F,0xF81F,0xF81F,0xF81F,0xF81F,0xF81F,
  0xF81F,0xF81F,0xF81F,0xF81F,0xF81F,0xF81F,0xF81F,0xF81F,0xF81F,0xF81F,0xF81F,0xF81F,0xF81F,0xF81F,0xF81F,0xF81F,
  0xF81F,0xF81F,0xF81F,0xF81F,0xF81F,0xF81F,0xF81F,0xF81F,0xF81F,0xF81F,0xF81F,0xF81F,0xF81F,0xF81F,0xF81F,0xF81F,
  0xF81F,0xF81F,0xF81F,0xF81F,0xF81F,0xF81F,0xF81F,0xF81F,0xF81F,0xF81F,0xF81F,0xF81F,0xF81F,0xF81F,0xF81F,0xF81F,
  0xF81F,0xF81F,0xF81F,0x4A89,0x6BCD,0x744E,0x4307,0x2261,0x6CA9,0x6CC9,0x960D,0x962D,0xAECF,0xA6CF,0x858B,0x858B,
  0xB731,0xB712,0xB712,0xB712,0xB712,0xB712,0xB712,0xB712,0xB712,0xB712,0xB712,0xB712,0xB712,0xB711,0xB711,0xB711,
  0xB711,0x8DCC,0x858B,0xB6F0,0xAEEF,0x9E4D,0x85AB,0x7D29,0x6488,0x4BA6,0x3284,0x5349,0x7C6F,0x52E9,0x5B0A,0xF81F,
  0xF81F,0xF81F,0xF81F,0xF81F,0xF81F,0xF81F,0xF81F,0xF81F,0xF81F,0xF81F,0xF81F,0xF81F,0xF81F,0xF81F,0xF81F,0xF81F,
  0xF81F,0xF81F,0xF81F,0xF81F,0xF81F,0xF81F,0xF81F,0xF81F,0xF81F,0xF81F,0xF81F,0xF81F,0xF81F,0xF81F,0xF81F,0xF81F,
  0xF81F,0xF81F,0xF81F,0xF81F,0xF81F,0xF81F,0xF81F,0xF81F,0xF81F,0xF81F,0xF81F,0xF81F,0xF81F,0xF81F,0xF81F,0xF81F,
  0xF81F,0xF81F,0xF81F,0xF81F,0xF81F,0xF81F,0xF81F,0xF81F,0xF81F,0xF81F,0xF81F,0xF81F,0xF81F,0xF81F,0xF81F,0xF81F,
  0xF81F,0xF81F,0xF81F,0xF81F,0xF81F,0xF81F,0xF81F,0xF81F,0xF81F,0xF81F,0xF81F,0xF81F,0xF81F,0xF81F,0xF81F,0xF81F,
  0xF81F,0x3A87,0x11A0,0x5408,0x6488,0x858B,0x8DEC,0xA6CF,0xA6AF,0x7D8A,0x754A,0x962E,0xB712,0xB732,0xB732,0xB732,
  0xB712,0xB712,0xB712,0xB712,0xB712,0xB712,0xBF12,0xBF12,0xB732,0xB711,0xB711,0x8DCC,0x7529,0x7D49,0xAEAE,0x9E6D,
  0x8DCB,0x7529,0x6CC8,0x53C6,0x32C4,0x19A1,0x3205,0xF81F,0xF81F,0xF81F,0xF81F,0xF81F,0xF81F,0xF81F,0xF81F,0xF81F,
  0xF81F,0xF81F,0xF81F,0xF81F,0xF81F,0xF81F,0xF81F,0xF81F,0xF81F,0xF81F,0xF81F,0xF81F,0xF81F,0xF81F,0xF81F,0xF81F,
  0xF81F,0xF81F,0xF81F,0xF81F,0xF81F,0xF81F,0xF81F,0xF81F,0xF81F,0xF81F,0xF81F,0xF81F,0xF81F,0xF81F,0xF81F,0xF81F,
  0xF81F,0xF81F,0xF81F,0xF81F,0xF81F,0xF81F,0xF81F,0xF81F,0xF81F,0xF81F,0xF81F,0xF81F,0xF81F,0xF81F,0xF81F,0xF81F,
  0xF81F,0xF81F,0xF81F,0xF81F,0xF81F,0xF81F,0xF81F,0xF81F,0xF81F,0xF81F,0xF81F,0xF81F,0xF81F,0xF81F,0xF81F,0xF81F,
  0xF81F,0xF81F,0xF81F,0xF81F,0xF81F,0xF81F,0xF81F,0xF81F,0xF81F,0xF81F,0xF81F,0xF81F,0xF81F,0x2A25,0x3A85,0x4306,
  0x53E8,0x6CA9,0x85AC,0x960D,0x858A,0x7D6B,0x4385,0xB713,0xBF33,0xBF32,0xB712,0xB712,0xB712,0xB712,0xB712,0xB712,
  0xB712,0xB712,0xBF12,0xBF12,0xBF12,0xB712,0x5C26,0x74E9,0x856A,0xA68E,0x962C,0x7529,0x5C07,0x53A8,0x2A64,0x3285,
  0x3A46,0xF81F,0xF81F,0xF81F,0xF81F,0xF81F,0xF81F,0xF81F,0xF81F,0xF81F,0xF81F,0xF81F,0xF81F,0xF81F,0xF81F,0xF81F,
  0xF81F,0xF81F,0xF81F,0xF81F,0xF81F,0xF81F,0xF81F,0xF81F,0xF81F,0xF81F,0xF81F,0xF81F,0xF81F,0xF81F,0xF81F,0xF81F,
  0xF81F,0xF81F,0xF81F,0xF81F,0xF81F,0xF81F,0xF81F,0xF81F,0xF81F,0xF81F,0xF81F,0xF81F,0xF81F,0xF81F,0xF81F,0xF81F,
  0xF81F,0xF81F,0xF81F,0xF81F,0xF81F,0xF81F,0xF81F,0xF81F,0xF81F,0xF81F,0xF81F,0xF81F,0xF81F,0xF81F,0xF81F,0xF81F,
  0xF81F,0xF81F,0xF81F,0xF81F,0xF81F,0xF81F,0xF81F,0xF81F,0xF81F,0xF81F,0xF81F,0xF81F,0xF81F,0xF81F,0xF81F,0xF81F,
  0xF81F,0xF81F,0xF81F,0xF81F,0xF81F,0xF81F,0xF81F,0xF81F,0xF81F,0x2183,0x0900,0x0940,0x4B87,0x74EB,0x7D4C,0x858B,
  0x858C,0x2AE2,0x85AD,0x9E4F,0xB732,0xBF33,0xB712,0xB712,0xB712,0xB712,0xB712,0xB712,0xB732,0xB732,0xB712,0x7D4B,
  0x7D2A,0x2AC1,0x74E9,0x858B,0x8DAC,0x74E9,0x4B86,0x1180,0x0940,0x0900,0x29E5,0xF81F,0xF81F,0xF81F,0xF81F,0xF81F,
  0xF81F,0xF81F,0xF81F,0xF81F,0xF81F,0xF81F,0xF81F,0xF81F,0xF81F,0xF81F,0xF81F,0xF81F,0xF81F,0xF81F,0xF81F,0xF81F,
  0xF81F,0xF81F,0xF81F,0xF81F,0xF81F,0xF81F,0xF81F,0xF81F,0xF81F,0xF81F,0xF81F,0xF81F,0xF81F,0xF81F,0xF81F,0xF81F,
  0xF81F,0xF81F,0xF81F,0xF81F,0xF81F,0xF81F,0xF81F,0xF81F,0xF81F,0xF81F,0xF81F,0xF81F,0xF81F,0xF81F,0xF81F,0xF81F,
  0xF81F,0xF81F,0xF81F,0xF81F,0xF81F,0xF81F,0xF81F,0xF81F,0xF81F,0xF81F,0xF81F,0xF81F,0xF81F,0xF81F,0xF81F,0xF81F,
  0xF81F,0xF81F,0xF81F,0xF81F,0xF81F,0xF81F,0xF81F,0xF81F,0xF81F,0xF81F,0xF81F,0xF81F,0xF81F,0xF81F,0xF81F,0xF81F,
  0xF81F,0xF81F,0xF81F,0xF81F,0xF81F,0x42A8,0x3266,0x2223,0x2A43,0x2A62,0x750B,0x7D4B,0x5C67,0x4383,0x752A,0xB733,
  0xB733,0xB732,0xB712,0xB712,0xB712,0xB712,0xB712,0xB712,0xB732,0xB732,0x6487,0x4BE5,0x4BC5,0x6CEA,0x7D0B,0x74EA,
  0x5BE7,0x4305,0x3A86,0x2A05,0x3226,0xF81F,0xF81F,0xF81F,0xF81F,0xF81F,0xF81F,0xF81F,0xF81F,0xF81F,0xF81F,0xF81F,
  0xF81F,0xF81F,0xF81F,0xF81F,0xF81F,0xF81F,0xF81F,0xF81F,0xF81F,0xF81F,0xF81F,0xF81F,0xF81F,0xF81F,0xF81F,0xF81F,
  0xF81F,0xF81F,0xF81F,0xF81F,0xF81F,0xF81F,0xF81F,0xF81F,0xF81F,0xF81F,0xF81F,0xF81F,0xF81F,0xF81F,0xF81F,0xF81F,
  0xF81F,0xF81F,0xF81F,0xF81F,0xF81F,0xF81F,0xF81F,0xF81F,0xF81F,0xF81F,0xF81F,0xF81F,0xF81F,0xF81F,0xF81F,0xF81F,
  0xF81F,0xF81F,0xF81F,0xF81F,0xF81F,0xF81F,0xF81F,0xF81F,0xF81F,0xF81F,0xF81F,0xF81F,0xF81F,0xF81F,0xF81F,0xF81F,
  0xF81F,0xF81F,0xF81F,0xF81F,0xF81F,0xF81F,0xF81F,0xF81F,0xF81F,0xF81F,0xF81F,0xF81F,0xF81F,0xF81F,0xF81F,0xF81F,
  0xF81F,0xF81F,0x1982,0x1141,0x1181,0x4325,0x6C89,0x8DCD,0x5C67,0x5406,0x5C47,0x6CC9,0xB712,0xB712,0xB712,0xB6F2,
  0xB712,0xB712,0xB713,0x6CCA,0x5C67,0x7509,0x6CA8,0x7D2A,0x6CC9,0x32A3,0x2202,0x1181,0x1982,0x3A67,0xF81F,0xF81F,
  0xF81F,0xF81F,0xF81F,0xF81F,0xF81F,0xF81F,0xF81F,0xF81F,0xF81F,0xF81F,0xF81F,0xF81F,0xF81F,0xF81F,0xF81F,0xF81F,
  0xF81F,0xF81F,0xF81F,0xF81F,0xF81F,0xF81F,0xF81F,0xF81F,0xF81F,0xF81F,0xF81F,0xF81F,0xF81F,0xF81F,0xF81F,0xF81F,
  0xF81F,0xF81F,0xF81F,0xF81F,0xF81F,0xF81F,0xF81F,0xF81F,0xF81F,0xF81F,0xF81F,0xF81F,0xF81F,0xF81F,0xF81F,0xF81F,
  0xF81F,0xF81F,0xF81F,0xF81F,0xF81F,0xF81F,0xF81F,0xF81F,0xF81F,0xF81F,0xF81F,0xF81F,0xF81F,0xF81F,0xF81F,0xF81F,
  0xF81F,0xF81F,0xF81F,0xF81F,0xF81F,0xF81F,0xF81F,0xF81F,0xF81F,0xF81F,0xF81F,0xF81F,0xF81F,0xF81F,0xF81F,0xF81F,
  0xF81F,0xF81F,0xF81F,0xF81F,0xF81F,0xF81F,0xF81F,0xF81F,0xF81F,0xF81F,0xF81F,0xF81F,0xF81F,0xF81F,0x3A66,0x3265,
  0x19A2,0x53A8,0x854C,0x7D4B,0x6488,0x5406,0x6488,0x9E2F,0x960F,0x960F,0x960F,0x960F,0x960F,0x9630,0x5C28,0x4BC5,
  0x8DCC,0x8DAC,0x74C9,0x6449,0x3285,0x4B08,0x5B2A,0x6B8C,0x6B8D,0xF81F,0xF81F,0xF81F,0xF81F,0xF81F,0xF81F,0xF81F,
  0xF81F,0xF81F,0xF81F,0xF81F,0xF81F,0xF81F,0xF81F,0xF81F,0xF81F,0xF81F,0xF81F,0xF81F,0xF81F,0xF81F,0xF81F,0xF81F,
  0xF81F,0xF81F,0xF81F,0xF81F,0xF81F,0xF81F,0xF81F,0xF81F,0xF81F,0xF81F,0xF81F,0xF81F,0xF81F,0xF81F,0xF81F,0xF81F,
  0xF81F,0xF81F,0xF81F,0xF81F,0xF81F,0xF81F,0xF81F,0xF81F,0xF81F,0xF81F,0xF81F,0xF81F,0xF81F,0xF81F,0xF81F,0xF81F,
  0xF81F,0xF81F,0xF81F,0xF81F,0xF81F,0xF81F,0xF81F,0xF81F,0xF81F,0xF81F,0xF81F,0xF81F,0xF81F,0xF81F,0xF81F,0xF81F,
  0xF81F,0xF81F,0xF81F,0xF81F,0xF81F,0xF81F,0xF81F,0xF81F,0xF81F,0xF81F,0xF81F,0xF81F,0xF81F,0xF81F,0xF81F,0xF81F,
  0xF81F,0xF81F,0xF81F,0xF81F,0xF81F,0xF81F,0xF81F,0xF81F,0xF81F,0xF81F,0xF81F,0x42A7,0x2A23,0x2A42,0x9E2F,0xA66F,
  0x9E4E,0x95EE,0x3B23,0x3B23,0x3303,0x3B23,0x3B23,0x3B24,0x3303,0x750A,0xA68F,0xA64F,0xA630,0x32C4,0x21E2,0x2183,
  0xF81F,0xF81F,0xF81F,0xF81F,0xF81F,0xF81F,0xF81F,0xF81F,0xF81F,0xF81F,0xF81F,0xF81F,0xF81F,0xF81F,0xF81F,0xF81F,
  0xF81F,0xF81F,0xF81F,0xF81F,0xF81F,0xF81F,0xF81F,0xF81F,0xF81F,0xF81F,0xF81F,0xF81F,0xF81F,0xF81F,0xF81F,0xF81F,
  0xF81F,0xF81F,0xF81F,0xF81F,0xF81F,0xF81F,0xF81F,0xF81F,0xF81F,0xF81F,0xF81F,0xF81F,0xF81F,0xF81F,0xF81F,0xF81F,
  0xF81F,0xF81F,0xF81F,0xF81F,0xF81F,0xF81F,0xF81F,0xF81F,0xF81F,0xF81F,0xF81F,0xF81F,0xF81F,0xF81F,0xF81F,0xF81F,
  0xF81F,0xF81F,0xF81F,0xF81F,0xF81F,0xF81F,0xF81F,0xF81F,0xF81F,0xF81F,0xF81F,0xF81F,0xF81F,0xF81F,0xF81F,0xF81F,
  0xF81F,0xF81F,0xF81F,0xF81F,0xF81F,0xF81F,0xF81F,0xF81F,0xF81F,0xF81F,0xF81F,0xF81F,0xF81F,0xF81F,0xF81F,0xF81F,
  0xF81F,0xF81F,0xF81F,0xF81F,0xF81F,0xF81F,0xF81F,0x742D,0x63EB,0x7CCC,0x74EB,0x9E2E,0x9E2E,0x858B,0x858C,0x858B,
  0x858C,0x858C,0x858C,0x8D8B,0x95ED,0xA68F,0x7CEB,0x748C,0x63CC,0x7C2F,0x73CE,0xF81F,0xF81F,0xF81F,0xF81F,0xF81F,
  0xF81F,0xF81F,0xF81F,0xF81F,0xF81F,0xF81F,0xF81F,0xF81F,0xF81F,0xF81F,0xF81F,0xF81F,0xF81F,0xF81F,0xF81F,0xF81F,
  0xF81F,0xF81F,0xF81F,0xF81F,0xF81F,0xF81F,0xF81F,0xF81F,0xF81F,0xF81F,0xF81F,0xF81F,0xF81F,0xF81F,0xF81F,0xF81F,
  0xF81F,0xF81F,0xF81F,0xF81F,0xF81F,0xF81F,0xF81F,0xF81F,0xF81F,0xF81F,0xF81F,0xF81F,0xF81F,0xF81F,0xF81F,0xF81F,
  0xF81F,0xF81F,0xF81F,0xF81F,0xF81F,0xF81F,0xF81F,0xF81F,0xF81F,0xF81F,0xF81F,0xF81F,0xF81F,0xF81F,0xF81F,0xF81F,
  0xF81F,0xF81F,0xF81F,0xF81F,0xF81F,0xF81F,0xF81F,0xF81F,0xF81F,0xF81F,0xF81F,0xF81F,0xF81F,0xF81F,0xF81F,0xF81F,
  0xF81F,0xF81F,0xF81F,0xF81F,0xF81F,0xF81F,0xF81F,0xF81F,0xF81F,0xF81F,0xF81F,0xF81F,0xF81F,0xF81F,0xF81F,0xF81F,
  0xF81F,0xF81F,0xF81F,0xF81F,0x1161,0x1180,0x95EF,0xA68F,0xB6F1,0xB6F0,0xB6F0,0xB6F0,0xB6F1,0xB6F1,0xB6F0,0xA66F,
  0xA630,0x2A42,0x1981,0xF81F,0xF81F,0xF81F,0xF81F,0xF81F,0xF81F,0xF81F,0xF81F,0xF81F,0xF81F,0xF81F,0xF81F,0xF81F,
  0xF81F,0xF81F,0xF81F,0xF81F,0xF81F,0xF81F,0xF81F,0xF81F,0xF81F,0xF81F,0xF81F,0xF81F,0xF81F,0xF81F,0xF81F,0xF81F,
  0xF81F,0xF81F,0xF81F,0xF81F,0xF81F,0xF81F,0xF81F,0xF81F,0xF81F,0xF81F,0xF81F,0xF81F,0xF81F,0xF81F,0xF81F,0xF81F,
  0xF81F,0xF81F,0xF81F,0xF81F,0xF81F,0xF81F,0xF81F,0xF81F,0xF81F,0xF81F,0xF81F,0xF81F,0xF81F,0xF81F,0xF81F,0xF81F,
  0xF81F,0xF81F,0xF81F,0xF81F,0xF81F,0xF81F,0xF81F,0xF81F,0xF81F,0xF81F,0xF81F,0xF81F,0xF81F,0xF81F,0xF81F,0xF81F,
  0xF81F,0xF81F,0xF81F,0xF81F,0xF81F,0xF81F,0xF81F,0xF81F,0xF81F,0xF81F,0xF81F,0xF81F,0xF81F,0xF81F,0xF81F,0xF81F,
  0xF81F,0xF81F,0xF81F,0xF81F,0xF81F,0xF81F,0xF81F,0xF81F,0xF81F,0xF81F,0xF81F,0xF81F,0xF81F,0xF81F,0xF81F,0x3A87,
  0x3AC6,0x4B67,0x5407,0x9E2E,0x9E2E,0x9E2D,0x9E2D,0x9E2E,0x9E2E,0x9E2F,0x6C89,0x6409,0x5369,0x5B6B,0xF81F,0xF81F,
  0xF81F,0xF81F,0xF81F,0xF81F,0xF81F,0xF81F,0xF81F,0xF81F,0xF81F,0xF81F,0xF81F,0xF81F,0xF81F,0xF81F,0xF81F,0xF81F,
  0xF81F,0xF81F,0xF81F,0xF81F,0xF81F,0xF81F,0xF81F,0xF81F,0xF81F,0xF81F,0xF81F,0xF81F,0xF81F,0xF81F,0xF81F,0xF81F,
  0xF81F,0xF81F,0xF81F,0xF81F,0xF81F,0xF81F,0xF81F,0xF81F,0xF81F,0xF81F,0xF81F,0xF81F,0xF81F,0xF81F,0xF81F,0xF81F,
  0xF81F,0xF81F,0xF81F,0xF81F,0xF81F,0xF81F,0xF81F,0xF81F,0xF81F,0xF81F,0xF81F,0xF81F,0xF81F,0xF81F,0xF81F,0xF81F,
  0xF81F,0xF81F,0xF81F,0xF81F,0xF81F,0xF81F,0xF81F,0xF81F,0xF81F,0xF81F,0xF81F,0xF81F,0xF81F,0xF81F,0xF81F,0xF81F,
  0xF81F,0xF81F,0xF81F,0xF81F,0xF81F,0xF81F,0xF81F,0xF81F,0xF81F,0xF81F,0xF81F,0xF81F,0xF81F,0xF81F,0xF81F,0xF81F,
  0xF81F,0xF81F,0xF81F,0xF81F,0xF81F,0xF81F,0xF81F,0xF81F,0xF81F,0xF81F,0xF81F,0xF81F,0x1982,0x2202,0x8D8E,0x856D,
  0x8D6D,0x8D8D,0x8D8D,0x8D8D,0x8D8E,0x3284,0x0921,0x3227,0xF81F,0xF81F,0xF81F,0xF81F,0xF81F,0xF81F,0xF81F,0xF81F,
  0xF81F,0xF81F,0xF81F,0xF81F,0xF81F,0xF81F,0xF81F,0xF81F,0xF81F,0xF81F,0xF81F,0xF81F,0xF81F,0xF81F,0xF81F,0xF81F,
  0xF81F,0xF81F,0xF81F,0xF81F,0xF81F,0xF81F,0xF81F,0xF81F,0xF81F,0xF81F,0xF81F,0xF81F,0xF81F,0xF81F,0xF81F,0xF81F,
  0xF81F,0xF81F,0xF81F,0xF81F,0xF81F,0xF81F,0xF81F,0xF81F,0xF81F,0xF81F,0xF81F,0xF81F,0xF81F,0xF81F,0xF81F,0xF81F,
  0xF81F,0xF81F,0xF81F,0xF81F,0xF81F,0xF81F,0xF81F,0xF81F,0xF81F,0xF81F,0xF81F,0xF81F,0xF81F,0xF81F,0xF81F,0xF81F,
  0xF81F,0xF81F,0xF81F,0xF81F,0xF81F,0xF81F,0xF81F,0xF81F,0xF81F,0xF81F,0xF81F,0xF81F,0xF81F,0xF81F,0xF81F,0xF81F,
  0xF81F,0xF81F,0xF81F,0xF81F,0xF81F,0xF81F,0xF81F,0xF81F,0xF81F,0xF81F,0xF81F,0xF81F,0xF81F,0xF81F,0xF81F,0xF81F,
  0xF81F,0xF81F,0xF81F,0xF81F,0xF81F,0xF81F,0xF81F,0xF81F,0x7C8E,0x21E3,0x2A03,0x2A03,0x2203,0x2203,0x2203,0x21E3,
  0x3A66,0xF81F,0xF81F,0xF81F,0xF81F,0xF81F,0xF81F,0xF81F,0xF81F,0xF81F,0xF81F,0xF81F,0xF81F,0xF81F,0xF81F,0xF81F,
  0xF81F,0xF81F,0xF81F,0xF81F,0xF81F,0xF81F,0xF81F,0xF81F,0xF81F,0xF81F,0xF81F,0xF81F,0xF81F,0xF81F,0xF81F,0xF81F,
  0xF81F,0xF81F,0xF81F,0xF81F,0xF81F,0xF81F,0xF81F,0xF81F,0xF81F,0xF81F,0xF81F,0xF81F,0xF81F,0xF81F,0xF81F,0xF81F,
  0xF81F,0xF81F,0xF81F,0xF81F,0xF81F,0xF81F,0xF81F,0xF81F,0xF81F,0xF81F,0xF81F,0xF81F,0xF81F,0xF81F,0xF81F,0xF81F,
  0xF81F,0xF81F,0xF81F,0xF81F,0xF81F,0xF81F,0xF81F,0xF81F,0xF81F,0xF81F,0xF81F,0xF81F,0xF81F,0xF81F,0xF81F,0xF81F,
  0xF81F,0xF81F,0xF81F,0xF81F,0xF81F,0xF81F,0xF81F,0xF81F,0xF81F,0xF81F,0xF81F,0xF81F,0xF81F,0xF81F,0xF81F,0xF81F,
  0xF81F,0xF81F,0xF81F,0xF81F,0xF81F,0xF81F,0xF81F,0xF81F,0xF81F,0xF81F,0xF81F,0xF81F,0xF81F,0xF81F,0xF81F,0xF81F,
  0xF81F,0xF81F,0xF81F,0xF81F,0x2184,0x29C5,0x29C5,0x31E5,0x31E5,0x31E5,0x29C5,0x3A06,0xF81F,0xF81F,0xF81F,0xF81F,
  0xF81F,0xF81F,0xF81F,0xF81F,0xF81F,0xF81F,0xF81F,0xF81F,0xF81F,0xF81F,0xF81F,0xF81F,0xF81F,0xF81F,0xF81F,0xF81F,
  0xF81F,0xF81F,0xF81F,0xF81F,0xF81F,0xF81F,0xF81F,0xF81F,0xF81F,0xF81F,0xF81F,0xF81F,0xF81F,0xF81F,0xF81F,0xF81F,
  0xF81F,0xF81F,0xF81F,0xF81F,0xF81F,0xF81F,0xF81F,0xF81F,0xF81F,0xF81F,0xF81F,0xF81F,0xF81F,0xF81F,0xF81F,0xF81F,
  0xF81F,0xF81F,0xF81F,0xF81F,0xF81F,
};
static const RigPart RIG_HEAD = { RIG_HEAD_PX, 123, 95, 61.29f, 89.56f };
static const float RIG_HEAD_EYEL_X = 37.36f, RIG_HEAD_EYEL_Y = 59.43f;
static const float RIG_HEAD_EYER_X = 86.48f, RIG_HEAD_EYER_Y = 59.43f;
static const float RIG_HEAD_MOUTH_X = 61.29f, RIG_HEAD_MOUTH_Y = 82.44f;

static const uint16_t RIG_ABDOMEN_PX[8892] = {
  0xF81F,0xF81F,0xF81F,0xF81F,0xF81F,0xF81F,0xF81F,0xF81F,0xF81F,0xF81F,0xF81F,0xF81F,0xF81F,0xF81F,0xF81F,0xF81F,
  0xF81F,0xF81F,0xF81F,0xF81F,0xF81F,0xF81F,0xF81F,0xF81F,0xF81F,0xF81F,0xF81F,0xF81F,0xF81F,0x1162,0x19A3,0x19C3,
  0x19C2,0x19C3,0x19A3,0x19A3,0x19A3,0x19A3,0x19A3,0x19A3,0x19A3,0x19A3,0x19A3,0x19A3,0x19A3,0x19A3,0x19A3,0xF81F,
  0xF81F,0xF81F,0xF81F,0xF81F,0xF81F,0xF81F,0xF81F,0xF81F,0xF81F,0xF81F,0xF81F,0xF81F,0xF81F,0xF81F,0xF81F,0xF81F,
  0xF81F,0xF81F,0xF81F,0xF81F,0xF81F,0xF81F,0xF81F,0xF81F,0xF81F,0xF81F,0xF81F,0xF81F,0xF81F,0xF81F,0xF81F,0xF81F,
  0xF81F,0xF81F,0xF81F,0xF81F,0xF81F,0xF81F,0xF81F,0xF81F,0xF81F,0xF81F,0xF81F,0xF81F,0xF81F,0xF81F,0xF81F,0xF81F,
  0xF81F,0xF81F,0xF81F,0xF81F,0xF81F,0xF81F,0xF81F,0xF81F,0x4B28,0x2202,0x1A01,0x1A01,0x19E1,0x19E1,0x19E1,0x19E1,
  0x19E1,0x21E1,0x19E1,0x19E1,0x19E1,0x19E1,0x19E1,0x19E1,0x19C1,0x19C1,0x19C2,0x5349,0xF81F,0xF81F,0xF81F,0xF81F,
  0xF81F,0xF81F,0xF81F,0xF81F,0xF81F,0xF81F,0xF81F,0xF81F,0xF81F,0xF81F,0xF81F,0xF81F,0xF81F,0xF81F,0xF81F,0xF81F,
  0xF81F,0xF81F,0xF81F,0xF81F,0xF81F,0xF81F,0xF81F,0xF81F,0xF81F,0xF81F,0xF81F,0xF81F,0xF81F,0xF81F,0xF81F,0xF81F,
  0xF81F,0xF81F,0xF81F,0xF81F,0xF81F,0xF81F,0xF81F,0xF81F,0xF81F,0xF81F,0xF81F,0xF81F,0xF81F,0xF81F,0xF81F,0xF81F,
  0xF81F,0x1982,0x19A2,0x19A1,0x4B46,0x7D0B,0x7D0A,0x7D0A,0x7D0A,0x7D0A,0x7D0A,0x7CEA,0x7CEA,0x7CEA,0x7CEA,0x7CEA,
  0x7CEA,0x74EA,0x74E9,0x74EA,0x74CA,0x74CA,0x74AA,0x3AE5,0x19C2,0x19A2,0x2183,0xF81F,0xF81F,0xF81F,0xF81F,0xF81F,
  0xF81F,0xF81F,0xF81F,0xF81F,0xF81F,0xF81F,0xF81F,0xF81F,0xF81F,0xF81F,0xF81F,0xF81F,0xF81F,0xF81F,0xF81F,0xF81F,
  0xF81F,0xF81F,0xF81F,0xF81F,0xF81F,0xF81F,0xF81F,0xF81F,0xF81F,0xF81F,0xF81F,0xF81F,0xF81F,0xF81F,0xF81F,0xF81F,
  0xF81F,0xF81F,0xF81F,0xF81F,0xF81F,0xF81F,0xF81F,0xF81F,0xF81F,0xF81F,0xF81F,0xF81F,0x6C2C,0x2222,0x2A82,0x32A2,
  0x53E5,0x7D49,0x8589,0x8588,0x8568,0x8569,0x8569,0x8568,0x8548,0x8548,0x8548,0x8548,0x8548,0x8548,0x8548,0x8548,
  0x7D48,0x7D28,0x7D08,0x4B85,0x32A2,0x32A3,0x3284,0x7CCE,0xF81F,0xF81F,0xF81F,0xF81F,0xF81F,0xF81F,0xF81F,0xF81F,
  0xF81F,0xF81F,0xF81F,0xF81F,0xF81F,0xF81F,0xF81F,0xF81F,0xF81F,0xF81F,0xF81F,0xF81F,0xF81F,0xF81F,0xF81F,0xF81F,
  0xF81F,0xF81F,0xF81F,0xF81F,0xF81F,0xF81F,0xF81F,0xF81F,0xF81F,0xF81F,0xF81F,0xF81F,0xF81F,0xF81F,0xF81F,0xF81F,
  0xF81F,0xF81F,0xF81F,0xF81F,0xF81F,0xF81F,0x1181,0x1181,0x19E1,0x6467,0x64A7,0x6CA7,0x7508,0x8568,0x9E4B,0xA64B,
  0x9E4A,0x9E4A,0xA62A,0x9E2A,0x9E2A,0xA64B,0xA62A,0xA62A,0x9E4B,0x9E4B,0x9E4A,0x9E4A,0x9E4B,0x95C9,0x8567,0x7D28,
  0x7D08,0x7D09,0x74C9,0x2A42,0x19E2,0x19C3,0x21A3,0xF81F,0xF81F,0xF81F,0xF81F,0xF81F,0xF81F,0xF81F,0xF81F,0xF81F,
  0xF81F,0xF81F,0xF81F,0xF81F,0xF81F,0xF81F,0xF81F,0xF81F,0xF81F,0xF81F,0xF81F,0xF81F,0xF81F,0xF81F,0xF81F,0xF81F,
  0xF81F,0xF81F,0xF81F,0xF81F,0xF81F,0xF81F,0xF81F,0xF81F,0xF81F,0xF81F,0xF81F,0xF81F,0xF81F,0xF81F,0xF81F,0xF81F,
  0xF81F,0x2202,0x19E1,0x1A00,0x2A81,0x6486,0x6CE6,0x74E7,0x7D48,0x8D88,0x9E2B,0x9E2B,0x9E2A,0x9E2A,0xA62A,0xA62A,
  0xA62A,0xA62A,0xA62A,0xA62A,0x9E4B,0x9E4B,0x9E4A,0x9E4A,0xA64B,0x95E9,0x8D88,0x8567,0x7D47,0x7D48,0x74C7,0x32E2,
  0x2A82,0x2242,0x2A23,0x7CAE,0xF81F,0xF81F,0xF81F,0xF81F,0xF81F,0xF81F,0xF81F,0xF81F,0xF81F,0xF81F,0xF81F,0xF81F,
  0xF81F,0xF81F,0xF81F,0xF81F,0xF81F,0xF81F,0xF81F,0xF81F,0xF81F,0xF81F,0xF81F,0xF81F,0xF81F,0xF81F,0xF81F,0xF81F,
  0xF81F,0xF81F,0xF81F,0xF81F,0xF81F,0xF81F,0xF81F,0xF81F,0xF81F,0xF81F,0xF81F,0x42E7,0x19C0,0x6CA9,0x6CA8,0x6CA7,
  0x7507,0x8568,0x8DA8,0x9E4A,0x9E2A,0x9E2A,0xA62B,0xA62B,0xA62B,0xA62A,0x9E2A,0x9E2A,0x9E2A,0xA62A,0xA62A,0xA62B,
  0xA62B,0xA62B,0xA62A,0xA64A,0xA62A,0xA62A,0xA64B,0x9E2A,0x9E4A,0x9E4B,0x8DC9,0x74E8,0x74C8,0x74C9,0x6CAA,0x11A1,
  0x3A86,0xF81F,0xF81F,0xF81F,0xF81F,0xF81F,0xF81F,0xF81F,0xF81F,0xF81F,0xF81F,0xF81F,0xF81F,0xF81F,0xF81F,0xF81F,
  0xF81F,0xF81F,0xF81F,0xF81F,0xF81F,0xF81F,0xF81F,0xF81F,0xF81F,0xF81F,0xF81F,0xF81F,0xF81F,0xF81F,0xF81F,0xF81F,
  0xF81F,0xF81F,0xF81F,0xF81F,0xF81F,0xF81F,0x5BAA,0x3AC5,0x32C3,0x6CA7,0x6CC6,0x6CE5,0x7D47,0x95C9,0x9E09,0x9E49,
  0xA64A,0xAE6C,0xAE8C,0xAE6C,0xAE8C,0xAE8C,0xAE8C,0xAE8C,0xAE8C,0xAE8C,0xAE8C,0xAE8C,0xAE8C,0xAE8C,0xAE8C,0xAE8C,
  0xAE8C,0xAE8C,0xB68C,0xA66B,0x9E4A,0x9E4A,0x95E9,0x7D27,0x7D28,0x7D09,0x7509,0x32E3,0x3AC6,0x5B6A,0x638B,0xF81F,
  0xF81F,0xF81F,0xF81F,0xF81F,0xF81F,0xF81F,0xF81F,0xF81F,0xF81F,0xF81F,0xF81F,0xF81F,0xF81F,0xF81F,0xF81F,0xF81F,
  0xF81F,0xF81F,0xF81F,0xF81F,0xF81F,0xF81F,0xF81F,0xF81F,0xF81F,0xF81F,0xF81F,0xF81F,0xF81F,0xF81F,0xF81F,0xF81F,
  0xF81F,0x19A1,0x11C0,0x6447,0x7507,0x7D27,0x7506,0x7D26,0x8D88,0x9E4A,0xA64A,0xA62A,0xAE8C,0xBF0E,0xC70E,0xC70E,
  0xC70F,0xC70F,0xC70E,0xC70E,0xC70E,0xC70F,0xC70F,0xC70F,0xC70F,0xC70F,0xC70F,0xC70F,0xC70F,0xC70E,0xC70E,0xB68C,
  0xA64A,0x9E4A,0x9E6B,0x8567,0x8549,0x8528,0x7D27,0x74E9,0x6449,0x1180,0x42C7,0xF81F,0xF81F,0xF81F,0xF81F,0xF81F,
  0xF81F,0xF81F,0xF81F,0xF81F,0xF81F,0xF81F,0xF81F,0xF81F,0xF81F,0xF81F,0xF81F,0xF81F,0xF81F,0xF81F,0xF81F,0xF81F,
  0xF81F,0xF81F,0xF81F,0xF81F,0xF81F,0xF81F,0xF81F,0xF81F,0xF81F,0xF81F,0xF81F,0xF81F,0x3264,0x4B46,0x4344,0x74C8,
  0x8568,0x8D88,0x8DA8,0x8DA8,0x95E9,0xA64A,0xA66B,0xAE6C,0xB6AD,0xC70E,0xC70F,0xC70F,0xC70F,0xC70F,0xC6EF,0xC70F,
  0xC70F,0xC70F,0xC70F,0xC70F,0xC70F,0xC70F,0xC70F,0xC70E,0xC70E,0xC70E,0xC70E,0xB6AD,0xAE8C,0xA66A,0xA66A,0x95E9,
  0x95CA,0x7D28,0x7D28,0x74E9,0x6468,0x4324,0x4B67,0x3266,0xF81F,0xF81F,0xF81F,0xF81F,0xF81F,0xF81F,0xF81F,0xF81F,
  0xF81F,0xF81F,0xF81F,0xF81F,0xF81F,0xF81F,0xF81F,0xF81F,0xF81F,0xF81F,0xF81F,0xF81F,0xF81F,0xF81F,0xF81F,0xF81F,
  0xF81F,0xF81F,0xF81F,0xF81F,0xF81F,0xF81F,0xF81F,0x19A1,0x11A0,0x5C26,0x74E7,0x8568,0x8588,0x9E2A,0xA66B,0xA66B,
  0xA64B,0xA64A,0xAE8C,0xC70E,0xC6EE,0xC6EE,0xC70F,0xC70F,0xC70E,0xC6EF,0xC6EF,0xC6EF,0xC6EF,0xC6EF,0xC6EF,0xC6EF,
  0xC70F,0xC6EE,0xC6EE,0xC6EE,0xC70E,0xC70E,0xC70E,0xBEEE,0xC70E,0xAE6B,0xA64A,0xA64B,0xA64B,0x7D27,0x7D27,0x7D08,
  0x74C7,0x64A7,0x5C07,0x11A1,0x3A87,0xF81F,0xF81F,0xF81F,0xF81F,0xF81F,0xF81F,0xF81F,0xF81F,0xF81F,0xF81F,0xF81F,
  0xF81F,0xF81F,0xF81F,0xF81F,0xF81F,0xF81F,0xF81F,0xF81F,0xF81F,0xF81F,0xF81F,0xF81F,0xF81F,0xF81F,0xF81F,0xF81F,
  0xF81F,0xF81F,0xF81F,0x3AE5,0x32C2,0x6486,0x7526,0x85A8,0x9609,0x9E4A,0xA66B,0xA66B,0xAE6B,0xB6AC,0xB6CD,0xC70E,
  0xC70E,0xC6EE,0xC70E,0xC70E,0xC6EE,0xC6EF,0xD731,0xD752,0xCF11,0xC6F0,0xC6EF,0xC6EF,0xC70E,0xC6EE,0xC6EE,0xC6EE,
  0xC6EE,0xC6EE,0xC6EE,0xC70E,0xC70E,0xBECD,0xB6AC,0xAE6B,0xA64A,0x9E0A,0x9E0A,0x95EA,0x8DA9,0x6CC6,0x6CA7,0x4365,
  0x4B68,0x3A86,0xF81F,0xF81F,0xF81F,0xF81F,0xF81F,0xF81F,0xF81F,0xF81F,0xF81F,0xF81F,0xF81F,0xF81F,0xF81F,0xF81F,
  0xF81F,0xF81F,0xF81F,0xF81F,0xF81F,0xF81F,0xF81F,0xF81F,0xF81F,0xF81F,0xF81F,0xF81F,0xF81F,0xF81F,0x1180,0x5C07,
  0x6CA7,0x7D27,0x7D26,0x95E8,0xA66B,0xA66A,0xA64B,0xA64B,0xAE6C,0xC70E,0xC70E,0xC70E,0xC70E,0xC70E,0xC6EE,0xC6EF,
  0xC6CF,0xCED0,0xDF73,0xE7B5,0xD732,0xCEF0,0xC6EF,0xC6EF,0xC70E,0xC6EE,0xC6EE,0xC6EE,0xC70F,0xC6EE,0xC6EE,0xC6EE,
  0xC70F,0xC70E,0xC70E,0xAE4B,0xA62A,0xA64A,0xA64A,0xA64B,0x95E9,0x7D47,0x7D48,0x6CA8,0x5C28,0x19E2,0x5349,0xF81F,
  0xF81F,0xF81F,0xF81F,0xF81F,0xF81F,0xF81F,0xF81F,0xF81F,0xF81F,0xF81F,0xF81F,0xF81F,0xF81F,0xF81F,0xF81F,0xF81F,
  0xF81F,0xF81F,0xF81F,0xF81F,0xF81F,0xF81F,0xF81F,0xF81F,0xF81F,0x2A64,0x0980,0x5C26,0x74E7,0x8567,0x95E9,0x9E0A,
  0xA66B,0xA66A,0xA64B,0xB68C,0xBEAD,0xC70F,0xC70E,0xBF0E,0xC70E,0xC6EF,0xCF10,0xDF72,0xDF53,0xDF53,0xE775,0xE795,
  0xE774,0xDF73,0xCF10,0xC6EF,0xC70E,0xC70E,0xC70E,0xC70E,0xC6EE,0xC6EF,0xC6EF,0xC70F,0xC70F,0xC6EE,0xC6EE,0xB6AD,
  0xAE8C,0xA64A,0xA66A,0xA66B,0xA66B,0x9E0A,0x95EA,0x74E7,0x6CA8,0x1A01,0x6C0C,0xF81F,0xF81F,0xF81F,0xF81F,0xF81F,
  0xF81F,0xF81F,0xF81F,0xF81F,0xF81F,0xF81F,0xF81F,0xF81F,0xF81F,0xF81F,0xF81F,0xF81F,0xF81F,0xF81F,0xF81F,0xF81F,
  0xF81F,0xF81F,0xF81F,0xF81F,0xF81F,0x4B46,0x4324,0x6C87,0x7506,0x8DC8,0xA64B,0xA64B,0xA64A,0xA66B,0xA64A,0xBEEE,
  0xC70F,0xC70F,0xC70F,0xBF0F,0xBF0F,0xC6EF,0xCF31,0xDF73,0xDF74,0xDF74,0xDF94,0xDF74,0xDF94,0xDF94,0xCF11,0xBEEF,
  0xBEEF,0xBF0F,0xBF0F,0xBEEF,0xBF0F,0xBEEF,0xBF0F,0xC70F,0xC6EF,0xC6EE,0xC6EE,0xBEEE,0xBEED,0xA66B,0xA66A,0xA64B,
  0xA66B,0x95E9,0x8DC9,0x7D28,0x7508,0x4B85,0x4306,0x5329,0xF81F,0xF81F,0xF81F,0xF81F,0xF81F,0xF81F,0xF81F,0xF81F,
  0xF81F,0xF81F,0xF81F,0xF81F,0xF81F,0xF81F,0xF81F,0xF81F,0xF81F,0xF81F,0xF81F,0xF81F,0xF81F,0xF81F,0xF81F,0xF81F,
  0x19A2,0x3AC3,0x6446,0x7D28,0x8547,0x95C8,0xA64A,0xA64B,0xA64A,0xA66B,0xA64B,0xBF0E,0xC70F,0xC70F,0xAE8D,0x7D07,
  0x7D06,0x74E7,0x74E7,0x74C8,0x74C8,0x74C7,0x74E7,0x7CC7,0x7CC8,0x7CE8,0x74C7,0x74C7,0x74E7,0x74E7,0x7D07,0x7D07,
  0x74E7,0x74C7,0x74C7,0x74C6,0x74A6,0xA60B,0xBEEE,0xC70E,0xBEED,0xAE6B,0xA66B,0xAE6B,0xAEAB,0xA68B,0xA66B,0x8568,
  0x8548,0x6467,0x3B04,0x21C3,0xF81F,0xF81F,0xF81F,0xF81F,0xF81F,0xF81F,0xF81F,0xF81F,0xF81F,0xF81F,0xF81F,0xF81F,
  0xF81F,0xF81F,0xF81F,0xF81F,0xF81F,0xF81F,0xF81F,0xF81F,0xF81F,0xF81F,0xF81F,0xAE34,0x11C1,0x32C1,0x6445,0x8588,
  0x8DC8,0x9609,0xA64A,0xA64A,0xA64B,0xA66B,0xA66C,0xBF0E,0xBF0F,0xC72F,0xAE6D,0x6CC6,0x6CC5,0x6CA5,0x6CA6,0x6C86,
  0x6C86,0x6C85,0x6C85,0x6CA6,0x6C86,0x6C86,0x6C65,0x6465,0x6C86,0x74A6,0x74A6,0x74A6,0x6C86,0x6C85,0x6C85,0x6C85,
  0x6C64,0x9DEA,0xBEEE,0xBEEE,0xBEEE,0xA66B,0xAE8B,0xAE8B,0xAE8B,0xA68B,0x9E4A,0x8588,0x8568,0x6CC7,0x3B03,0x19C2,
  0xAE15,0xF81F,0xF81F,0xF81F,0xF81F,0xF81F,0xF81F,0xF81F,0xF81F,0xF81F,0xF81F,0xF81F,0xF81F,0xF81F,0xF81F,0xF81F,
  0xF81F,0xF81F,0xF81F,0xF81F,0xF81F,0xF81F,0xF81F,0x4B68,0x53C6,0x5C45,0x8548,0x95E9,0x9E4A,0x9E4A,0x9E4A,0x9E4A,
  0x9E4B,0x8567,0x7D47,0x8548,0x8D68,0x8D68,0x8D69,0x95EA,0x95E9,0x95C9,0xAE6D,0xB6AF,0xB6AF,0xB6AE,0xB6AE,0xB6AE,
  0xB6AE,0xB68E,0xB68D,0xB6AD,0xBEAE,0xBEAE,0xBEAE,0xB6AE,0xB6CE,0xA62C,0x95AA,0x95C9,0x95A9,0x8D89,0x8D68,0x8D68,
  0x8D68,0x8548,0x8547,0xA64B,0xAE8C,0xAE8C,0xA66B,0xA66B,0x962A,0x8569,0x6467,0x53A7,0x42E7,0x3206,0xF81F,0xF81F,
  0xF81F,0xF81F,0xF81F,0xF81F,0xF81F,0xF81F,0xF81F,0xF81F,0xF81F,0xF81F,0xF81F,0xF81F,0xF81F,0xF81F,0xF81F,0xF81F,
  0xF81F,0xF81F,0x1181,0x19E0,0x6487,0x74E6,0x8DCA,0x8DCA,0x9E2B,0x9E0B,0x9E0B,0x9E2B,0x9E2B,0x7D47,0x7D07,0x7D07,
  0x7D07,0x8507,0x8D48,0x9E0A,0x9DEA,0x9DEA,0xBE8E,0xCF11,0xD712,0xCF11,0xCF11,0xCEF1,0xCEF0,0xCF10,0xCEEF,0xC70F,
  0xCF0F,0xCF0F,0xCF0F,0xCF2F,0xC72F,0xAE6D,0x9DEA,0x9DEA,0x9DEA,0x8D89,0x8527,0x8527,0x8528,0x7D07,0x7D07,0xA62B,
  0xA66C,0xA64C,0x9E4C,0x9E2B,0x960B,0x8DA9,0x7529,0x6C89,0x2202,0x19A3,0xF81F,0xF81F,0xF81F,0xF81F,0xF81F,0xF81F,
  0xF81F,0xF81F,0xF81F,0xF81F,0xF81F,0xF81F,0xF81F,0xF81F,0xF81F,0xF81F,0xF81F,0xF81F,0xF81F,0xF81F,0x1180,0x11C0,
  0x6487,0x7507,0x95CA,0x6CC6,0x6465,0x6445,0x5C24,0x74C6,0x8D88,0xA64B,0xA64C,0xB6AD,0xBEEE,0xBEEF,0xC6EF,0xC70F,
  0xC6EE,0xC6EF,0xDF53,0xEF95,0xEF95,0xEF95,0xEF95,0xEF95,0xEF94,0xE793,0xD711,0xCEEF,0xCF0F,0xC70F,0xC70F,0xC70F,
  0xC70F,0xC6EF,0xC6EF,0xBEEE,0xC70F,0xC6EE,0xC6EE,0xBEEF,0xBF0F,0xB6AD,0xAE8D,0x8548,0x7D07,0x6465,0x6465,0x6465,
  0x74E7,0x8DCA,0x7529,0x6488,0x1A21,0x19A1,0xF81F,0xF81F,0xF81F,0xF81F,0xF81F,0xF81F,0xF81F,0xF81F,0xF81F,0xF81F,
  0xF81F,0xF81F,0xF81F,0xF81F,0xF81F,0xF81F,0xF81F,0xF81F,0xF81F,0x4B48,0x2222,0x2A82,0x6C87,0x6CC6,0x8568,0x74E7,
  0x6CC7,0x6CA6,0x6CA6,0x8568,0x95A9,0xB68D,0xB6AD,0xBEEE,0xC70F,0xC6EF,0xC70F,0xC70F,0xC70F,0xC6EF,0xDF53,0xEF96,
  0xEF97,0xF776,0xF777,0xEF76,0xEF95,0xE794,0xD711,0xC70F,0xC70F,0xC70F,0xC70F,0xC70F,0xC70F,0xC70F,0xC70F,0xC70F,
  0xCF0F,0xCF0F,0xC70F,0xC70F,0xC70F,0xBEEE,0xB6ED,0x8D89,0x7D07,0x74C6,0x6CC6,0x6C85,0x74E7,0x7D28,0x6CC7,0x6467,
  0x3B24,0x3AC5,0x63EB,0xF81F,0xF81F,0xF81F,0xF81F,0xF81F,0xF81F,0xF81F,0xF81F,0xF81F,0xF81F,0xF81F,0xF81F,0xF81F,
  0xF81F,0xF81F,0xF81F,0xF81F,0x1162,0x2202,0x53A7,0x53C6,0x5BE5,0x5C04,0x5C44,0x8568,0x9E2B,0x9E4B,0xA64B,0xA66B,
  0xAE4B,0xC70F,0xC70F,0xC70F,0xC6EF,0xC6EF,0xC6EF,0xC70E,0xC70F,0xC6D0,0xDF53,0xEF96,0xEF76,0xF776,0xEF76,0xEF76,
  0xEF76,0xEF95,0xD711,0xC6EF,0xC70F,0xC70F,0xC70F,0xC70F,0xC70F,0xC70F,0xC70F,0xC70F,0xC6EF,0xC6EF,0xC6EF,0xC70F,
  0xC70F,0xC70F,0xC72F,0xAE6C,0xA66B,0xA64B,0xA66C,0xA66C,0x8548,0x5C04,0x5C25,0x5425,0x5C47,0x5C28,0x3285,0x29A4,
  0xF81F,0xF81F,0xF81F,0xF81F,0xF81F,0xF81F,0xF81F,0xF81F,0xF81F,0xF81F,0xF81F,0xF81F,0xF81F,0xF81F,0xF81F,0xF81F,
  0x1161,0x2221,0x53C6,0x53E5,0x6466,0x6465,0x74E7,0x8DC9,0xA64B,0xA64A,0xA62A,0xAE6B,0xAE6C,0xC70E,0xC70F,0xC70F,
  0xC6EF,0xC6EF,0xC6EF,0xC70E,0xC70F,0xC6D0,0xDF53,0xEF95,0xEF76,0xF776,0xEF76,0xEF76,0xEF76,0xEF95,0xD711,0xC70F,
  0xC70F,0xC70F,0xC70F,0xC70F,0xC70F,0xC70F,0xC70F,0xC70F,0xC70F,0xC70F,0xC70F,0xC70F,0xC70F,0xC70F,0xC70E,0xAE6C,
  0xA64B,0xA64B,0xA66B,0xA66B,0x95A9,0x74E6,0x74C7,0x6CA7,0x5C46,0x6448,0x32A4,0x21C4,0xF81F,0xF81F,0xF81F,0xF81F,
  0xF81F,0xF81F,0xF81F,0xF81F,0xF81F,0xF81F,0xF81F,0xF81F,0xF81F,0xF81F,0xF81F,0x84EF,0x1180,0x1A21,0x4BA5,0x53E5,
  0x8549,0x8D89,0xA64C,0xA64B,0xA64A,0xA64A,0xA62A,0xBECD,0xC70E,0xC70F,0xC6EF,0xC70F,0xC70F,0xC6EF,0xC70F,0xC70F,
  0xC6EF,0xCED0,0xDF33,0xEF75,0xEF76,0xEF76,0xEF76,0xEF76,0xEF76,0xEF95,0xD711,0xC70F,0xC70F,0xC70F,0xC70F,0xC70F,
  0xC70F,0xC70F,0xC70F,0xC70F,0xC70F,0xC70F,0xC70F,0xC70F,0xC70F,0xC70F,0xC70F,0xAE4B,0xA64B,0xA64B,0xA64B,0xA66B,
  0xA66B,0xA66B,0x95EA,0x8DAA,0x5C45,0x5C26,0x32C3,0x2203,0xF81F,0xF81F,0xF81F,0xF81F,0xF81F,0xF81F,0xF81F,0xF81F,
  0xF81F,0xF81F,0xF81F,0xF81F,0xF81F,0xF81F,0xF81F,0x5368,0x4B45,0x4384,0x4BA4,0x53C4,0x7D27,0x8D67,0xA64B,0xA64A,
  0xA64A,0xA64A,0xA62B,0xBEAD,0xC70E,0xC70F,0xC70F,0xC70F,0xC70F,0xC70F,0xC70F,0xC70F,0xCF10,0xD712,0xE754,0xEF75,
  0xEF76,0xEF76,0xEF76,0xEF76,0xEF75,0xEF94,0xD711,0xC6EF,0xC70F,0xC70F,0xC70F,0xC70F,0xC70F,0xC70F,0xC70F,0xC70F,
  0xC70F,0xC70F,0xC70F,0xC70F,0xC70F,0xC70F,0xC70F,0xB6AD,0xAE8C,0xA64B,0xA66B,0xA66B,0xA66B,0xA66B,0x8DC9,0x85A9,
  0x5C45,0x53E5,0x53C6,0x4B87,0x5BEA,0xF81F,0xF81F,0xF81F,0xF81F,0xF81F,0xF81F,0xF81F,0xF81F,0xF81F,0xF81F,0xF81F,
  0xF81F,0xF81F,0x1161,0x32A3,0x7D0A,0x74E8,0x4BA4,0x53C4,0x7D47,0x8D87,0xA64A,0xA64A,0xA64A,0xA64A,0xA62B,0xBEAD,
  0xC70F,0xC70F,0xC70F,0xC70F,0xC70F,0xC70F,0xC70F,0xC6EF,0xD731,0xEF95,0xEF75,0xEF76,0xEF76,0xEF76,0xEF76,0xEF76,
  0xEF76,0xEF95,0xCEF1,0xC6EF,0xC70F,0xC70F,0xC70F,0xC70F,0xC70F,0xC70F,0xC70F,0xC70F,0xC70F,0xC70F,0xC70F,0xC70F,
  0xC70F,0xC70F,0xC70F,0xC70E,0xBEED,0xA64A,0xA66B,0xA66B,0xA66B,0xA66A,0x8DC8,0x8588,0x5C24,0x53C4,0x74E9,0x7D2C,
  0x2223,0x21C4,0xF81F,0xF81F,0xF81F,0xF81F,0xF81F,0xF81F,0xF81F,0xF81F,0xF81F,0xF81F,0xF81F,0xF81F,0x1181,0x32A3,
  0x7D29,0x74E8,0x4BC4,0x5C05,0x9E2B,0x9E2A,0xA64A,0xA64A,0xA64A,0xA64B,0xA64B,0xBECD,0xC70F,0xC70F,0xC70F,0xC70F,
  0xC70F,0xC70F,0xC70F,0xC6EF,0xD732,0xEF95,0xEF76,0xEF76,0xEF76,0xEF96,0xEF76,0xEF76,0xEF76,0xEF95,0xCEF1,0xC6EF,
  0xC70F,0xC70F,0xC70F,0xC70F,0xC70F,0xC70F,0xC70F,0xC70F,0xC70F,0xC70F,0xC70E,0xC70F,0xC70E,0xC70F,0xC70F,0xC70E,
  0xBEED,0xA64A,0xA64A,0xA66B,0xA64B,0xA66B,0x9E09,0x95EA,0x5C25,0x4BC4,0x74E8,0x7D2C,0x2202,0x21C4,0xF81F,0xF81F,
  0xF81F,0xF81F,0xF81F,0xF81F,0xF81F,0xF81F,0xF81F,0xF81F,0xF81F,0xF81F,0x1181,0x32A2,0x7D29,0x74E7,0x53A4,0x5C05,
  0x9E2A,0xA64A,0xA64A,0xA64A,0xA64B,0xA62A,0xA64B,0xBECD,0xC70F,0xC70F,0xC70F,0xC70E,0xC70E,0xC70E,0xC70F,0xC6EF,
  0xD732,0xEF95,0xEF76,0xEF76,0xEF76,0xEF76,0xEF76,0xEF76,0xEF76,0xEF95,0xCEF1,0xC6F0,0xC70F,0xC70F,0xC70F,0xC70F,
  0xC70F,0xC70F,0xC70F,0xC70F,0xC70F,0xC70F,0xC70E,0xC70F,0xC70E,0xC70F,0xC6EF,0xC70E,0xBEED,0xA64A,0xA64A,0xA64A,
  0xA64B,0xA64B,0xA66B,0x9E4C,0x5C26,0x4BA4,0x74C8,0x7D0B,0x19E1,0x21A4,0xF81F,0xF81F,0xF81F,0xF81F,0xF81F,0xF81F,
  0xF81F,0xF81F,0xF81F,0xF81F,0xF81F,0xF81F,0x19A1,0x32C3,0x856A,0x7508,0x53C3,0x5C04,0x9E0A,0xA64B,0xA64B,0xA64B,
  0xA64B,0xAE6C,0xAE8C,0xBEEE,0xC70F,0xC6EF,0xC70F,0xC70E,0xC70E,0xC70F,0xC6EF,0xC6EF,0xD732,0xEF95,0xEF75,0xEF76,
  0xEF96,0xEF76,0xEF76,0xEF96,0xEF96,0xEF96,0xDF53,0xDF32,0xC710,0xC710,0xC70F,0xC70F,0xC70F,0xC70F,0xC70F,0xC70F,
  0xC70F,0xC70F,0xC70F,0xC70F,0xC6EF,0xC6EF,0xC710,0xC72F,0xBF0E,0xA64B,0xA64B,0xA64B,0xA64A,0xA64A,0xA64B,0xA64C,
  0x5C24,0x4BA3,0x6CE8,0x7D0B,0x2201,0x21C3,0xF81F,0xF81F,0xF81F,0xF81F,0xF81F,0xF81F,0xF81F,0xF81F,0xF81F,0xF81F,
  0xF81F,0xF81F,0x11A0,0x32E3,0x95CC,0x7D49,0x53C3,0x5C04,0x9E2B,0xA64B,0xA64B,0xA64B,0xA64B,0xB6AD,0xC72F,0xC70F,
  0xC6EF,0xC6EF,0xC70E,0xC6EE,0xC70F,0xC6EF,0xC6CF,0xCEB0,0xDF12,0xEF75,0xF776,0xF776,0xEF76,0xF776,0xF776,0xF776,
  0xEF76,0xEF96,0xEF75,0xEF95,0xCEF1,0xCED1,0xCED0,0xCED0,0xCED0,0xCED0,0xCECF,0xCECF,0xCEEF,0xC6EF,0xC70F,0xC70F,
  0xC70F,0xC70F,0xC6EF,0xC70F,0xBF0E,0xA64B,0xA64A,0xA64A,0xA64A,0xA64A,0xA64B,0xA64B,0x5C24,0x4BA3,0x7529,0x854B,
  0x19E0,0x19C2,0xF81F,0xF81F,0xF81F,0xF81F,0xF81F,0xF81F,0xF81F,0xF81F,0xF81F,0xF81F,0xF81F,0x3AC6,0x5C07,0x6467,
  0x6486,0x6CA6,0x7507,0x7D27,0xA64A,0xA64B,0xA64B,0xA64B,0xA64B,0xB6AC,0xC6EE,0xC6EF,0xC6EF,0xC6EE,0xC70E,0xC70E,
  0xC70F,0xC70F,0xD751,0xE754,0xE754,0xEF76,0xEF76,0xEF76,0xEF96,0xEF76,0xEF76,0xEF76,0xEF76,0xEF76,0xEF76,0xEF76,
  0xE774,0xE754,0xE754,0xE754,0xE754,0xE753,0xE753,0xDF73,0xDF52,0xCF30,0xC70F,0xC70F,0xC70F,0xC70F,0xC6EF,0xC70F,
  0xBF0E,0xA64A,0xA64A,0xA64A,0xA64A,0xA64A,0xA64B,0xA64B,0x7D28,0x74E8,0x5C66,0x5C05,0x6447,0x6429,0x4307,0x3246,
  0xF81F,0xF81F,0xF81F,0xF81F,0xF81F,0xF81F,0xF81F,0xF81F,0x19A2,0x11C0,0x7D0A,0x7D2A,0x5404,0x6485,0x8589,0x8DA8,
  0xA64A,0xA64B,0xA64B,0xA64B,0xA62B,0xB6AC,0xC6EE,0xC6EF,0xC70F,0xC70E,0xC70E,0xC70F,0xC70F,0xC730,0xD772,0xE7B5,
  0xE7B5,0xE795,0xE7B5,0xE7B5,0xDFB5,0xE7B5,0xE7B5,0xE7B5,0xE7B5,0xE7D5,0xE7D5,0xE7B5,0xE7B5,0xE7B5,0xE7B5,0xE7B5,
  0xE7B4,0xE7B4,0xE7B4,0xDF93,0xCF52,0xCF31,0xCF30,0xC70F,0xCF0F,0xCF0F,0xC6EF,0xC70F,0xBEEE,0xA64A,0xA64A,0xA64A,
  0xA64A,0xA64B,0xA64B,0xA64B,0x8589,0x8549,0x5C46,0x4BE3,0x7D49,0x7D0B,0x1A02,0x19A2,0xF81F,0xF81F,0xF81F,0xF81F,
  0xF81F,0xF81F,0xF81F,0xF81F,0x1181,0x11C0,0x7D2A,0x7D29,0x5404,0x6465,0x8588,0x8DA8,0xA64A,0xA64B,0xA64B,0xA64A,
  0xA62B,0xB6AC,0xBEEE,0xC6EF,0xC6EF,0xC70F,0xC70F,0xC70F,0xBEEF,0x8508,0x8508,0x8509,0x8509,0x84E9,0x850A,0x850A,
  0x8509,0x8509,0x852A,0x852A,0x852A,0x852A,0x852A,0x850A,0x850A,0x8509,0x850A,0x850A,0x8509,0x8509,0x8509,0x8509,
  0x7D09,0x7CE8,0x8508,0xC70F,0xCEEF,0xCF0F,0xC70F,0xC70F,0xC70E,0xB6CD,0xAEAC,0xA64A,0xA64B,0xA64B,0xA64B,0xA64B,
  0x8588,0x8569,0x5C46,0x53E3,0x8569,0x7D2A,0x2221,0x2A25,0xF81F,0xF81F,0xF81F,0xF81F,0xF81F,0xF81F,0xF81F,0xF81F,
  0x1981,0x11C0,0x7D2A,0x7D49,0x5405,0x6466,0x8588,0x8587,0xA64B,0xA64A,0xA64A,0xA64A,0xA64A,0xAEAC,0xBEEE,0xB6CE,
  0xBECF,0xBECF,0xBECF,0xBECF,0xB6AE,0x74A7,0x74A7,0x7C88,0x7488,0x7488,0x7488,0x7C88,0x7C88,0x7C88,0x7CA8,0x7CA8,
  0x7CC8,0x7CA8,0x7CA8,0x7C88,0x7C88,0x7CA8,0x7CA8,0x7CA8,0x7C88,0x7C88,0x7CA8,0x74A8,0x74A8,0x6C86,0x7486,0xBEEF,
  0xBEEF,0xBEEF,0xB6EF,0xBEEE,0xBECE,0xBECD,0xAE8C,0xA64B,0xA64B,0xA64B,0xA64A,0xA64B,0x8588,0x8569,0x5C46,0x5404,
  0x856A,0x7D4A,0x2221,0x3A87,0xF81F,0xF81F,0xF81F,0xF81F,0xF81F,0xF81F,0xF81F,0xF81F,0x1161,0x19C0,0x7D2A,0x7D49,
  0x5405,0x6466,0x8DA8,0x8DA8,0xA64B,0xA64B,0xA64B,0xA64A,0xA64B,0x9E4B,0xA64C,0x6465,0x5C05,0x6425,0x6445,0x6425,
  0x6445,0xA64D,0xB6AF,0xE795,0xE795,0xE795,0xE775,0xE775,0xE775,0xE776,0xE795,0xE795,0xE795,0xE795,0xE795,0xE795,
  0xE795,0xE795,0xE795,0xE795,0xE795,0xE795,0xE795,0xE794,0xDFB4,0xBECF,0xAE8E,0x6445,0x5C45,0x6465,0x6465,0x6464,
  0x74C6,0xB6CD,0xAE8C,0xA64B,0xA64B,0xA62B,0x9E4A,0x9E4A,0x8588,0x8568,0x5C46,0x5405,0x858A,0x854A,0x2221,0x3A87,
  0xF81F,0xF81F,0xF81F,0xF81F,0xF81F,0xF81F,0xF81F,0xF81F,0x2A63,0x2200,0x7D2A,0x7D49,0x5404,0x6486,0x8DE9,0x95E9,
  0xA64A,0x9E2B,0x8DCA,0x8DCA,0x8DAA,0x8DCA,0x95EB,0x74C7,0x6C87,0x74A7,0x74A7,0x74A7,0x74A7,0xAE6D,0xBEAF,0xE7B4,
  0xE795,0xEF76,0xF796,0xEF76,0xEF76,0xEF96,0xEF96,0xEF96,0xEF95,0xEF95,0xE774,0xE793,0xE793,0xE793,0xE773,0xE773,
  0xE794,0xE794,0xE794,0xE794,0xDF93,0xC6EF,0xB68D,0x74A6,0x7486,0x7487,0x74A6,0x74A6,0x7CE7,0xA64C,0x9E0C,0x95CA,
  0x95CB,0x95EA,0x9E2B,0xA64B,0x8DC8,0x8DA9,0x6466,0x5404,0x8DAA,0x856A,0x32C1,0x4305,0xF81F,0xF81F,0xF81F,0xF81F,
  0xF81F,0xF81F,0xF81F,0xF81F,0x6428,0x5C26,0x856A,0x7D49,0x5404,0x6486,0x8DEA,0x8DC9,0x9E2B,0x95CB,0x5C45,0x5C24,
  0x5C25,0x6445,0x6445,0xB6AF,0xC710,0xC710,0xC710,0xC730,0xC710,0xC730,0xC710,0xCEF1,0xDF33,0xEF96,0xF796,0xF796,
  0xEF76,0xEF76,0xEF76,0xEF76,0xEF75,0xEF95,0xD711,0xCED0,0xCEEF,0xCEEF,0xCEEF,0xCEEF,0xCEF0,0xCF10,0xCF10,0xCF10,
  0xCF10,0xCF10,0xCF2F,0xC70F,0xC730,0xC710,0xC710,0xC710,0xAE4D,0x5C04,0x5C25,0x5C04,0x5C24,0x5C24,0x8589,0xA64C,
  0x8DC9,0x8DCA,0x6466,0x5C24,0x95EA,0x8DAA,0x6CA7,0x6448,0x8D2F,0xF81F,0xF81F,0xF81F,0xF81F,0xF81F,0xF81F,0x5388,
  0x4BC6,0x5C46,0x8D8A,0x8549,0x5404,0x6486,0x8DCA,0x8DEA,0x8DCA,0x8549,0x6466,0x6466,0x6C86,0x6C86,0x6C65,0xB6AE,
  0xC70F,0xC70F,0xC70F,0xC70F,0xC710,0xC710,0xC710,0xCEF0,0xD733,0xEF96,0xF796,0xEF76,0xEF76,0xEF76,0xF776,0xEF76,
  0xEF75,0xEF94,0xCF11,0xC6EF,0xC70E,0xCF0E,0xCF0F,0xCF0F,0xCF0F,0xCF0F,0xCF0F,0xC710,0xC70F,0xC70F,0xC70F,0xC70F,
  0xC70F,0xC710,0xCF10,0xC710,0xA62D,0x6445,0x6465,0x6445,0x6445,0x5C45,0x74E8,0x8589,0x8DA9,0x8DCA,0x6466,0x5424,
  0x95EA,0x8DCA,0x6CA7,0x5C27,0x4326,0x3AA6,0xF81F,0xF81F,0xF81F,0xF81F,0x21E4,0x11A0,0x4364,0x5C25,0x858A,0x8549,
  0x5405,0x6466,0x8DCB,0x8DCA,0x5C44,0x6445,0x6465,0x960B,0xA66D,0xBEEE,0xC6EE,0xC70F,0xC6EE,0xC70F,0xC70F,0xC70F,
  0xC70F,0xC70F,0xC6EF,0xC6F0,0xD733,0xEF96,0xF776,0xF776,0xEF76,0xF776,0xF776,0xF776,0xEF95,0xEF94,0xCF10,0xC70F,
  0xC70E,0xC70F,0xC70F,0xCF0F,0xC70F,0xCF0F,0xCF0F,0xC70F,0xC70F,0xC70F,0xC70F,0xC70F,0xC70F,0xC70F,0xCF0F,0xC70F,
  0xC6EF,0xBEEE,0xB6CE,0x9E2B,0x95EA,0x6466,0x5C25,0x5C24,0x8589,0x8DAA,0x6466,0x5404,0x8DCB,0x8DAA,0x6487,0x4BE6,
  0x19E2,0x21C3,0xF81F,0xF81F,0xF81F,0xF81F,0x2A05,0x1181,0x4345,0x5C06,0x7D29,0x7509,0x53E5,0x5C26,0x74E7,0x7507,
  0x7D08,0x7D07,0x7D27,0x9E2B,0xA64C,0xBEEE,0xC70F,0xC70E,0xC70E,0xC70F,0xC70F,0xC70F,0xC70F,0xC70F,0xC70F,0xC6EF,
  0xD733,0xEF96,0xF776,0xF776,0xEF76,0xEF76,0xF776,0xEF76,0xEF96,0xE794,0xCF11,0xC70F,0xC70F,0xC70F,0xC70F,0xC70F,
  0xC70F,0xC70F,0xC70F,0xC70F,0xC70F,0xC70F,0xCF0F,0xCF0F,0xC70F,0xC70F,0xC70E,0xC70E,0xC70E,0xC70E,0xBECD,0xA64B,
  0x9E2A,0x8568,0x7D28,0x7D28,0x7D48,0x7D49,0x5C46,0x5405,0x7D4A,0x7D2A,0x5C47,0x4BC7,0x19C2,0x21C4,0xF81F,0xF81F,
  0xF81F,0xF81F,0x2A05,0x1181,0x4325,0x4BC5,0x53E5,0x5406,0x4BE5,0x53E5,0x4BC3,0x5C44,0x9E2C,0xA64B,0xA66B,0xA66C,
  0xA64C,0xBEEE,0xC70F,0xC70F,0xC6EF,0xC70F,0xC70F,0xC70F,0xC70F,0xC70F,0xC70F,0xC70F,0xD732,0xEF96,0xF776,0xF776,
  0xF776,0xEF76,0xEF76,0xEF96,0xEF96,0xEF95,0xCF11,0xC70F,0xC70F,0xCF0F,0xCF0F,0xCF0F,0xCF0F,0xCF0F,0xCF0F,0xCF0F,
  0xCF0F,0xCF0F,0xCF0F,0xCF0F,0xC70F,0xC70F,0xC70F,0xC70F,0xC70F,0xC70F,0xBECD,0xAE4B,0xAE6B,0xAE6B,0xA66C,0xA66C,
  0x6CA5,0x6465,0x5405,0x53E5,0x53E5,0x5405,0x5C26,0x4BA6,0x19C2,0x21A4,0xF81F,0xF81F,0xF81F,0xF81F,0x2A04,0x1180,
  0x4345,0x53C5,0x5C26,0x5C46,0x53E5,0x5C46,0x7507,0x7D27,0xA64B,0xA66B,0xA66B,0xA64B,0xAE6C,0xBEEF,0xC710,0xC710,
  0xC6EF,0xC6EF,0xC70F,0xC70F,0xC70F,0xC70F,0xC70F,0xC70F,0xD732,0xEF96,0xF776,0xF776,0xEF76,0xEF76,0xEF96,0xEF96,
  0xEF96,0xEF95,0xCF11,0xC70F,0xC70F,0xC70F,0xC70F,0xC70F,0xC70F,0xC70F,0xC70F,0xCF0F,0xCF0F,0xC70F,0xC70F,0xC70F,
  0xC70F,0xC70F,0xC70F,0xC6EF,0xC6EF,0xC70F,0xBECE,0xAE6B,0xA66B,0xAE6B,0xA66B,0xA66B,0x8547,0x7D48,0x5C46,0x4BE5,
  0x6CA7,0x6C87,0x5405,0x4BA6,0x19C2,0x21A4,0xF81F,0xF81F,0xF81F,0xF81F,0x2A25,0x11A1,0x4365,0x53E4,0x8589,0x7D49,
  0x5C25,0x74C7,0xA66C,0xA66B,0xA66B,0xA66B,0xA66B,0xA66B,0xAE6C,0xC6EF,0xCF10,0xCF10,0xC70F,0xC70F,0xC70F,0xC70F,
  0xC70F,0xC70F,0xC70F,0xC6EF,0xD732,0xEF96,0xEF76,0xEF76,0xEF76,0xEF76,0xEF95,0xEF76,0xEF95,0xEF95,0xCF11,0xC70F,
  0xC70F,0xC70F,0xC70F,0xC70F,0xC70F,0xC70F,0xC70F,0xC70F,0xC70F,0xC70F,0xC70F,0xC70F,0xC70F,0xC70F,0xC70F,0xC6EF,
  0xC70F,0xC70F,0xBEEE,0xA66B,0xA64B,0xA64B,0xA64B,0xA66B,0xA66B,0xA66C,0x74C7,0x5405,0x8DAB,0x8DAA,0x53E5,0x4B86,
  0x19C2,0x21A3,0xF81F,0xF81F,0xF81F,0xF81F,0x2A25,0x11A1,0x4364,0x5C03,0x8DA9,0x8589,0x5C24,0x74E7,0xA64B,0xA66B,
  0xA66B,0xA66B,0xA66B,0xA64B,0xA64B,0xBEEE,0xC70F,0xC70F,0xC70F,0xC70F,0xC70F,0xC70F,0xC70F,0xC70F,0xC70F,0xCEEF,
  0xD732,0xEF96,0xEF76,0xEF76,0xEF76,0xEF76,0xEF76,0xEF76,0xEF76,0xEF95,0xCF11,0xC70F,0xC70F,0xC70F,0xC70F,0xC70F,
  0xC70F,0xC70F,0xC70F,0xC70F,0xC70F,0xC70F,0xC70F,0xC70F,0xC70F,0xC70F,0xC70F,0xC6EF,0xC70F,0xC70F,0xBECE,0xA64B,
  0xA64B,0xA64B,0xA64B,0xA66B,0xA66B,0xA66C,0x6CC7,0x5404,0x8DCA,0x8DA9,0x6466,0x5BE7,0x19A2,0x21A4,0xF81F,0xF81F,
  0xF81F,0xF81F,0x2A25,0x11A1,0x5C27,0x7D07,0x9E0A,0x8DCA,0x5C24,0x74E7,0xA64B,0xA64A,0xA64B,0xA66B,0xA66B,0xA66B,
  0xAE4B,0xBECE,0xC70F,0xC70F,0xC70F,0xCF0F,0xCF0F,0xC70F,0xC70F,0xC70F,0xC70F,0xCEEF,0xDF33,0xEF96,0xF776,0xEF76,
  0xEF76,0xEF76,0xF776,0xEF76,0xEF95,0xEF94,0xCEF1,0xC6EF,0xC70F,0xC70F,0xC70F,0xC70F,0xC70F,0xC70F,0xC70F,0xC70F,
  0xC70F,0xC70F,0xC70F,0xC70F,0xC70F,0xC70F,0xC70F,0xC6EF,0xC70F,0xC70F,0xBECE,0xA66B,0xA66B,0xA64B,0xA64B,0xA64B,
  0xA66B,0xA66C,0x6CC7,0x5404,0x95CA,0x95CA,0x74C8,0x6429,0x19A2,0x21A4,0xF81F,0xF81F,0xF81F,0xF81F,0x2A45,0x11C1,
  0x6427,0x7D08,0x9DEA,0x8DCA,0x5C45,0x74E7,0xA66B,0xA64B,0xA64B,0xA66B,0xA66B,0xA66B,0xA64B,0xBECE,0xC70F,0xCF0F,
  0xC70F,0xC70F,0xC70F,0xC70F,0xC70F,0xC70F,0xC70F,0xCF10,0xDF33,0xEF96,0xEF76,0xEF76,0xEF76,0xEF76,0xEF76,0xEF76,
  0xEF95,0xE794,0xCF11,0xC6EF,0xC70F,0xC70F,0xC70F,0xC70F,0xC70F,0xC70F,0xC70F,0xC70F,0xC70F,0xC70F,0xC70F,0xC70F,
  0xC70F,0xC70F,0xC70F,0xC6EF,0xC70F,0xC70F,0xBECE,0xAE6B,0xA66B,0xA64B,0xA64B,0xA64B,0xA64B,0xA64C,0x6CA7,0x53E4,
  0x8DCA,0x95CA,0x74E8,0x6429,0x19A2,0x21A4,0xF81F,0xF81F,0xF81F,0xF81F,0x2A64,0x11C0,0x6426,0x7D07,0x9DEB,0x8DAA,
  0x5C24,0x74E7,0xA64C,0xA64B,0xA64B,0xA66B,0xA66B,0xA66B,0xA64B,0xBECE,0xC70F,0xC70F,0xC70F,0xC70F,0xC70F,0xC70F,
  0xC70F,0xC70F,0xC70F,0xCEF0,0xDF33,0xEF96,0xEF76,0xEF76,0xEF76,0xEF76,0xEF76,0xEF96,0xEF95,0xE793,0xCF10,0xC6EF,
  0xC70F,0xC70F,0xC70F,0xC70F,0xC70F,0xC70F,0xC70F,0xC70F,0xC70F,0xC70F,0xC70F,0xC70F,0xC70F,0xC70F,0xC70F,0xC6EF,
  0xC70F,0xC70F,0xBECE,0xA66B,0xA66B,0xA64B,0xA64B,0xA64B,0xA64B,0xA64C,0x6CA7,0x53E4,0x95CB,0x95CA,0x74E8,0x6448,
  0x19C1,0x21E3,0xF81F,0xF81F,0xF81F,0x3284,0x5C28,0x6466,0x6CC7,0x7CE7,0x9DEB,0x8DAA,0x6425,0x74C7,0xA64C,0xA64B,
  0xA64B,0xA66B,0xA66B,0xA66B,0xA64B,0xBECE,0xC70F,0xC70F,0xC70F,0xC70F,0xC70F,0xC70F,0xC70F,0xC70F,0xC70F,0xC6EF,
  0xD733,0xEF96,0xEF76,0xEF76,0xEF76,0xEF76,0xEF96,0xEF96,0xD712,0xCEF0,0xC6EF,0xC70E,0xC70F,0xC70F,0xC70F,0xC70F,
  0xC70F,0xC70F,0xC70F,0xC70F,0xC70F,0xC70F,0xC70F,0xC70F,0xC70F,0xC70F,0xC70F,0xC6EF,0xC70F,0xC70F,0xBECE,0xA66B,
  0xA64B,0xA64B,0xA64B,0xA64B,0xA64B,0xA64C,0x6CA7,0x5404,0x95EB,0x95EA,0x7D07,0x6CC8,0x5386,0x5367,0x6BEC,0xF81F,
  0xF81F,0x11A0,0x74EA,0x74E8,0x7507,0x7D07,0x95EA,0x8DCA,0x6445,0x74E7,0xA64C,0xA64B,0xA64B,0xA66B,0xA66B,0xA66B,
  0xA64B,0xBECE,0xC70F,0xC70F,0xC70F,0xC70F,0xC70F,0xC70F,0xC70F,0xC70F,0xC70F,0xC6F0,0xD732,0xEF96,0xEF76,0xEF76,
  0xEF76,0xEF97,0xEF76,0xEFB5,0xD711,0xC6EF,0xC6EE,0xC70E,0xC70E,0xC70E,0xC70E,0xC70F,0xC70F,0xC70F,0xC70F,0xC70F,
  0xC70F,0xC70F,0xC70F,0xC70F,0xC70F,0xC70F,0xC70F,0xC70F,0xC70F,0xC70F,0xB6CD,0xA66B,0xA66B,0xA64B,0xA64B,0xA64B,
  0xA64B,0xA64C,0x6CA7,0x53E4,0x95EA,0x95EA,0x7D07,0x7D08,0x7CEA,0x74AB,0x19A2,0xF81F,0xF81F,0x19C0,0x74A9,0x74E8,
  0x7507,0x7D07,0x95EA,0x8DCA,0x5C45,0x74E7,0xA66C,0xA64B,0xAE4B,0xA64B,0xA66B,0xA66B,0xA64B,0xBECE,0xC70F,0xC70F,
  0xC70F,0xC70F,0xC70F,0xC70F,0xC70F,0xC70F,0xCEEF,0xCEF0,0xDF33,0xEF96,0xF777,0xF777,0xEF76,0xF777,0xEF76,0xEF95,
  0xD711,0xCEF0,0xC6EF,0xC6EF,0xC6EF,0xC6EF,0xC6EF,0xC70F,0xC70F,0xC70F,0xC70F,0xCEEF,0xC6EF,0xC70F,0xC70F,0xC70F,
  0xC70F,0xC70F,0xC70E,0xC70F,0xC70F,0xC70F,0xB6CD,0xA66B,0xA66B,0xA64B,0xA64B,0xA64B,0xA64B,0xA64C,0x6CC7,0x53E4,
  0x95EA,0x95EA,0x7D08,0x7CE8,0x7CE9,0x74AA,0x19C2,0x3A46,0xF81F,0x19A0,0x6CA8,0x74E8,0x7507,0x7D07,0x95EA,0x8DCA,
  0x5C45,0x74E7,0xA66C,0xA64B,0xAE4B,0xA66B,0xA66B,0xA66B,0xA64B,0xBECE,0xC70F,0xCF0F,0xC70F,0xC70F,0xC70F,0xCF0F,
  0xC6EF,0xC6EF,0xCEF0,0xCED1,0xDF13,0xF776,0xF756,0xF776,0xF776,0xF776,0xEF76,0xEF75,0xDEF2,0xD6D1,0xD6D1,0xCED1,
  0xCED1,0xCED1,0xCED1,0xCED1,0xCED1,0xCED1,0xCED1,0xCED1,0xCEF0,0xCEF0,0xC6EF,0xC70E,0xC70E,0xC70E,0xC70F,0xC70F,
  0xC70F,0xC70F,0xB6CD,0xAE4B,0xA64B,0xA64B,0xA64B,0xA64B,0xA64B,0xA64C,0x6CC7,0x53E4,0x95EA,0x95EA,0x7D08,0x7CE8,
  0x7CE9,0x74AA,0x19C2,0x4AE9,0xF81F,0x19A1,0x74A9,0x74E8,0x7507,0x7D07,0x95EA,0x8DCA,0x5C24,0x74C7,0xA66C,0xA64B,
  0xA64B,0xAE4B,0xAE4B,0xAE6B,0xA64B,0xBECE,0xC70F,0xC70F,0xC70E,0xC70E,0xC70F,0xC70F,0xC70F,0xCF10,0xD772,0xE794,
  0xE775,0xEF96,0xEF96,0xEF96,0xEF95,0xEF96,0xE776,0xEF96,0xE795,0xE795,0xE795,0xE795,0xE795,0xE795,0xE795,0xE795,
  0xE795,0xE795,0xE795,0xE794,0xE794,0xDF72,0xCF10,0xC70F,0xC70E,0xC70E,0xC70F,0xC70F,0xC70F,0xC70F,0xB6CD,0xAE4B,
  0xAE4B,0xA64B,0xA64B,0xA64B,0xA64B,0xA64C,0x6CC7,0x53E4,0x95EA,0x95EA,0x7CE8,0x7CE8,0x7CE9,0x74AA,0x19C2,0x4AE9,
  0x21A3,0x19A0,0x74A9,0x74E8,0x7507,0x7D07,0x95EA,0x8DCA,0x5C24,0x74C7,0xA66C,0xA64B,0xA64B,0xAE4B,0xAE4B,0xA64B,
  0xA66B,0xBECD,0xC70F,0xC70F,0xC70F,0xC70F,0xC70F,0xC70F,0xC710,0xCF11,0xD772,0xDF94,0xDF94,0xDF74,0xDF75,0xDF74,
  0xDF74,0xDF74,0xDF75,0xDF75,0xDF74,0xDF74,0xDF95,0xDF95,0xDF95,0xDF95,0xDF95,0xDF95,0xDF95,0xDF95,0xDF94,0xDF74,
  0xDF94,0xCF31,0xC6EF,0xBEEE,0xC70F,0xC70F,0xC70F,0xC6EF,0xC70E,0xBECD,0xB6CD,0xA64B,0xA64B,0xA64B,0xA64B,0xA64B,
  0xA64B,0xA64C,0x6CC7,0x53E4,0x95EA,0x95EA,0x74E8,0x7CE8,0x7CE9,0x748A,0x19C2,0x4AC8,0x21A3,0x1180,0x6C88,0x74E8,
  0x7507,0x7D07,0x95EA,0x8DCA,0x5C24,0x74C7,0xA66C,0xA64B,0xA64B,0xA66B,0xA66B,0xA66B,0xA66B,0xAE6C,0xAE6C,0xBEEE,
  0xC6EF,0xC70F,0xC70F,0xC710,0xBEF0,0x7CC8,0x7487,0x7487,0x7488,0x7468,0x7468,0x7468,0x7468,0x7488,0x7488,0x7468,
  0x7468,0x7468,0x7468,0x7C88,0x7CA8,0x7CA8,0x7CA8,0x7CA8,0x7CA8,0x7CA8,0x7CA8,0x7C88,0x7C88,0x6C46,0x6C65,0xB6CE,
  0xBF0F,0xC70F,0xC70F,0xC70F,0xBECE,0xA64B,0xA66B,0xA64B,0xA66B,0xA64B,0xA64B,0xA64B,0xA64B,0xA64C,0x6CC7,0x53E4,
  0x95EA,0x95EA,0x74E8,0x74E8,0x7CC8,0x748A,0x19A2,0x4AC9,0x532A,0x1180,0x6CA8,0x74E8,0x7507,0x7D07,0x95EA,0x8DCA,
  0x5C24,0x74C7,0xA66C,0xA64B,0xA64B,0xA66B,0xA66B,0xA66B,0xA66B,0xA66B,0xA64B,0xA62B,0xAE4C,0xAE4D,0xAE4D,0xAE6D,
  0xAE4D,0x7D08,0x7CE9,0x8509,0x8509,0x84E9,0x84E9,0x84E9,0x84E9,0x8509,0x8D0A,0x8D0A,0x8CEA,0x8D0A,0x8D0A,0x8D2A,
  0x8D2A,0x952A,0x952A,0x952A,0x952A,0x8D2A,0x8D2A,0x8D2A,0x8D4A,0x74C7,0x74C7,0x9DEB,0x9E0C,0x9E0C,0xA60C,0xA60B,
  0xA62B,0xA64B,0xA66B,0xA66B,0xA66B,0xA64B,0xA64B,0xA64B,0xA64B,0xA64C,0x6CC7,0x53E4,0x95EA,0x95EA,0x74E8,0x7CE8,
  0x7CE8,0x748A,0x19C2,0x3A67,0x63CC,0x11A0,0x74C9,0x7508,0x7507,0x7D27,0x95EA,0x8DCB,0x5C25,0x6CC7,0xA66C,0xA64B,
  0xA64B,0xA66B,0xA64B,0x9E4B,0xA66C,0xA64C,0xA62C,0x6C45,0x6445,0x6425,0x6425,0x6446,0x6425,0xAE6F,0xC6F1,0xEFB5,
  0xE796,0xEF76,0xEF76,0xEF75,0xE795,0xE775,0xEF75,0xE775,0xEF95,0xEF95,0xEF95,0xEFB5,0xEFB6,0xEF96,0xEF95,0xEF95,
  0xE795,0xE794,0xE794,0xE794,0xDF93,0xC6CF,0xBECF,0x6424,0x5C04,0x5C05,0x5C25,0x5C25,0x74C6,0xA66C,0xA66B,0xA66B,
  0xA66B,0xA66B,0xA66B,0xA66A,0xA66B,0xA66C,0x6CA7,0x5404,0x95EA,0x95EA,0x7CE7,0x7CE7,0x7CE8,0x748A,0x19C2,0x3A67,
  0x63CC,0x19A0,0x74C9,0x7508,0x7D27,0x7D27,0x960A,0x8DCA,0x5C25,0x6CA6,0x9E2B,0x9E0A,0x9E0A,0x9E0B,0x95EB,0x95EA,
  0x95EA,0x8DAA,0x95AB,0x74A7,0x74C7,0x74A7,0x74A7,0x74A7,0x74A7,0xB68F,0xC711,0xE7B4,0xE795,0xEF56,0xEF76,0xEF75,
  0xEF75,0xEF75,0xEF75,0xEF75,0xE795,0xE794,0xE794,0xE794,0xE7B4,0xE7B4,0xE794,0xE794,0xE793,0xE793,0xE793,0xDF93,
  0xDF92,0xC6EF,0xC6EF,0x74A6,0x6C86,0x6C86,0x74A7,0x74A6,0x7D28,0x95EB,0x95EB,0x95EB,0x95EB,0x95EA,0x9E2B,0x9E2A,
  0x9E4B,0x9E4C,0x6CA7,0x5404,0x95EA,0x960A,0x7CE8,0x7CE7,0x7CE8,0x748A,0x19C2,0x3A67,0x6BEC,0x19C0,0x74E9,0x7528,
  0x7527,0x7D27,0x960A,0x8DC9,0x5C24,0x6486,0x7D48,0x7D48,0x7D49,0x74E8,0x5C25,0x5C25,0x5C45,0x5C25,0x5C04,0xB68E,
  0xC710,0xC710,0xC710,0xC710,0xC6EF,0xC710,0xC710,0xCF11,0xDF33,0xEF96,0xEF76,0xEF76,0xEF76,0xEF76,0xEF76,0xEF95,
  0xD732,0xCEF0,0xCF10,0xCF10,0xCF10,0xCF10,0xCF10,0xCF0F,0xCF0F,0xCF0F,0xCF0F,0xC70F,0xC70F,0xC70F,0xC70F,0xC70F,
  0xC70F,0xC6EF,0xC70F,0xC70F,0xB68E,0x5C04,0x5C25,0x5C26,0x5C26,0x5C24,0x7D48,0x8DA9,0x858A,0x85AA,0x6487,0x5404,
  0x95EA,0x960A,0x7CE7,0x7CE7,0x7CE8,0x748A,0x19C2,0x3A67,0x63EC,0x19E0,0x74E9,0x7528,0x7D27,0x7D47,0x9E0B,0x8DCA,
  0x5C25,0x5C46,0x64A7,0x64A7,0x6487,0x6C87,0x74E8,0x74E7,0x74E6,0x7D07,0x7CE7,0xB6AE,0xC70F,0xC70F,0xC70F,0xC70F,
  0xC6EF,0xC70F,0xC70F,0xC6EF,0xD733,0xEF96,0xEF76,0xF776,0xEF76,0xEF77,0xEF76,0xEF95,0xD731,0xC70F,0xC70E,0xC70E,
  0xC72F,0xC72F,0xC72F,0xC72F,0xC72F,0xC72F,0xC70F,0xC70F,0xC72F,0xC70E,0xC70F,0xC70E,0xC70F,0xC70F,0xCF0F,0xC70F,
  0xBEAE,0x8528,0x7D28,0x7508,0x7508,0x7D08,0x74E7,0x6CC7,0x6CC7,0x6CA8,0x5C26,0x53E4,0x8DEA,0x95EA,0x74E7,0x74E7,
  0x74E8,0x74AA,0x19E2,0x4287,0x63EC,0x19C0,0x74E8,0x7528,0x7528,0x7D48,0x960B,0x8DAB,0x5C06,0x4BE5,0x43A3,0x4BC4,
  0x4BA3,0x6444,0xA66C,0xA64B,0xA64B,0xB6CD,0xC70F,0xC70F,0xC70F,0xC70F,0xC70F,0xC70F,0xC70F,0xC70F,0xC70F,0xC6EF,
  0xD732,0xEF96,0xEF76,0xF776,0xF776,0xEF77,0xEF96,0xEF95,0xD751,0xC70F,0xC70E,0xC70E,0xC72F,0xC70F,0xC70F,0xC72F,
  0xC70F,0xC70F,0xC70F,0xC72F,0xC70F,0xC70F,0xC70F,0xC70F,0xC70F,0xCF0F,0xCF0F,0xCF0F,0xC70F,0xC72F,0xB6EE,0xA66B,
  0xA66B,0xA66D,0x6465,0x53E3,0x5404,0x53E5,0x4BC5,0x4BC4,0x95EB,0x95EB,0x7D08,0x7D07,0x74E8,0x74AA,0x19E2,0x4288,
  0x63CC,0x11C0,0x74E8,0x7528,0x7528,0x74E8,0x6466,0x6467,0x5406,0x5C47,0x74E8,0x7507,0x95CA,0x95C9,0xA64B,0xA66B,
  0xA64A,0xBECD,0xCF0F,0xCF0F,0xCF0F,0xC70F,0xC70F,0xC70F,0xC70F,0xC70F,0xC70F,0xC6EF,0xD732,0xEF76,0xEF76,0xF776,
  0xEF76,0xEF77,0xEF96,0xEF95,0xD731,0xC70F,0xC70F,0xC70F,0xC70F,0xC70F,0xC70F,0xC70F,0xC70F,0xC70F,0xC70F,0xC70F,
  0xC70F,0xC70F,0xC70F,0xC70F,0xC70F,0xC70F,0xCF0F,0xC70F,0xC70F,0xC70F,0xB6CD,0xA66B,0xA66B,0xA64B,0x95CA,0x95CA,
  0x7D29,0x7D29,0x5C26,0x4BC5,0x6466,0x6486,0x7CE8,0x7D08,0x74E8,0x6CAA,0x19E2,0x4288,0x63CC,0x19C0,0x74E9,0x7529,
  0x7D29,0x6CC8,0x4B83,0x4BC4,0x5405,0x6466,0x7D28,0x7D27,0xA66B,0xA66B,0xA64B,0xA64B,0xA64B,0xBECD,0xCF0F,0xCEF0,
  0xCF0F,0xC70F,0xC70F,0xC70F,0xC70F,0xC70F,0xC70F,0xCEEF,0xD732,0xEF96,0xEF76,0xEF76,0xEF76,0xEF76,0xEF96,0xEF95,
  0xD731,0xC70F,0xC70F,0xCEEF,0xC70F,0xC70E,0xC70E,0xCF0F,0xCF0F,0xCF0F,0xCF0F,0xC70F,0xC70F,0xC70F,0xC70F,0xC70F,
  0xC70F,0xC70F,0xCF0F,0xC70F,0xC70F,0xC70F,0xBEAE,0xA64B,0xA64B,0xA64B,0xA66B,0xA64C,0x7D28,0x7509,0x5C26,0x4BA5,
  0x4BC4,0x53E4,0x7D09,0x7D08,0x7D09,0x6CAA,0x19E2,0x3A87,0x4B09,0x19C1,0x5C48,0x6487,0x6487,0x5C45,0x6CA6,0x6CC7,
  0x5405,0x5C46,0x7D28,0x7D27,0xA64B,0xA66B,0xA64B,0xA64B,0xA64B,0xBECD,0xC70F,0xCEEF,0xC70F,0xC70F,0xC70F,0xC70F,
  0xC70F,0xC70F,0xC70F,0xC6EF,0xDF32,0xEF95,0xF776,0xEF76,0xEF96,0xEF96,0xEF75,0xEF95,0xD731,0xC70F,0xC70F,0xC70F,
  0xC70F,0xC70F,0xC70F,0xC70F,0xC70F,0xC70F,0xC70F,0xC70F,0xC70F,0xC70F,0xC70F,0xC70F,0xC70F,0xC70F,0xC70F,0xC70F,
  0xC70F,0xC70E,0xBECD,0xA64B,0xA64B,0xA64B,0xA64B,0xA64C,0x7D07,0x6CC8,0x5406,0x4BC4,0x6CC8,0x74E8,0x6486,0x6467,
  0x6468,0x5C29,0x19E3,0x42C8,0xF81F,0x19A1,0x4BA6,0x53E6,0x5405,0x5C25,0x7D49,0x7509,0x53E5,0x5C46,0x7507,0x7D27,
  0xA64B,0xA64B,0xA64B,0xA64B,0xA64B,0xB6CD,0xC70F,0xC6EF,0xC70F,0xC70F,0xC70F,0xC70F,0xC70F,0xC70F,0xC70F,0xC6EF,
  0xD732,0xEF95,0xEF76,0xEF76,0xEF95,0xEF95,0xEF94,0xEFD4,0xCF31,0xC70F,0xC70F,0xC70F,0xC70F,0xC70F,0xC70F,0xC70F,
  0xC70F,0xC70F,0xC70F,0xC70F,0xC70F,0xC70F,0xC70F,0xC70F,0xC70F,0xC70F,0xC70F,0xC70F,0xC70F,0xC70E,0xBECD,0xA64B,
  0xA64B,0xA64A,0xA64B,0xA64B,0x7D08,0x74C8,0x5406,0x4BC4,0x7D49,0x7D49,0x5C25,0x53E6,0x53C7,0x53A7,0x19E3,0x4AE9,
  0xF81F,0x19A1,0x53A7,0x53E7,0x5406,0x5C25,0x7D49,0x7D29,0x4BE5,0x5C26,0x74E7,0x7D07,0xA64B,0xA64B,0xA64B,0xA64B,
  0xA64B,0xB6AD,0xC70F,0xC6EF,0xC70F,0xC70F,0xC70F,0xC70F,0xC70F,0xC70F,0xC70F,0xC6EF,0xD732,0xEF95,0xEF95,0xEF75,
  0xEF95,0xEF95,0xDF32,0xD731,0xCF0F,0xC70F,0xC70F,0xC70F,0xC70F,0xC70F,0xC70F,0xC70F,0xC70F,0xC70F,0xC70F,0xC70F,
  0xC70F,0xC70F,0xC70F,0xC70F,0xC70F,0xC70F,0xC70F,0xC70F,0xC70F,0xC70E,0xBECD,0xA64B,0xA66B,0xA64A,0xA64B,0xA64B,
  0x7D08,0x74C8,0x5406,0x4BC4,0x854A,0x7D49,0x5405,0x53E6,0x53C8,0x53A8,0x21E3,0x4AA8,0xF81F,0x3225,0x4B68,0x4B87,
  0x53E6,0x5C25,0x7D49,0x7529,0x4BE5,0x5C26,0x74E7,0x7507,0xA64B,0xA64B,0xA64B,0xA64B,0xA64B,0xB6AD,0xC70F,0xC6EF,
  0xC70F,0xC70F,0xC70F,0xC70F,0xC70F,0xC70F,0xC70F,0xC6EF,0xD731,0xE794,0xEF74,0xEF95,0xEF95,0xEF95,0xCF10,0xC6EF,
  0xC70F,0xC70E,0xC70E,0xC6EF,0xC70F,0xC70F,0xC70F,0xC70F,0xC70F,0xC70F,0xC70F,0xC70F,0xC70F,0xC70F,0xC70F,0xC70F,
  0xC70F,0xC70F,0xC70F,0xC70F,0xC70E,0xBEEE,0xB6AD,0xA64B,0xA64B,0xA64B,0xA64B,0xA64B,0x7D07,0x74C8,0x53E6,0x4BA4,
  0x856A,0x7D49,0x5406,0x53C7,0x4B88,0x4B68,0x29E5,0x31E6,0xF81F,0xF81F,0x21E3,0x1181,0x4345,0x5C26,0x7D48,0x7529,
  0x4BE5,0x5C26,0x74C7,0x7507,0xA64B,0xA64B,0xA64B,0xA64B,0xA64B,0xA64B,0xA62B,0xBEAE,0xC70F,0xC70F,0xC70F,0xC70F,
  0xC70F,0xC70F,0xC70F,0xC70F,0xCF10,0xCEF0,0xDF32,0xEF95,0xEF75,0xEF94,0xCF10,0xC6EF,0xC70F,0xC70E,0xC70E,0xC70F,
  0xC70F,0xC70F,0xC70F,0xC70F,0xC70F,0xC70F,0xC70F,0xC70F,0xC70F,0xC70F,0xC70F,0xC70F,0xC70F,0xC70F,0xC70F,0xC70F,
  0xBECD,0xA62B,0xA64B,0xA64B,0xA64B,0xA64A,0xA64B,0xA64B,0x7D07,0x74C8,0x53E6,0x4BA3,0x7D49,0x7D49,0x5426,0x4B86,
  0x11A1,0x21C3,0xF81F,0xF81F,0xF81F,0xF81F,0x29E4,0x1181,0x4346,0x5C05,0x7D48,0x7528,0x4BC5,0x5C26,0x6CC7,0x7507,
  0xA64B,0xA64B,0xA64B,0xA64B,0xA64B,0xA64B,0xAE2B,0xBECE,0xC70F,0xC70F,0xC70F,0xC70F,0xC70F,0xC70F,0xC70F,0xC70F,
  0xC70F,0xCEF0,0xDF52,0xEF95,0xEF75,0xEF95,0xD711,0xC6EF,0xC70F,0xC72E,0xC70E,0xC70F,0xC70F,0xC70F,0xC70F,0xC70F,
  0xC70F,0xC70F,0xC70F,0xC70F,0xC70F,0xC70F,0xC70F,0xC70F,0xC70F,0xC70F,0xC6EF,0xC70F,0xBEEE,0xA64B,0xA64B,0xA64B,
  0xA64B,0xA64A,0xA64B,0xA64B,0x7D07,0x74C8,0x53E6,0x4BA3,0x7D49,0x7D29,0x5426,0x4B87,0x1182,0x21A4,0xF81F,0xF81F,
  0xF81F,0xF81F,0x29E4,0x1181,0x4346,0x5C05,0x7D48,0x7529,0x4BC5,0x5C06,0x74C7,0x7506,0xA64B,0xA64B,0xA62B,0xA64B,
  0xA64B,0xA64B,0xA64B,0xBECE,0xC70F,0xC70F,0xC70F,0xC70F,0xC70F,0xC70F,0xC70F,0xC70F,0xC70F,0xCEF0,0xD732,0xEF95,
  0xEF75,0xEF95,0xCF11,0xC6EF,0xC70E,0xC70E,0xC70F,0xC70F,0xC70F,0xC70F,0xC70F,0xC70F,0xC70F,0xC70F,0xC70F,0xC70F,
  0xC70F,0xC70F,0xC70F,0xC70F,0xC70F,0xC70F,0xC6EF,0xC70F,0xBEEE,0xA64B,0xA64B,0xA64B,0xA64A,0xA64A,0xA64B,0xA64C,
  0x7D07,0x74C7,0x53E6,0x4BA4,0x7D49,0x7D09,0x5C07,0x4B67,0x1182,0x1963,0xF81F,0xF81F,0xF81F,0xF81F,0x29E4,0x1181,
  0x4345,0x5C05,0x7D28,0x7D09,0x53C5,0x5406,0x74C7,0x74E6,0xA64B,0xA64B,0xA64A,0xA62B,0xA64B,0xA62B,0xA62B,0xBECD,
  0xCF0F,0xC70F,0xC70F,0xC70F,0xC70F,0xC70F,0xC70F,0xC70F,0xC6EF,0xCEF0,0xD732,0xEF95,0xEF75,0xEF95,0xD711,0xC6EF,
  0xC70E,0xC70F,0xC70F,0xC70F,0xC70F,0xC70F,0xC70F,0xC70F,0xC70F,0xC70F,0xC70F,0xC70F,0xC70F,0xC70F,0xC70F,0xC6EF,
  0xC6EF,0xC6EF,0xC6EF,0xC70F,0xBEEE,0xA64B,0xA64B,0xA64A,0xA64A,0xA66A,0xA64B,0xA64B,0x7507,0x74E7,0x53E6,0x4BA4,
  0x7D29,0x7D2A,0x5C06,0x4B67,0x1162,0x1963,0xF81F,0xF81F,0xF81F,0xF81F,0x29E4,0x1161,0x4345,0x5C05,0x7D28,0x7508,
  0x4BA4,0x5405,0x74C7,0x7507,0xA64B,0xA64B,0xA64B,0xA64B,0xA62B,0xA64B,0xA62B,0xBECD,0xC70F,0xC70F,0xC70F,0xC70F,
  0xC70F,0xC70F,0xC70F,0xC70F,0xC6EF,0xCEF0,0xD732,0xEF95,0xEF75,0xEF95,0xD711,0xC6EF,0xC70E,0xC70F,0xC70F,0xC70F,
  0xC6EF,0xC6EF,0xC6EF,0xC6EE,0xC6EE,0xC6EE,0xC70E,0xC70F,0xC70F,0xC70F,0xC70F,0xC70F,0xC70F,0xC70F,0xC70F,0xC70F,
  0xBEEE,0xA64B,0xA64B,0xA64A,0xA64A,0xA64A,0xA64B,0xA64C,0x7508,0x74E8,0x53E5,0x4BA3,0x7D29,0x7D29,0x5C26,0x4B86,
  0x1182,0x1984,0xF81F,0xF81F,0xF81F,0xF81F,0x29E4,0x1161,0x4346,0x5405,0x7D28,0x74E8,0x5C05,0x5C46,0x6466,0x6CA6,
  0x9E0A,0x9E2A,0xA64B,0xA64B,0xA62B,0xA62B,0xA64B,0xB6CD,0xC70E,0xC70F,0xC70F,0xC70F,0xC70F,0xC70F,0xC70F,0xC70F,
  0xC70F,0xCEEF,0xD711,0xDF33,0xE775,0xEFB5,0xCF10,0xC6EE,0xC70E,0xC70F,0xC70F,0xC6EF,0xC6EF,0xC6EF,0xC6EF,0xC6EE,
  0xC6EE,0xC6EE,0xC70E,0xC6EF,0xC6EF,0xC6EF,0xC70F,0xC70F,0xC70F,0xC70F,0xC70F,0xBECE,0xB6CD,0xA64B,0xA64B,0xA64A,
  0xA64A,0xA64B,0x9E2A,0x9E2B,0x6CC7,0x6467,0x5C46,0x5C25,0x7D29,0x7D29,0x5C26,0x4B86,0x1162,0x1964,0xF81F,0xF81F,
  0xF81F,0xF81F,0x21A4,0x1141,0x4B46,0x5C06,0x7D28,0x7D28,0x7D09,0x6CC8,0x4BC4,0x53E4,0x8548,0x8DA9,0xA64B,0xA64B,
  0xA64B,0xA62B,0xA64B,0xAE8C,0xB6AD,0xC70E,0xC70F,0xC70F,0xC70F,0xC70F,0xC70F,0xC70F,0xC70F,0xCEEF,0xCEF0,0xCEF0,
  0xDF53,0xE7B4,0xCF10,0xC6EF,0xC70E,0xC70F,0xC6EF,0xC6EF,0xC6EF,0xC6EF,0xC6EF,0xC6EE,0xC6EE,0xC6EE,0xC6EE,0xC6EF,
  0xC6EF,0xC6EF,0xC6EF,0xC6EE,0xC70E,0xC70E,0xC70F,0xAE6C,0xA66B,0xA64B,0xA64B,0xA64B,0xA64B,0xA64B,0x95E9,0x8589,
  0x5405,0x53E5,0x7508,0x7D49,0x8549,0x7D29,0x5C27,0x4B67,0x1142,0x1944,0xF81F,0xF81F,0xF81F,0xF81F,0xF81F,0x42A7,
  0x3AC6,0x32C3,0x74E8,0x7D28,0x7D28,0x74E8,0x4BC4,0x53E5,0x7D48,0x8D88,0xA64B,0xA64B,0xA64B,0xA62B,0xA64B,0xA64B,
  0xA64B,0xB6CD,0xBEEE,0xBECE,0xBECE,0xC6EF,0xC70F,0xC70F,0xC70F,0xC70F,0xC70F,0xC6F0,0xCF31,0xD752,0xC710,0xC70F,
  0xC70F,0xC70F,0xC6EF,0xC6EF,0xC6EF,0xC6EF,0xC6EF,0xC70F,0xC6EF,0xC6EF,0xC6EF,0xC6EF,0xC6EF,0xC70F,0xC70F,0xB6AD,
  0xB6CD,0xB6CD,0xB6CD,0xA64B,0xA64B,0xA64B,0xA64B,0xA64B,0xA64B,0xA64B,0x95E9,0x8589,0x5405,0x4BE5,0x7508,0x8548,
  0x8549,0x7D2A,0x3B04,0x42E6,0x3A67,0x29C6,0xF81F,0xF81F,0xF81F,0xF81F,0xF81F,0xF81F,0x3245,0x19C0,0x74C9,0x7D48,
  0x7D48,0x74E8,0x4BC5,0x53E5,0x7D48,0x8D88,0xA64B,0xA64B,0xA64B,0xA64B,0xA64A,0xA64B,0xA64B,0xA66C,0xA66C,0xAE6C,
  0xAE6D,0xC710,0xC710,0xC710,0xC710,0xC70F,0xC70F,0xC70F,0xC710,0xC710,0xC710,0xC72F,0xC70F,0xC710,0xC710,0xC70F,
  0xC710,0xC710,0xC710,0xC710,0xC70F,0xC70F,0xC70F,0xC710,0xC710,0xC710,0xC70F,0xA66C,0xA64C,0xA66B,0xA64B,0xA64B,
  0xA64B,0xA64B,0xA66B,0xA64B,0xA64B,0xA64B,0x95E9,0x8589,0x4BE5,0x4BC5,0x7507,0x8568,0x8548,0x7D2B,0x19C1,0x3266,
  0xF81F,0xF81F,0xF81F,0xF81F,0xF81F,0xF81F,0xF81F,0xF81F,0x2A04,0x11C0,0x74C8,0x7D48,0x7D48,0x74E8,0x4BC5,0x53E5,
  0x7D28,0x7D48,0x8DA9,0x8DA9,0x8DC9,0x8DA9,0x8DA9,0x8DA9,0x858A,0x7528,0x7D08,0x7D09,0x7D09,0x854A,0x856A,0x856A,
  0x856A,0x856A,0x856A,0x8D6A,0x8D8A,0x8D8B,0x8D8B,0x8D8A,0x8D8A,0x8D8B,0x8D8B,0x8D8A,0x8D8A,0x8D8A,0x8D6A,0x8D6A,
  0x8D6A,0x854A,0x854A,0x854A,0x854A,0x854A,0x856A,0x7508,0x7D09,0x7D08,0x7D28,0x8DAA,0x8DA9,0x8DC9,0x8DC9,0x8DC9,
  0x8DC9,0x8DCA,0x8589,0x7D6A,0x53E5,0x4BC4,0x7528,0x8548,0x8549,0x7D2B,0x19E1,0x3A67,0xF81F,0xF81F,0xF81F,0xF81F,
  0xF81F,0xF81F,0xF81F,0xF81F,0x1982,0x11C0,0x7509,0x8569,0x8569,0x7508,0x4BA4,0x53E5,0x7509,0x7508,0x7D28,0x7D28,
  0x7528,0x7528,0x7528,0x7528,0x7508,0x53E4,0x4BA3,0x53C4,0x53C3,0x4BC4,0x4BC4,0x4BE4,0x53C4,0x53C4,0x53C4,0x53C4,
  0x5BC5,0x5BE5,0x5BE5,0x5BE5,0x5BE5,0x5BE6,0x5BE6,0x5BE5,0x5C05,0x5BE5,0x5BE5,0x5BC5,0x5BC5,0x53C4,0x53C4,0x53C4,
  0x53E4,0x53E4,0x53E4,0x53E4,0x53E4,0x53E4,0x5C25,0x7508,0x7D08,0x7D28,0x7D28,0x7D48,0x7D49,0x7D48,0x7D49,0x7D49,
  0x4BC4,0x4BA3,0x7508,0x7D48,0x8569,0x7D4B,0x19E1,0x3A66,0xF81F,0xF81F,0xF81F,0xF81F,0xF81F,0xF81F,0xF81F,0xF81F,
  0x19A2,0x11C0,0x5C47,0x6CA7,0x6CA7,0x6CC7,0x5C47,0x5C47,0x5C26,0x5C26,0x6487,0x6486,0x6486,0x6487,0x6487,0x6487,
  0x6CA6,0x858A,0x8DAA,0x8DAA,0x95AA,0x8DAA,0x8DAA,0x8DAA,0x8DAA,0x8DAA,0x9DCC,0xAE2E,0xAE2F,0xB62F,0xB62F,0xB62F,
  0xB62F,0xB62F,0xB62F,0xB62F,0xAE2F,0xAE2F,0xAE2F,0xAE2F,0xAE2E,0x9DEC,0x958B,0x8DAA,0x8DAA,0x8DAA,0x8DAA,0x8DAA,
  0x8DAA,0x8D8A,0x858A,0x6C87,0x6C87,0x6487,0x64A7,0x6487,0x64A7,0x64A7,0x64A7,0x6486,0x5C46,0x5C46,0x6CC8,0x6CC7,
  0x7D49,0x7D0B,0x19E2,0x3A66,0xF81F,0xF81F,0xF81F,0xF81F,0xF81F,0xF81F,0xF81F,0xF81F,0x19A2,0x11C1,0x53E7,0x53E6,
  0x5C47,0x6CA7,0x7509,0x6CC9,0x4364,0x43A4,0x5405,0x5425,0x5404,0x5424,0x5404,0x5404,0x5C24,0xA66C,0xB6AE,0xB6AE,
  0xB6AD,0xB6AD,0xB6AD,0xB6AD,0xB6AD,0xB6AD,0xC70F,0xE793,0xE774,0xE774,0xE794,0xDF94,0xDF93,0xDF93,0xDF93,0xDF93,
  0xDF94,0xDF94,0xDF94,0xDF93,0xDF93,0xC710,0xB6AD,0xB6AD,0xB6AD,0xB6AD,0xB6AD,0xB6AD,0xAEAD,0xAEAD,0xAEAE,0x5C44,
  0x5404,0x5404,0x5404,0x5405,0x5405,0x5405,0x4BE4,0x43C3,0x7508,0x7D6A,0x5406,0x4BC5,0x6468,0x5C29,0x19C2,0x3A47,
  0xF81F,0xF81F,0xF81F,0xF81F,0xF81F,0xF81F,0xF81F,0xF81F,0x1983,0x11C1,0x4BA7,0x53C7,0x4364,0x5405,0x7508,0x6CC8,
  0x4385,0x4BE5,0x7D6A,0x8DCA,0x8DCA,0x8DC9,0x8DC9,0x8DCA,0x8DC9,0x95EA,0x9E0A,0xB6CD,0xB6AD,0xB6AD,0xB6AD,0xB6AC,
  0xB6AC,0xB6AC,0xBEAD,0xC6AF,0xDF12,0xE773,0xC6F0,0xBE8E,0xBEAE,0xBEAE,0xBEAE,0xBEAE,0xBEAE,0xBEAF,0xBEAE,0xBEAE,
  0xBECE,0xB6CD,0xB6AC,0xB6AD,0xB6AD,0xB6AD,0xB6AD,0xB6AD,0xAEAC,0x9E2A,0x960A,0x8DC9,0x8DCA,0x8DCA,0x8DCA,0x8DCA,
  0x85AA,0x7509,0x5426,0x4383,0x7508,0x7D6A,0x53E6,0x4385,0x4BA6,0x4B67,0x1162,0x1943,0xF81F,0xF81F,0xF81F,0xF81F,
  0xF81F,0xF81F,0xF81F,0xF81F,0x1963,0x19A2,0x53A8,0x53C7,0x4365,0x53E5,0x7508,0x6CC8,0x4365,0x4BC5,0x7D6A,0x8DEA,
  0x960A,0x960A,0x960A,0x960A,0x960A,0x960A,0x9E0A,0xB6CD,0xB6CD,0xB6AD,0xB6AD,0xB6AD,0xB6AC,0xB6AC,0xB6AC,0xBE6D,
  0xD711,0xE793,0xC6CF,0xB68D,0xB6AC,0xAE8C,0xAE8C,0xB68D,0xB68D,0xB68D,0xB68D,0xB68D,0xB68D,0xB6AC,0xB6AC,0xB6AD,
  0xB6AD,0xB6AD,0xB6AD,0xB6AC,0xB6AD,0x9E0A,0x95E9,0x9609,0x960A,0x960A,0x960A,0x960A,0x8DA9,0x7508,0x5406,0x3B43,
  0x6CE8,0x7D4A,0x4BC5,0x4365,0x3B46,0x4307,0x1983,0x1963,0xF81F,0xF81F,0xF81F,0xF81F,0xF81F,0xF81F,0xF81F,0xF81F,
  0xF81F,0xF81F,0x19E2,0x2A83,0x5C28,0x6487,0x74E7,0x6CC7,0x4365,0x4B84,0x6486,0x8569,0x960A,0x9609,0x95E9,0x9DEA,
  0x960A,0x95EA,0x9E0A,0xB6CD,0xB6AD,0xB6AD,0xB6AD,0xB6AD,0xB6AC,0xAEAC,0xB6AC,0xB68D,0xD731,0xE7B3,0xC6CE,0xB68D,
  0xB6AC,0xAEAC,0xB6AC,0xB68C,0xAEAC,0xAEAC,0xB6AC,0xB6AD,0xB6AD,0xB6AD,0xAEAD,0xB6AD,0xB6AD,0xB6AD,0xB6AD,0xB6AD,
  0xAEAD,0x9E0A,0x9E09,0x95E9,0x960A,0x95E9,0x960A,0x960A,0x8DA9,0x74E7,0x53E6,0x3B44,0x6CC8,0x7D29,0x6488,0x5C49,
  0x1A22,0x19C3,0xF81F,0xF81F,0xF81F,0xF81F,0xF81F,0xF81F,0xF81F,0xF81F,0xF81F,0xF81F,0xF81F,0xF81F,0x19A2,0x2242,
  0x6448,0x6C87,0x6CC7,0x6CC8,0x4365,0x4384,0x6466,0x8569,0x960A,0x9609,0x9E0A,0x9DEA,0x9609,0x960A,0x9E0A,0xB6AD,
  0xB6AD,0xB6AD,0xB6AD,0xB6AD,0xB6AD,0xB6AC,0xB6AC,0xB68C,0xCF0F,0xDFB1,0xBEEE,0xAE8C,0xB6AC,0xAE8C,0xAE8C,0xB6AC,
  0xB6AC,0xAEAC,0xB6AC,0xB6AC,0xB6AC,0xB6AC,0xB6AD,0xB6AC,0xB6AC,0xB6AC,0xB6AC,0xAEAC,0xAEAC,0x9E0A,0x9609,0x960A,
  0x960A,0x9609,0x9609,0x9E0A,0x8DA9,0x6CC8,0x53C6,0x3B24,0x6CC8,0x7528,0x6487,0x646A,0x2202,0x21A3,0xF81F,0xF81F,
  0xF81F,0xF81F,0xF81F,0xF81F,0xF81F,0xF81F,0xF81F,0xF81F,0xF81F,0xF81F,0x1182,0x2222,0x6448,0x6487,0x74E8,0x6CC8,
  0x4364,0x43A4,0x6466,0x8569,0x960A,0x9609,0x9609,0x9E0A,0x960A,0x960A,0x960A,0x9E0A,0xA62B,0xB6AD,0xB6AD,0xB6AD,
  0xB6AD,0xB6AD,0xB6AC,0xB6AD,0xB68D,0xB6AD,0xAE8C,0xB6AC,0xB6AC,0xB6AC,0xB6AC,0xAEAC,0xAEAC,0xB6AC,0xB6AC,0xB6AC,
  0xB6AC,0xB6AC,0xB6AC,0xB6AC,0xB6AC,0xB6AC,0xAEAC,0x9E2A,0x960A,0x95E9,0x9609,0x960A,0x960A,0x9609,0x9609,0x9E0B,
  0x8D8A,0x6CA7,0x53E6,0x3B43,0x6CC7,0x7D29,0x6488,0x646A,0x1A02,0x19A3,0xF81F,0xF81F,0xF81F,0xF81F,0xF81F,0xF81F,
  0xF81F,0xF81F,0xF81F,0xF81F,0xF81F,0xF81F,0x1162,0x2223,0x5C08,0x6467,0x74E7,0x6CC7,0x4BC4,0x4BE5,0x5C26,0x7D48,
  0x8DCA,0x95EA,0x95E9,0x9E0A,0x960A,0x960A,0x960A,0x9DEA,0x9E0A,0xB6AD,0xB6AD,0xB6AD,0xB6AD,0xB6AD,0xB6AD,0xB6AD,
  0xB6AD,0xB6AC,0xAE8C,0xB6AC,0xB6AC,0xB6AC,0xB6AC,0xAEAC,0xAE8C,0xAE8C,0xAE8C,0xAE8C,0xAE8C,0xB6AC,0xB6AC,0xB6AC,
  0xB6AC,0xB6AC,0xAEAC,0x9E0A,0x95E9,0x95E9,0x9609,0x960A,0x960A,0x960A,0x960A,0x8DCA,0x8549,0x5C46,0x5406,0x4BC4,
  0x6CA7,0x7509,0x6468,0x5C49,0x1A02,0x19A3,0xF81F,0xF81F,0xF81F,0xF81F,0xF81F,0xF81F,0xF81F,0xF81F,0xF81F,0xF81F,
  0xF81F,0xF81F,0x1142,0x2203,0x4346,0x53E6,0x74E8,0x6CE7,0x6CC7,0x6488,0x4383,0x6486,0x7507,0x8DC9,0x960A,0x960A,
  0x960A,0x960A,0x95EA,0x95EA,0x9E0A,0xB6CD,0xB6AD,0xB6AD,0xB6AD,0xB6AD,0xB6AD,0xB6AD,0xB6AD,0xAEAC,0xB6AC,0xAEAC,
  0xAE8C,0xAEAC,0xAEAC,0xB6AC,0xAEAC,0xAE8C,0xAE8C,0xAE8C,0xAE8C,0xB6AC,0xB6AC,0xB6AC,0xB6AC,0xB6AC,0xAEAC,0x9E0A,
  0x960A,0x9609,0x9609,0x95EA,0x95EA,0x960A,0x8DC9,0x7508,0x6487,0x4384,0x6467,0x7509,0x6487,0x5C47,0x53E7,0x4B87,
  0x19E2,0x21C3,0xF81F,0xF81F,0xF81F,0xF81F,0xF81F,0xF81F,0xF81F,0xF81F,0xF81F,0xF81F,0xF81F,0xF81F,0x1983,0x3266,
  0x3AC5,0x4345,0x6CC8,0x6CE8,0x6CC7,0x6488,0x43A4,0x6466,0x74E7,0x8DA9,0x960A,0x95E9,0x960A,0x95EA,0x95EA,0x95EA,
  0x95EA,0xAE8C,0xAE6C,0xB68C,0xB6AC,0xB6AD,0xB6AD,0xAEAC,0xAEAC,0xAEAC,0xB6AC,0xB6AC,0xB6AC,0xB6AC,0xB6AC,0xAE8C,
  0xAE8C,0xAE8C,0xAE8C,0xAE8C,0xAE8C,0xAE8C,0xAE8C,0xAE8C,0xAEAC,0xAE8C,0xA66C,0x960A,0x95E9,0x9609,0x95E9,0x95EA,
  0x960A,0x960A,0x8DC9,0x74E8,0x6467,0x4384,0x6467,0x7529,0x6447,0x6448,0x4B66,0x4307,0x2A24,0x29E4,0xF81F,0xF81F,
  0xF81F,0xF81F,0xF81F,0xF81F,0xF81F,0xF81F,0xF81F,0xF81F,0xF81F,0xF81F,0xF81F,0xF81F,0x1161,0x2242,0x6CC9,0x6CC8,
  0x74E8,0x64A8,0x43A5,0x5C67,0x6CE7,0x8DCA,0x960A,0x95E9,0x960A,0x95EA,0x95EA,0x95EA,0x95E9,0x95E9,0x9E0A,0xB68C,
  0xB6AC,0xB6AD,0xB6AD,0xB6AD,0xB6AC,0xB6AC,0xB6AD,0xB6AD,0xB6AD,0xAE8C,0xAE8C,0xAE8C,0xAE8C,0xAE8C,0xAE8C,0xAE8C,
  0xAE8C,0xAE8C,0xAE8C,0xAE8C,0xAEAC,0x9E2A,0x95E9,0x95E9,0x95E9,0x9609,0x95EA,0x95EA,0x960A,0x960A,0x85A9,0x6CC8,
  0x5C48,0x43A5,0x6487,0x7D29,0x6467,0x5C28,0x2202,0x1141,0xF81F,0xF81F,0xF81F,0xF81F,0xF81F,0xF81F,0xF81F,0xF81F,
  0xF81F,0xF81F,0xF81F,0xF81F,0xF81F,0xF81F,0xF81F,0xF81F,0x1182,0x2222,0x5C48,0x5C67,0x6487,0x6468,0x43A4,0x5C46,
  0x6CC7,0x8589,0x8DC9,0x95E9,0x960A,0x95EA,0x95EA,0x95E9,0x95E9,0x95E9,0x95E9,0xB6AC,0xB6AD,0xB6AD,0xB6AD,0xB6AD,
  0xB6AC,0xB6AD,0xB6AD,0xB6AD,0xB6AD,0xB6AD,0xB6AD,0xB68D,0xB6AC,0xB6AC,0xAE8C,0xAE8C,0xB6AC,0xAE8C,0xAE8C,0xAEAC,
  0xAEAD,0x9E2A,0x95E9,0x95E9,0x95E9,0x95E9,0x95E9,0x960A,0x8DC9,0x8588,0x7D48,0x6CC8,0x5C48,0x4385,0x5C46,0x6CC8,
  0x5C47,0x5C09,0x2223,0x1963,0xF81F,0xF81F,0xF81F,0xF81F,0xF81F,0xF81F,0xF81F,0xF81F,0xF81F,0xF81F,0xF81F,0xF81F,
  0xF81F,0xF81F,0xF81F,0xF81F,0x1962,0x19E3,0x4B87,0x4BE7,0x5427,0x5C27,0x4384,0x5C47,0x6CC8,0x7508,0x7528,0x856A,
  0x960B,0x95EB,0x95EA,0x960A,0x95E9,0x95E9,0x95EA,0xAE8D,0xAE8D,0xAE8D,0xB6AD,0xB6AD,0xB6AD,0xB6AD,0xB6AD,0xB6AD,
  0xB6AD,0xB6AD,0xB6AD,0xAEAD,0xB6AD,0xB6AC,0xB6AC,0xB68D,0xAE8C,0xB68D,0xB68D,0xA64B,0x9E0A,0x9609,0x960A,0x95EA,
  0x95EA,0x95EA,0x960A,0x95EB,0x858A,0x74C8,0x6CC9,0x6467,0x5C27,0x4385,0x4BE5,0x4BE5,0x53E7,0x5BE9,0x2204,0x2144,
  0xF81F,0xF81F,0xF81F,0xF81F,0xF81F,0xF81F,0xF81F,0xF81F,0xF81F,0xF81F,0xF81F,0xF81F,0xF81F,0xF81F,0xF81F,0xF81F,
  0xF81F,0x5BAA,0x4367,0x4BA6,0x5406,0x5406,0x5426,0x53E6,0x4BE6,0x5406,0x5426,0x5C27,0x6467,0x6467,0x6466,0x7508,
  0x7D28,0x7D27,0x7D48,0x8548,0x8DA9,0x9E2A,0x9E2A,0x9E2A,0x9E2B,0x9E2B,0x9E2A,0x9E2A,0x9E2A,0x9E2A,0x9E0A,0x9E0A,
  0x9E2A,0x9E2A,0x9E2A,0x9E2A,0x9E0A,0x9E0A,0x9E0A,0x8DA9,0x8589,0x8588,0x8589,0x8589,0x8569,0x6CA7,0x6487,0x6467,
  0x5C47,0x53E6,0x53E6,0x4BC5,0x5406,0x5C47,0x5C67,0x5C47,0x3B45,0x4327,0x5329,0xF81F,0xF81F,0xF81F,0xF81F,0xF81F,
  0xF81F,0xF81F,0xF81F,0xF81F,0xF81F,0xF81F,0xF81F,0xF81F,0xF81F,0xF81F,0xF81F,0xF81F,0xF81F,0xF81F,0x11C2,0x1A42,
  0x4C07,0x5406,0x6CA8,0x53E6,0x4345,0x4365,0x4385,0x4384,0x4385,0x4B85,0x4384,0x6467,0x6CA7,0x6CA7,0x6CC7,0x6CC7,
  0x7D49,0x8DAA,0x8DCA,0x8DCA,0x8DCA,0x8DCA,0x8DCA,0x8DCA,0x8DCA,0x8DCA,0x8DCA,0x8DCA,0x8DCA,0x8DCA,0x8DCA,0x8DCA,
  0x8DCA,0x8DAA,0x8DAA,0x7D49,0x7D09,0x7508,0x7508,0x7509,0x74E9,0x4BC5,0x43A5,0x4BA4,0x43A4,0x43A4,0x4385,0x4365,
  0x4BE6,0x6CC8,0x64A8,0x6489,0x2222,0x19A2,0xF81F,0xF81F,0xF81F,0xF81F,0xF81F,0xF81F,0xF81F,0xF81F,0xF81F,0xF81F,
  0xF81F,0xF81F,0xF81F,0xF81F,0xF81F,0xF81F,0xF81F,0xF81F,0xF81F,0xF81F,0x0941,0x11C1,0x4BE8,0x5406,0x6CA8,0x53E6,
  0x4345,0x5408,0x6CC8,0x6CC7,0x6CC8,0x6CC8,0x6CE9,0x4BC5,0x4BA4,0x4BA5,0x4BC5,0x4BE5,0x5405,0x5425,0x5425,0x5405,
  0x5406,0x5425,0x5425,0x5425,0x5C45,0x5425,0x5C45,0x5425,0x5C25,0x5C25,0x5C25,0x5C25,0x5C25,0x5405,0x5405,0x53E5,
  0x53C5,0x4BC5,0x53C5,0x4BA5,0x4384,0x6CC8,0x6CE8,0x6CE8,0x6CC8,0x6CA8,0x5C48,0x3B45,0x4BA6,0x6487,0x6468,0x646A,
  0x21E2,0x1983,0xF81F,0xF81F,0xF81F,0xF81F,0xF81F,0xF81F,0xF81F,0xF81F,0xF81F,0xF81F,0xF81F,0xF81F,0xF81F,0xF81F,
  0xF81F,0xF81F,0xF81F,0xF81F,0xF81F,0xF81F,0x08E1,0x0961,0x32C5,0x3B44,0x6CA8,0x53E5,0x3B44,0x5C07,0x7509,0x6D06,
  0x7507,0x7528,0x7508,0x4383,0x4384,0x4364,0x4384,0x4384,0x4BA4,0x4BA4,0x4BA4,0x4BA4,0x4BA4,0x4BA4,0x4BC4,0x4BC4,
  0x4BC4,0x4BC4,0x4BC4,0x4BC4,0x4BC4,0x4BA4,0x4BA3,0x4BA4,0x4BA4,0x4BA4,0x4BA4,0x4B83,0x4B83,0x4363,0x4384,0x4363,
  0x3B43,0x6CC8,0x7507,0x6D07,0x6CE8,0x6CC9,0x5C47,0x3B23,0x4BA5,0x6CA8,0x5407,0x53C9,0x19A3,0x1943,0xF81F,0xF81F,
  0xF81F,0xF81F,0xF81F,0xF81F,0xF81F,0xF81F,0xF81F,0xF81F,0xF81F,0xF81F,0xF81F,0xF81F,0xF81F,0xF81F,0xF81F,0xF81F,
  0xF81F,0xF81F,0xF81F,0xF81F,0x19E3,0x2AC3,0x6CA8,0x6466,0x5C67,0x4BC6,0x4BA5,0x5C66,0x7507,0x7507,0x7528,0x6CA7,
  0x64A6,0x7508,0x7D49,0x858A,0x8589,0x8589,0x8589,0x8589,0x8589,0x8589,0x8DCA,0x960B,0x95EB,0x95EB,0x95EB,0x95EB,
  0x8589,0x8589,0x8589,0x8589,0x8589,0x8589,0x8589,0x8589,0x8569,0x8569,0x7D49,0x6487,0x6486,0x7507,0x7527,0x7508,
  0x6488,0x4BA5,0x4BC5,0x5C67,0x5C66,0x6468,0x32E4,0x19C2,0x7CB0,0xF81F,0xF81F,0xF81F,0xF81F,0xF81F,0xF81F,0xF81F,
  0xF81F,0xF81F,0xF81F,0xF81F,0xF81F,0xF81F,0xF81F,0xF81F,0xF81F,0xF81F,0xF81F,0xF81F,0xF81F,0xF81F,0xF81F,0xF81F,
  0x19E3,0x2AA3,0x6488,0x64A7,0x64A8,0x4386,0x3B24,0x5C46,0x7507,0x7527,0x7527,0x7527,0x7507,0x8588,0x8DEA,0x9E2A,
  0x9E2A,0x9E2A,0x9E0A,0x9E0A,0x962A,0x9E0A,0xA64B,0xAE8C,0xAE8C,0xAEAC,0xAE8C,0xAE8C,0x960A,0x960A,0x960A,0x9E0A,
  0x9E0A,0x9E0A,0x9E0A,0x960A,0x960B,0x95EA,0x8DCA,0x74E7,0x7507,0x7507,0x7527,0x7508,0x6488,0x4365,0x4BA5,0x6CA7,
  0x6486,0x5C27,0x3283,0x19A2,0x9D53,0xF81F,0xF81F,0xF81F,0xF81F,0xF81F,0xF81F,0xF81F,0xF81F,0xF81F,0xF81F,0xF81F,
  0xF81F,0xF81F,0xF81F,0xF81F,0xF81F,0xF81F,0xF81F,0xF81F,0xF81F,0xF81F,0xF81F,0xADF5,0x1182,0x1A22,0x53E6,0x6487,
  0x6468,0x4366,0x3B24,0x5C47,0x7508,0x7528,0x7527,0x7527,0x7527,0x7527,0x8568,0x9E2B,0x9E2A,0x9E0A,0x9E0A,0x9E0A,
  0x960A,0x960A,0x9E0A,0x9E2A,0x9E0A,0x9E2B,0x9E2A,0x9E0A,0x960A,0x960A,0x960A,0x9E0A,0x9E0A,0x9E0A,0x9E0A,0x960A,
  0x960B,0x8568,0x7D27,0x7507,0x7508,0x7507,0x7527,0x7508,0x6488,0x4365,0x4BC6,0x6CA8,0x64A7,0x6469,0x2A83,0x1982,
  0x9512,0xF81F,0xF81F,0xF81F,0xF81F,0xF81F,0xF81F,0xF81F,0xF81F,0xF81F,0xF81F,0xF81F,0xF81F,0xF81F,0xF81F,0xF81F,
  0xF81F,0xF81F,0xF81F,0xF81F,0xF81F,0xF81F,0xF81F,0xF81F,0x1983,0x2A44,0x53C7,0x6448,0x6468,0x4366,0x3B24,0x5C27,
  0x7508,0x7508,0x7528,0x7527,0x7527,0x7527,0x7D68,0x960A,0x9E0A,0x9E0A,0x9E0A,0x9E0A,0x960A,0x960A,0x960A,0x960A,
  0x960A,0x960A,0x960A,0x960A,0x960A,0x960A,0x960A,0x960A,0x9E0A,0x9E0A,0x9E0A,0x960A,0x960B,0x8568,0x7507,0x7507,
  0x7507,0x7507,0x7508,0x74E9,0x6468,0x4345,0x4BA6,0x6489,0x6468,0x5C09,0x2A64,0x1943,0xA554,0xF81F,0xF81F,0xF81F,
  0xF81F,0xF81F,0xF81F,0xF81F,0xF81F,0xF81F,0xF81F,0xF81F,0xF81F,0xF81F,0xF81F,0xF81F,0xF81F,0xF81F,0xF81F,0xF81F,
  0xF81F,0xF81F,0xF81F,0xF81F,0xF81F,0x9DB2,0x19E1,0x3B04,0x5C28,0x4366,0x3B04,0x4385,0x53E5,0x7508,0x7508,0x7527,
  0x7527,0x7527,0x7527,0x7527,0x8D88,0x9E0A,0x9E0A,0x960A,0x960A,0x960A,0x95EA,0x960A,0x960A,0x95EA,0x960A,0x95EA,
  0x960A,0x960A,0x960A,0x95EA,0x960A,0x960A,0x9E0A,0x8589,0x7D27,0x7507,0x7507,0x7507,0x7507,0x7508,0x7509,0x53E6,
  0x4BA6,0x4345,0x4365,0x4B86,0x3B05,0x11A1,0x6C0C,0x9D53,0xF81F,0xF81F,0xF81F,0xF81F,0xF81F,0xF81F,0xF81F,0xF81F,
  0xF81F,0xF81F,0xF81F,0xF81F,0xF81F,0xF81F,0xF81F,0xF81F,0xF81F,0xF81F,0xF81F,0xF81F,0xF81F,0xF81F,0xF81F,0xF81F,
  0xF81F,0xA5F4,0x1182,0x32A4,0x53E8,0x4BA6,0x4BA6,0x4345,0x4384,0x74E9,0x6CC8,0x7508,0x7527,0x7527,0x7527,0x7527,
  0x8588,0x95EA,0x960A,0x960A,0x960A,0x960A,0x95EA,0x960A,0x960A,0x95EA,0x960A,0x960A,0x960A,0x960A,0x960A,0x960A,
  0x960A,0x95EA,0x95CA,0x8569,0x7D27,0x7527,0x7507,0x7508,0x7508,0x6CE8,0x6CC9,0x4BA6,0x4B86,0x4386,0x4386,0x4B87,
  0x32C6,0x1141,0x5B6B,0xF81F,0xF81F,0xF81F,0xF81F,0xF81F,0xF81F,0xF81F,0xF81F,0xF81F,0xF81F,0xF81F,0xF81F,0xF81F,
  0xF81F,0xF81F,0xF81F,0xF81F,0xF81F,0xF81F,0xF81F,0xF81F,0xF81F,0xF81F,0xF81F,0xF81F,0xF81F,0xF81F,0x1162,0x2244,
  0x4346,0x4BC7,0x5C48,0x3B24,0x4345,0x4364,0x4363,0x7508,0x7508,0x7527,0x7527,0x7527,0x7527,0x7D47,0x95E9,0x960A,
  0x960A,0x960A,0x960A,0x960A,0x960A,0x960A,0x960A,0x960A,0x95EA,0x960A,0x95EA,0x960A,0x960B,0x8568,0x74E7,0x7507,
  0x7507,0x7507,0x7508,0x7508,0x74E9,0x4BC5,0x4BC5,0x4366,0x4365,0x6468,0x5C28,0x4367,0x3286,0x1122,0x6BAC,0xF81F,
  0xF81F,0xF81F,0xF81F,0xF81F,0xF81F,0xF81F,0xF81F,0xF81F,0xF81F,0xF81F,0xF81F,0xF81F,0xF81F,0xF81F,0xF81F,0xF81F,
  0xF81F,0xF81F,0xF81F,0xF81F,0xF81F,0xF81F,0xF81F,0xF81F,0xF81F,0xF81F,0x21C4,0x3285,0x3B05,0x43A6,0x5428,0x4386,
  0x4345,0x4365,0x4364,0x6CA8,0x7508,0x7528,0x7527,0x7527,0x7527,0x7D27,0x8588,0x960A,0x960A,0x960A,0x960A,0x960A,
  0x960A,0x960A,0x960A,0x960A,0x95EA,0x960A,0x95EA,0x95CA,0x8DA9,0x7D28,0x74E7,0x74E7,0x7507,0x7507,0x7508,0x6CE8,
  0x6CA8,0x4BC6,0x4BE6,0x4366,0x4365,0x6468,0x5C27,0x3B06,0x32A7,0x3226,0xF81F,0xF81F,0xF81F,0xF81F,0xF81F,0xF81F,
  0xF81F,0xF81F,0xF81F,0xF81F,0xF81F,0xF81F,0xF81F,0xF81F,0xF81F,0xF81F,0xF81F,0xF81F,0xF81F,0xF81F,0xF81F,0xF81F,
  0xF81F,0xF81F,0xF81F,0xF81F,0xF81F,0xF81F,0xF81F,0x5369,0x11C2,0x3305,0x5C28,0x5C08,0x4BA6,0x6449,0x6468,0x4BA5,
  0x5C46,0x7509,0x7508,0x7529,0x7508,0x7528,0x7D68,0x960A,0x960A,0x960A,0x960A,0x960A,0x960A,0x960A,0x960A,0x960A,
  0x960A,0x960A,0x960A,0x8DA9,0x7507,0x74E8,0x74E8,0x7508,0x7508,0x7508,0x7509,0x5C47,0x4BA5,0x53E6,0x5406,0x5407,
  0x4BC6,0x5428,0x4346,0x11A1,0x4B08,0xF81F,0xF81F,0xF81F,0xF81F,0xF81F,0xF81F,0xF81F,0xF81F,0xF81F,0xF81F,0xF81F,
  0xF81F,0xF81F,0xF81F,0xF81F,0xF81F,0xF81F,0xF81F,0xF81F,0xF81F,0xF81F,0xF81F,0xF81F,0xF81F,0xF81F,0xF81F,0xF81F,
  0xF81F,0xF81F,0xF81F,0xF81F,0x1182,0x32A5,0x53E8,0x53E7,0x4BA5,0x5C48,0x6468,0x4BA5,0x4BC5,0x5C27,0x5C47,0x5C68,
  0x5C67,0x5C47,0x74E8,0x858A,0x8589,0x8589,0x8569,0x8569,0x8569,0x8569,0x8569,0x8569,0x8569,0x8589,0x858A,0x7D49,
  0x6CE8,0x5C47,0x5406,0x5C26,0x5C27,0x5C26,0x5C27,0x53E6,0x4BC5,0x5C47,0x5C27,0x5427,0x4BC7,0x4BA8,0x32C6,0x1121,
  0x3246,0xF81F,0xF81F,0xF81F,0xF81F,0xF81F,0xF81F,0xF81F,0xF81F,0xF81F,0xF81F,0xF81F,0xF81F,0xF81F,0xF81F,0xF81F,
  0xF81F,0xF81F,0xF81F,0xF81F,0xF81F,0xF81F,0xF81F,0xF81F,0xF81F,0xF81F,0xF81F,0xF81F,0xF81F,0xF81F,0xF81F,0xF81F,
  0xF81F,0x42E7,0x1A02,0x3325,0x4385,0x5407,0x5428,0x4385,0x4365,0x4365,0x4365,0x4BA6,0x4B85,0x4B85,0x5C27,0x6CC9,
  0x6CE8,0x74E8,0x74C9,0x6CC8,0x6CC9,0x6CC8,0x6CC8,0x6CC8,0x6CC8,0x6CC8,0x6CE8,0x6CC9,0x64A8,0x4385,0x3B24,0x4365,
  0x4385,0x4385,0x4385,0x4BC5,0x53E6,0x5C68,0x5C48,0x4BC7,0x3305,0x19E2,0x42E8,0x6BED,0xF81F,0xF81F,0xF81F,0xF81F,
  0xF81F,0xF81F,0xF81F,0xF81F,0xF81F,0xF81F,0xF81F,0xF81F,0xF81F,0xF81F,0xF81F,0xF81F,0xF81F,0xF81F,0xF81F,0xF81F,
  0xF81F,0xF81F,0xF81F,0xF81F,0xF81F,0xF81F,0xF81F,0xF81F,0xF81F,0xF81F,0xF81F,0xF81F,0xF81F,0x3225,0x1181,0x2AA5,
  0x3305,0x43A7,0x4BA6,0x5407,0x5426,0x5426,0x5C26,0x6CA8,0x6468,0x4BA5,0x4BC6,0x4BC6,0x4BE6,0x53E6,0x53E6,0x53E6,
  0x53E6,0x53E6,0x53E6,0x53E6,0x53E6,0x53C7,0x4BC6,0x4BC6,0x4BC6,0x4BC6,0x4BE6,0x5406,0x5C27,0x5427,0x5427,0x4BC6,
  0x4BE6,0x4BE7,0x4C08,0x4387,0x32C6,0x19A3,0x3206,0xF81F,0xF81F,0xF81F,0xF81F,0xF81F,0xF81F,0xF81F,0xF81F,0xF81F,
  0xF81F,0xF81F,0xF81F,0xF81F,0xF81F,0xF81F,0xF81F,0xF81F,0xF81F,0xF81F,0xF81F,0xF81F,0xF81F,0xF81F,0xF81F,0xF81F,
  0xF81F,0xF81F,0xF81F,0xF81F,0xF81F,0xF81F,0xF81F,0xF81F,0xF81F,0xF81F,0x63EC,0x3AC7,0x09A2,0x3B06,0x32E4,0x5C27,
  0x5C87,0x5C86,0x64A6,0x7528,0x6CE8,0x53E5,0x53E6,0x4385,0x4365,0x4365,0x4364,0x4364,0x4364,0x4364,0x4364,0x4364,
  0x4365,0x4365,0x4365,0x4364,0x4364,0x4C05,0x64A7,0x64A7,0x6CC7,0x64A7,0x6488,0x4BC6,0x4BC7,0x3305,0x3306,0x19E2,
  0x3A87,0x7C4F,0xF81F,0xF81F,0xF81F,0xF81F,0xF81F,0xF81F,0xF81F,0xF81F,0xF81F,0xF81F,0xF81F,0xF81F,0xF81F,0xF81F,
  0xF81F,0xF81F,0xF81F,0xF81F,0xF81F,0xF81F,0xF81F,0xF81F,0xF81F,0xF81F,0xF81F,0xF81F,0xF81F,0xF81F,0xF81F,0xF81F,
  0xF81F,0xF81F,0xF81F,0xF81F,0xF81F,0xF81F,0xF81F,0x4AE9,0x21C4,0x32A6,0x2AA4,0x53E7,0x5427,0x5446,0x5446,0x6487,
  0x6487,0x6467,0x6487,0x5C67,0x6487,0x7509,0x7509,0x7509,0x7509,0x7509,0x7509,0x7509,0x7509,0x7509,0x6488,0x5C47,
  0x5C47,0x5C66,0x64A7,0x64A6,0x64A7,0x5C46,0x5407,0x4BA7,0x4BA8,0x2284,0x2A85,0x19A3,0x4AC9,0xF81F,0xF81F,0xF81F,
  0xF81F,0xF81F,0xF81F,0xF81F,0xF81F,0xF81F,0xF81F,0xF81F,0xF81F,0xF81F,0xF81F,0xF81F,0xF81F,0xF81F,0xF81F,0xF81F,
  0xF81F,0xF81F,0xF81F,0xF81F,0xF81F,0xF81F,0xF81F,0xF81F,0xF81F,0xF81F,0xF81F,0xF81F,0xF81F,0xF81F,0xF81F,0xF81F,
  0xF81F,0xF81F,0xF81F,0xF81F,0xA5B4,0x1983,0x1181,0x4B87,0x53E7,0x4C07,0x4BE7,0x5C48,0x5C68,0x6488,0x6487,0x6486,
  0x6CC7,0x8569,0x8569,0x8569,0x8569,0x8569,0x8569,0x8569,0x8568,0x8589,0x6CC6,0x6487,0x6487,0x6487,0x6487,0x6488,
  0x64A9,0x5407,0x4386,0x43A7,0x3B46,0x0980,0x1141,0x742E,0xF81F,0xF81F,0xF81F,0xF81F,0xF81F,0xF81F,0xF81F,0xF81F,
  0xF81F,0xF81F,0xF81F,0xF81F,0xF81F,0xF81F,0xF81F,0xF81F,0xF81F,0xF81F,0xF81F,0xF81F,0xF81F,0xF81F,0xF81F,0xF81F,
  0xF81F,0xF81F,0xF81F,0xF81F,0xF81F,0xF81F,0xF81F,0xF81F,0xF81F,0xF81F,0xF81F,0xF81F,0xF81F,0xF81F,0xF81F,0xF81F,
  0xF81F,0x1963,0x1162,0x4B48,0x4367,0x43C7,0x43C6,0x5427,0x5427,0x5447,0x5446,0x5C87,0x6486,0x6CE7,0x6CC7,0x6CC7,
  0x6CE7,0x6CE7,0x6CE7,0x6CE7,0x6CE8,0x6CE8,0x64A7,0x64A7,0x6487,0x6487,0x5C67,0x5C47,0x5C48,0x4BE7,0x43A7,0x3B47,
  0x4307,0x1982,0x2123,0xF81F,0xF81F,0xF81F,0xF81F,0xF81F,0xF81F,0xF81F,0xF81F,0xF81F,0xF81F,0xF81F,0xF81F,0xF81F,
  0xF81F,0xF81F,0xF81F,0xF81F,0xF81F,0xF81F,0xF81F,0xF81F,0xF81F,0xF81F,0xF81F,0xF81F,0xF81F,0xF81F,0xF81F,0xF81F,
  0xF81F,0xF81F,0xF81F,0xF81F,0xF81F,0xF81F,0xF81F,0xF81F,0xF81F,0xF81F,0xF81F,0xF81F,0xF81F,0xF81F,0xF81F,0x2A05,
  0x0981,0x3B46,0x4387,0x53E8,0x4BE7,0x4BE6,0x4C06,0x64A7,0x6487,0x6487,0x6487,0x6487,0x6487,0x64A7,0x64A7,0x64A7,
  0x64A7,0x64A7,0x6487,0x6487,0x6487,0x5C67,0x6488,0x5407,0x5408,0x4BE8,0x4BA8,0x19E3,0x21C3,0xF81F,0xF81F,0xF81F,
  0xF81F,0xF81F,0xF81F,0xF81F,0xF81F,0xF81F,0xF81F,0xF81F,0xF81F,0xF81F,0xF81F,0xF81F,0xF81F,0xF81F,0xF81F,0xF81F,
  0xF81F,0xF81F,0xF81F,0xF81F,0xF81F,0xF81F,0xF81F,0xF81F,0xF81F,0xF81F,0xF81F,0xF81F,0xF81F,0xF81F,0xF81F,0xF81F,
  0xF81F,0xF81F,0xF81F,0xF81F,0xF81F,0xF81F,0xF81F,0xF81F,0xF81F,0xF81F,0xF81F,0xF81F,0x4B49,0x19E2,0x1A23,0x2263,
  0x2AA4,0x4386,0x4BE7,0x5C67,0x5446,0x5C67,0x5C67,0x5C67,0x5C67,0x5C67,0x5C67,0x5C68,0x5C67,0x5C67,0x5C67,0x5C67,
  0x5C47,0x4BC6,0x4BC6,0x2AC4,0x2AA4,0x2A85,0x2A44,0x42A7,0x4AA9,0xF81F,0xF81F,0xF81F,0xF81F,0xF81F,0xF81F,0xF81F,
  0xF81F,0xF81F,0xF81F,0xF81F,0xF81F,0xF81F,0xF81F,0xF81F,0xF81F,0xF81F,0xF81F,0xF81F,0xF81F,0xF81F,0xF81F,0xF81F,
  0xF81F,0xF81F,0xF81F,0xF81F,0xF81F,0xF81F,0xF81F,0xF81F,0xF81F,0xF81F,0xF81F,0xF81F,0xF81F,0xF81F,0xF81F,0xF81F,
  0xF81F,0xF81F,0xF81F,0xF81F,0xF81F,0xF81F,0xF81F,0xF81F,0xF81F,0x1141,0x1161,0x1181,0x2243,0x4BA8,0x43A7,0x4BC6,
  0x4BC6,0x4BC6,0x43C6,0x43C6,0x43C6,0x4BE6,0x4BE6,0x4BE6,0x4BE6,0x4BE6,0x4BE6,0x4BE7,0x53E7,0x4387,0x4367,0x2244,
  0x19E3,0x19C3,0x1163,0x9532,0xF81F,0xF81F,0xF81F,0xF81F,0xF81F,0xF81F,0xF81F,0xF81F,0xF81F,0xF81F,0xF81F,0xF81F,
  0xF81F,0xF81F,0xF81F,0xF81F,0xF81F,0xF81F,0xF81F,0xF81F,0xF81F,0xF81F,0xF81F,0xF81F,0xF81F,0xF81F,0xF81F,0xF81F,
  0xF81F,0xF81F,0xF81F,0xF81F,0xF81F,0xF81F,0xF81F,0xF81F,0xF81F,0xF81F,0xF81F,0xF81F,0xF81F,0xF81F,0xF81F,0xF81F,
  0xF81F,0xF81F,0xF81F,0xF81F,0xF81F,0xF81F,0x42A8,0x536A,0x4308,0x2204,0x2244,0x2263,0x32E5,0x4BA7,0x4BC6,0x4BC6,
  0x4BC7,0x4BC7,0x4BC7,0x4BC7,0x4BC7,0x4BC7,0x4BC7,0x4B87,0x2A84,0x2A64,0x2A65,0x3AA7,0x4B09,0x42A8,0x3A27,0xF81F,
  0xF81F,0xF81F,0xF81F,0xF81F,0xF81F,0xF81F,0xF81F,0xF81F,0xF81F,0xF81F,0xF81F,0xF81F,0xF81F,0xF81F,0xF81F,0xF81F,
  0xF81F,0xF81F,0xF81F,0xF81F,0xF81F,0xF81F,0xF81F,0xF81F,0xF81F,0xF81F,0xF81F,0xF81F,0xF81F,0xF81F,0xF81F,0xF81F,
  0xF81F,0xF81F,0xF81F,0xF81F,0xF81F,0xF81F,0xF81F,0xF81F,0xF81F,0xF81F,0xF81F,0xF81F,0xF81F,0xF81F,0xF81F,0xF81F,
  0xF81F,0xF81F,0xF81F,0xF81F,0xF81F,0x0901,0x0942,0x0961,0x2A44,0x4BA9,0x4BA8,0x4BC8,0x4BC8,0x4BC8,0x4BC8,0x4BC8,
  0x4BC8,0x53E8,0x53C9,0x4327,0x1161,0x1162,0x1122,0xF81F,0xF81F,0xF81F,0xF81F,0xF81F,0xF81F,0xF81F,0xF81F,0xF81F,
  0xF81F,0xF81F,0xF81F,0xF81F,0xF81F,0xF81F,0xF81F,0xF81F,0xF81F,0xF81F,0xF81F,0xF81F,0xF81F,0xF81F,0xF81F,0xF81F,
  0xF81F,0xF81F,0xF81F,0xF81F,0xF81F,0xF81F,0xF81F,0xF81F,0xF81F,0xF81F,0xF81F,0xF81F,0xF81F,0xF81F,0xF81F,0xF81F,
  0xF81F,0xF81F,0xF81F,0xF81F,0xF81F,0xF81F,0xF81F,0xF81F,0xF81F,0xF81F,0xF81F,0xF81F,0xF81F,0xF81F,0xF81F,0xF81F,
  0xF81F,0xF81F,0xF81F,0xF81F,0x3287,0x19E3,0x19E3,0x19E3,0x19E3,0x1A03,0x1A03,0x1A03,0x1A03,0x1A03,0x2203,0x4B29,
  0xF81F,0xF81F,0xF81F,0xF81F,0xF81F,0xF81F,0xF81F,0xF81F,0xF81F,0xF81F,0xF81F,0xF81F,0xF81F,0xF81F,0xF81F,0xF81F,
  0xF81F,0xF81F,0xF81F,0xF81F,0xF81F,0xF81F,0xF81F,0xF81F,0xF81F,0xF81F,0xF81F,0xF81F,0xF81F,0xF81F,0xF81F,0xF81F,
  0xF81F,0xF81F,0xF81F,0xF81F,0xF81F,0xF81F,0xF81F,0xF81F,0xF81F,0xF81F,0xF81F,0xF81F,0xF81F,0xF81F,0xF81F,0xF81F,
  0xF81F,0xF81F,0xF81F,0xF81F,0xF81F,0xF81F,0xF81F,0xF81F,0xF81F,0xF81F,0xF81F,0xF81F,0xF81F,0xF81F,0xF81F,0xF81F,
  0xF81F,0x1963,0x21C4,0x21C4,0x21C4,0x21C4,0x21C4,0x21E5,0x2A05,0x21E4,0x29E5,0x52EA,0xF81F,0xF81F,0xF81F,0xF81F,
  0xF81F,0xF81F,0xF81F,0xF81F,0xF81F,0xF81F,0xF81F,0xF81F,0xF81F,0xF81F,0xF81F,0xF81F,0xF81F,0xF81F,0xF81F,0xF81F,
  0xF81F,0xF81F,0xF81F,0xF81F,0xF81F,0xF81F,0xF81F,0xF81F,0xF81F,0xF81F,0xF81F,0xF81F,
};
static const RigPart RIG_ABDOMEN = { RIG_ABDOMEN_PX, 76, 117, 38.00f, 5.89f };

static const uint16_t RIG_ARM_PX[3575] = {
  0xF81F,0xF81F,0xF81F,0xF81F,0xF81F,0xF81F,0xF81F,0xF81F,0xF81F,0xF81F,0xF81F,0xF81F,0xF81F,0xF81F,0xF81F,0xF81F,
  0xF81F,0xF81F,0xF81F,0xF81F,0xF81F,0xF81F,0xF81F,0xF81F,0xF81F,0xF81F,0xF81F,0xF81F,0xF81F,0xF81F,0xF81F,0xF81F,
  0xF81F,0xF81F,0xF81F,0xF81F,0xF81F,0xF81F,0xF81F,0xF81F,0xF81F,0xF81F,0x2A05,0x2A25,0x2A05,0x2A25,0x2A25,0x2A45,
  0x2A45,0x2A45,0x5B8B,0xF81F,0xF81F,0xF81F,0xF81F,0xF81F,0xF81F,0xF81F,0xF81F,0xF81F,0xF81F,0xF81F,0xF81F,0xF81F,
  0xF81F,0xF81F,0xF81F,0xF81F,0xF81F,0xF81F,0xF81F,0xF81F,0xF81F,0xF81F,0xF81F,0xF81F,0xF81F,0xF81F,0xF81F,0xF81F,
  0xF81F,0xF81F,0xF81F,0xF81F,0xF81F,0xF81F,0xF81F,0xF81F,0xF81F,0xF81F,0xF81F,0xF81F,0xF81F,0xF81F,0xF81F,0xF81F,
  0xF81F,0x00E0,0x0100,0x0100,0x0120,0x0941,0x0961,0x0941,0x0941,0x3AC7,0xF81F,0xF81F,0xF81F,0xF81F,0xF81F,0xF81F,
  0xF81F,0xF81F,0xF81F,0xF81F,0xF81F,0xF81F,0xF81F,0xF81F,0xF81F,0xF81F,0xF81F,0xF81F,0xF81F,0xF81F,0xF81F,0xF81F,
  0xF81F,0xF81F,0xF81F,0xF81F,0xF81F,0xF81F,0xF81F,0xF81F,0xF81F,0xF81F,0xF81F,0xF81F,0xF81F,0xF81F,0xF81F,0xF81F,
  0xF81F,0xF81F,0xF81F,0xF81F,0x3A87,0x3AA8,0x3AA7,0x4328,0x852E,0x854E,0x856E,0x8D8E,0x8DAE,0x8DAE,0x7D2C,0x7D2D,
  0x5BEA,0x3AA7,0x42E8,0xF81F,0xF81F,0xF81F,0xF81F,0xF81F,0xF81F,0xF81F,0xF81F,0xF81F,0xF81F,0xF81F,0xF81F,0xF81F,
  0xF81F,0xF81F,0xF81F,0xF81F,0xF81F,0xF81F,0xF81F,0xF81F,0xF81F,0xF81F,0xF81F,0xF81F,0xF81F,0xF81F,0xF81F,0xF81F,
  0xF81F,0xF81F,0xF81F,0xF81F,0xF81F,0xF81F,0xF81F,0xF81F,0xF81F,0xF81F,0x9DD4,0x0100,0x0981,0x0960,0x2222,0x95CE,
  0xA62F,0xA64F,0xAE91,0xAEB0,0xAED0,0x8DCC,0x8DEE,0x5428,0x0980,0x0940,0xF81F,0xF81F,0xF81F,0xF81F,0xF81F,0xF81F,
  0xF81F,0xF81F,0xF81F,0xF81F,0xF81F,0xF81F,0xF81F,0xF81F,0xF81F,0xF81F,0xF81F,0xF81F,0xF81F,0xF81F,0xF81F,0xF81F,
  0xF81F,0xF81F,0xF81F,0xF81F,0xF81F,0xF81F,0xF81F,0xF81F,0xF81F,0xF81F,0xF81F,0xF81F,0xF81F,0xF81F,0xF81F,0xF81F,
  0x42E8,0x536A,0x5C2A,0x5C28,0x9E0F,0xA60F,0xCF33,0xD773,0xD773,0xD794,0xCF73,0xBF51,0xA6AF,0x9EAE,0x8E2D,0x750A,
  0x7D0D,0x32A5,0x5BAB,0xF81F,0xF81F,0xF81F,0xF81F,0xF81F,0xF81F,0xF81F,0xF81F,0xF81F,0xF81F,0xF81F,0xF81F,0xF81F,
  0xF81F,0xF81F,0xF81F,0xF81F,0xF81F,0xF81F,0xF81F,0xF81F,0xF81F,0xF81F,0xF81F,0xF81F,0xF81F,0xF81F,0xF81F,0xF81F,
  0xF81F,0xF81F,0xF81F,0xF81F,0xF81F,0xF81F,0x95B2,0x00E0,0x11A1,0x856C,0x856B,0xCF52,0xD732,0xEFB5,0xEFD5,0xEFB5,
  0xE7F6,0xD793,0xC772,0xA66E,0xA68E,0x9E6D,0x8DCC,0x95CE,0x1180,0x3AA7,0xF81F,0xF81F,0xF81F,0xF81F,0xF81F,0xF81F,
  0xF81F,0xF81F,0xF81F,0xF81F,0xF81F,0xF81F,0xF81F,0xF81F,0xF81F,0xF81F,0xF81F,0xF81F,0xF81F,0xF81F,0xF81F,0xF81F,
  0xF81F,0xF81F,0xF81F,0xF81F,0xF81F,0xF81F,0xF81F,0xF81F,0xF81F,0xF81F,0xF81F,0xF81F,0x21E4,0x3AA6,0x4346,0x53C6,
  0xA66E,0xAE6E,0xD793,0xDF53,0xEFB6,0xEFB6,0xE795,0xDFB5,0xCF53,0xBF32,0xAED0,0xAECF,0xA68E,0x962C,0x95EE,0x0960,
  0x3267,0xF81F,0xF81F,0xF81F,0xF81F,0xF81F,0xF81F,0xF81F,0xF81F,0xF81F,0xF81F,0xF81F,0xF81F,0xF81F,0xF81F,0xF81F,
  0xF81F,0xF81F,0xF81F,0xF81F,0xF81F,0xF81F,0xF81F,0xF81F,0xF81F,0xF81F,0xF81F,0xF81F,0xF81F,0xF81F,0xF81F,0xF81F,
  0xF81F,0xF81F,0xF81F,0x0900,0x0920,0x856C,0x8DCB,0xB710,0xBF12,0xDF94,0xE795,0xEFD6,0xE7D6,0xC712,0xBF31,0xBF32,
  0xB732,0xB711,0xB710,0xA6AE,0x964C,0x8DED,0x0140,0x3227,0xF81F,0xF81F,0xF81F,0xF81F,0xF81F,0xF81F,0xF81F,0xF81F,
  0xF81F,0xF81F,0xF81F,0xF81F,0xF81F,0xF81F,0xF81F,0xF81F,0xF81F,0xF81F,0xF81F,0xF81F,0xF81F,0xF81F,0xF81F,0xF81F,
  0xF81F,0xF81F,0xF81F,0xF81F,0xF81F,0xF81F,0xF81F,0xF81F,0xF81F,0xF81F,0x0920,0x0940,0x854B,0x8DCA,0xB711,0xBF11,
  0xD7B4,0xD794,0xDFB4,0xD7B5,0xC733,0xB751,0xB731,0xB731,0xB731,0xB731,0xA68E,0x8DEB,0x8DAC,0x0940,0x3226,0xF81F,
  0xF81F,0xF81F,0xF81F,0xF81F,0xF81F,0xF81F,0xF81F,0xF81F,0xF81F,0xF81F,0xF81F,0xF81F,0xF81F,0xF81F,0xF81F,0xF81F,
  0xF81F,0xF81F,0xF81F,0xF81F,0xF81F,0xF81F,0xF81F,0xF81F,0xF81F,0xF81F,0xF81F,0xF81F,0xF81F,0xF81F,0xF81F,0xF81F,
  0xF81F,0x0941,0x0940,0x8DCD,0x960C,0xB731,0xBF32,0xBF31,0xBF31,0xB711,0xBF12,0xBF12,0xB711,0xB711,0xB711,0xB731,
  0xB710,0x9E8D,0x85CA,0x8DCC,0x0960,0x2A46,0xF81F,0xF81F,0xF81F,0xF81F,0xF81F,0xF81F,0xF81F,0xF81F,0xF81F,0xF81F,
  0xF81F,0xF81F,0xF81F,0xF81F,0xF81F,0xF81F,0xF81F,0xF81F,0xF81F,0xF81F,0xF81F,0xF81F,0xF81F,0xF81F,0xF81F,0xF81F,
  0xF81F,0xF81F,0xF81F,0xF81F,0xF81F,0xF81F,0x84F0,0x4308,0x0941,0x0940,0x854E,0x858D,0xAEB1,0xAED1,0xB712,0xB731,
  0xB731,0xB711,0xB712,0xB712,0xB712,0xB732,0xB711,0xB710,0xA68D,0x8E0B,0x8DED,0x0960,0x2A26,0xF81F,0xF81F,0xF81F,
  0xF81F,0xF81F,0xF81F,0xF81F,0xF81F,0xF81F,0xF81F,0xF81F,0xF81F,0xF81F,0xF81F,0xF81F,0xF81F,0xF81F,0xF81F,0xF81F,
  0xF81F,0xF81F,0xF81F,0xF81F,0xF81F,0xF81F,0xF81F,0xF81F,0xF81F,0xF81F,0xF81F,0xF81F,0xF81F,0x0941,0x1181,0x11A2,
  0x0981,0x1A02,0x2283,0x5C49,0x6489,0xB713,0xB712,0xB732,0xB731,0xB731,0xB711,0xB711,0xB711,0x9E6E,0x964C,0x964C,
  0x964C,0x962E,0x0960,0x2A46,0xF81F,0xF81F,0xF81F,0xF81F,0xF81F,0xF81F,0xF81F,0xF81F,0xF81F,0xF81F,0xF81F,0xF81F,
  0xF81F,0xF81F,0xF81F,0xF81F,0xF81F,0xF81F,0xF81F,0xF81F,0xF81F,0xF81F,0xF81F,0xF81F,0xF81F,0xF81F,0xF81F,0xF81F,
  0xF81F,0xF81F,0xF81F,0x5BEA,0x19E2,0x2242,0x2A83,0x2A82,0x2262,0x2AC5,0x5409,0x5C4A,0xAEB2,0xAED1,0xB732,0xAF10,
  0xAF10,0xAEF0,0xAEF0,0xAEEF,0x9E8D,0x964C,0x9E6D,0x964C,0x8E0E,0x0980,0x2A46,0xF81F,0xF81F,0xF81F,0xF81F,0xF81F,
  0xF81F,0xF81F,0xF81F,0xF81F,0xF81F,0xF81F,0xF81F,0xF81F,0xF81F,0xF81F,0xF81F,0xF81F,0xF81F,0xF81F,0xF81F,0xF81F,
  0xF81F,0xF81F,0xF81F,0xF81F,0xF81F,0xF81F,0xF81F,0xF81F,0xF81F,0x42E8,0x0940,0x9610,0x9E2F,0x9E4F,0x9E4F,0x6469,
  0x3B66,0x1A22,0x1A22,0x5C29,0x5C69,0x962E,0x962D,0x8E0C,0x8E0C,0x962C,0x964C,0x964C,0x964C,0x8E0B,0x6D08,0x64A9,
  0x0980,0x2A46,0xF81F,0xF81F,0xF81F,0xF81F,0xF81F,0xF81F,0xF81F,0xF81F,0xF81F,0xF81F,0xF81F,0xF81F,0xF81F,0xF81F,
  0xF81F,0xF81F,0xF81F,0xF81F,0xF81F,0xF81F,0xF81F,0xF81F,0xF81F,0xF81F,0xF81F,0xF81F,0xF81F,0xF81F,0xF81F,0xF81F,
  0x4B49,0x1A02,0x960E,0x9E4E,0x9E6D,0x9E4D,0x6CA8,0x4BA6,0x2AA4,0x2AA5,0x4387,0x4BC6,0x960E,0x8DEC,0x962C,0x8E0B,
  0x962B,0x964C,0x8DEA,0x8DEB,0x858A,0x6CE8,0x64A9,0x09A1,0x2A66,0xF81F,0xF81F,0xF81F,0xF81F,0xF81F,0xF81F,0xF81F,
  0xF81F,0xF81F,0xF81F,0xF81F,0xF81F,0xF81F,0xF81F,0xF81F,0xF81F,0xF81F,0xF81F,0xF81F,0xF81F,0xF81F,0xF81F,0xF81F,
  0xF81F,0xF81F,0xF81F,0xF81F,0xF81F,0x0941,0x0920,0xAE91,0xB711,0xBF31,0xB731,0xB731,0xB710,0x95EC,0x7D49,0x6CC8,
  0x64A9,0x1A41,0x1A42,0x5C2A,0x6CA9,0x960B,0x8DCA,0x8DEB,0x8E0C,0x64E7,0x5CA6,0x5CA7,0x5C88,0x5C69,0x09C0,0x2A66,
  0xF81F,0xF81F,0xF81F,0xF81F,0xF81F,0xF81F,0xF81F,0xF81F,0xF81F,0xF81F,0xF81F,0xF81F,0xF81F,0xF81F,0xF81F,0xF81F,
  0xF81F,0xF81F,0xF81F,0xF81F,0xF81F,0xF81F,0xF81F,0xF81F,0xF81F,0xF81F,0xF81F,0xF81F,0x2A44,0x3263,0xBED2,0xC712,
  0xB711,0xB711,0xB710,0xB710,0x8DEB,0x7D89,0x6CE8,0x64A8,0x22A2,0x2283,0x4BC8,0x5C49,0x858B,0x858A,0x85AB,0x85AB,
  0x64C7,0x5C66,0x5C67,0x5408,0x5C09,0x11C2,0x3AE7,0xF81F,0xF81F,0xF81F,0xF81F,0xF81F,0xF81F,0xF81F,0xF81F,0xF81F,
  0xF81F,0xF81F,0xF81F,0xF81F,0xF81F,0xF81F,0xF81F,0xF81F,0xF81F,0xF81F,0xF81F,0xF81F,0xF81F,0xF81F,0xF81F,0xF81F,
  0x2A46,0x0100,0x19A0,0xC6D4,0xCF34,0xE7F7,0xDFD5,0xBF32,0xBF31,0xB710,0xB710,0xA6CE,0x9EAD,0x7DAA,0x7DAB,0x5C88,
  0x5C4A,0x09C1,0x1A42,0x5C27,0x5406,0x5426,0x5426,0x5426,0x5C27,0x3B05,0x0100,0x0100,0xF81F,0xF81F,0xF81F,0xF81F,
  0xF81F,0xF81F,0xF81F,0xF81F,0xF81F,0xF81F,0xF81F,0xF81F,0xF81F,0xF81F,0xF81F,0xF81F,0xF81F,0xF81F,0xF81F,0xF81F,
  0xF81F,0xF81F,0xF81F,0xF81F,0xF81F,0xF81F,0xF81F,0x2A66,0x0920,0x21C0,0xC6D2,0xCEF3,0xEFF7,0xDFD5,0xBF12,0xBF11,
  0xB710,0xB730,0x9EAD,0x9EAD,0x7DA8,0x7D89,0x5C87,0x5429,0x1201,0x2242,0x5C48,0x5427,0x5C48,0x5C48,0x5C28,0x6429,
  0x3AE6,0x00C0,0x00A0,0xF81F,0xF81F,0xF81F,0xF81F,0xF81F,0xF81F,0xF81F,0xF81F,0xF81F,0xF81F,0xF81F,0xF81F,0xF81F,
  0xF81F,0xF81F,0xF81F,0xF81F,0xF81F,0xF81F,0xF81F,0xF81F,0xF81F,0xF81F,0xF81F,0x42E9,0x2A26,0x2A25,0x4B48,0xA5F0,
  0xBE90,0xE7B5,0xE7D5,0xC712,0xC732,0xB6F1,0xB711,0xB710,0xB710,0x8E0B,0x85EA,0x7547,0x7528,0x5C66,0x5408,0x0140,
  0x09A1,0x53C7,0x4BC7,0x32E5,0x0980,0x0980,0x0940,0x2A65,0xF81F,0xF81F,0xF81F,0xF81F,0xF81F,0xF81F,0xF81F,0xF81F,
  0xF81F,0xF81F,0xF81F,0xF81F,0xF81F,0xF81F,0xF81F,0xF81F,0xF81F,0xF81F,0xF81F,0xF81F,0xF81F,0xF81F,0xF81F,0xF81F,
  0xF81F,0xF81F,0x3265,0x0940,0x0940,0x4B25,0xC6B0,0xD732,0xE7D5,0xDFD5,0xBF32,0xBF32,0xB731,0xB731,0xB730,0xB730,
  0x8DEA,0x85A9,0x6D28,0x7509,0x5C27,0x642A,0x0100,0x1181,0x5C0A,0x53E8,0x3AE6,0x00E0,0x00E0,0x00E0,0x19A3,0xF81F,
  0xF81F,0xF81F,0xF81F,0xF81F,0xF81F,0xF81F,0xF81F,0xF81F,0xF81F,0xF81F,0xF81F,0xF81F,0xF81F,0xF81F,0xF81F,0xF81F,
  0xF81F,0xF81F,0xF81F,0xF81F,0xF81F,0xF81F,0x4B09,0x21E4,0x19A3,0x3284,0xA5F0,0xAE4F,0xC6D0,0xDF93,0xE7D4,0xCF11,
  0xBEF2,0xB712,0xAF11,0xAF10,0xAEF0,0x8DEB,0x8DEB,0x7548,0x6D07,0x64C8,0x5C47,0x0960,0x1181,0xF81F,0x8D31,0x1181,
  0x19E1,0x11A2,0x9DD4,0xA5D5,0xA5F4,0xF81F,0xF81F,0xF81F,0xF81F,0xF81F,0xF81F,0xF81F,0xF81F,0xF81F,0xF81F,0xF81F,
  0xF81F,0xF81F,0xF81F,0xF81F,0xF81F,0xF81F,0xF81F,0xF81F,0xF81F,0xF81F,0xF81F,0xF81F,0xF81F,0x5349,0x00E0,0x0920,
  0x2A22,0xCEF2,0xE773,0xE794,0xEFF5,0xE7F5,0xBF31,0xB731,0xAF10,0xB730,0xB70F,0xAEEF,0x8DEA,0x8DEA,0x7548,0x7509,
  0x6CA9,0x6429,0x00E0,0x0901,0xF81F,0xF81F,0x0900,0x0941,0x0921,0xA634,0xF81F,0xF81F,0xF81F,0xF81F,0xF81F,0xF81F,
  0xF81F,0xF81F,0xF81F,0xF81F,0xF81F,0xF81F,0xF81F,0xF81F,0xF81F,0xF81F,0xF81F,0xF81F,0xF81F,0xF81F,0xF81F,0xF81F,
  0xF81F,0xF81F,0x536A,0x21E4,0x7CAC,0x956C,0xBEB1,0xD734,0xDF75,0xE7D4,0xDF74,0xC712,0xC752,0xB710,0xAEEF,0x9E6D,
  0x966D,0x85AA,0x85C9,0x7D67,0x7D88,0x5C86,0x2261,0x11C1,0x1181,0x6C6D,0x7C8F,0xF81F,0xF81F,0x7CAE,0x7CAF,0x84EF,
  0xF81F,0xF81F,0xF81F,0xF81F,0xF81F,0xF81F,0xF81F,0xF81F,0xF81F,0xF81F,0xF81F,0xF81F,0xF81F,0xF81F,0xF81F,0xF81F,
  0xF81F,0xF81F,0xF81F,0xF81F,0xF81F,0xF81F,0xF81F,0xF81F,0xF81F,0x5B8A,0x0920,0x852C,0xA5EC,0xD751,0xE7D5,0xDF95,
  0xD7B4,0xCF94,0xBF31,0xB731,0xB730,0xAF0F,0x962C,0x964C,0x7D88,0x85A9,0x7D68,0x7D69,0x6469,0x0980,0x0921,0x0920,
  0xF81F,0xF81F,0xF81F,0xF81F,0xF81F,0xF81F,0xF81F,0xF81F,0xF81F,0xF81F,0xF81F,0xF81F,0xF81F,0xF81F,0xF81F,0xF81F,
  0xF81F,0xF81F,0xF81F,0xF81F,0xF81F,0xF81F,0xF81F,0xF81F,0xF81F,0xF81F,0xF81F,0xF81F,0xF81F,0xF81F,0x2205,0x2204,
  0x6C2A,0x95AD,0xD774,0xE7B7,0xDFB5,0xD773,0xBEF1,0xBF12,0xB731,0xB731,0xA6EF,0x964C,0x8E0B,0x6D07,0x7527,0x7526,
  0x6487,0x1A21,0x1A22,0x19E2,0x3AE7,0x3266,0x3A87,0xF81F,0xF81F,0xF81F,0xF81F,0xF81F,0xF81F,0xF81F,0xF81F,0xF81F,
  0xF81F,0xF81F,0xF81F,0xF81F,0xF81F,0xF81F,0xF81F,0xF81F,0xF81F,0xF81F,0xF81F,0xF81F,0xF81F,0xF81F,0xF81F,0xF81F,
  0xF81F,0xF81F,0xF81F,0x850E,0x8D70,0x0120,0x0100,0x7469,0xB68E,0xDFB5,0xE7D9,0xDF97,0xBF11,0xBF10,0xB712,0xB731,
  0xAF30,0xA6CE,0x85CA,0x85AA,0x6CE7,0x6CE7,0x7508,0x5C28,0x0940,0x0941,0x1161,0x538A,0xF81F,0xF81F,0xF81F,0xF81F,
  0xF81F,0xF81F,0xF81F,0xF81F,0xF81F,0xF81F,0xF81F,0xF81F,0xF81F,0xF81F,0xF81F,0xF81F,0xF81F,0xF81F,0xF81F,0xF81F,
  0xF81F,0xF81F,0xF81F,0xF81F,0xF81F,0xF81F,0xF81F,0xF81F,0x3A87,0x3AA8,0x4B87,0x4345,0x642A,0x7CAC,0xBE90,0xD753,
  0xD775,0xCF75,0xC754,0xB711,0xB711,0xB711,0xAEEF,0x9E6D,0x8E0B,0x7548,0x7528,0x6CC7,0x6447,0x32A4,0x2A44,0x0941,
  0x19A3,0x536A,0x6C4D,0xF81F,0xF81F,0xF81F,0xF81F,0xF81F,0xF81F,0xF81F,0xF81F,0xF81F,0xF81F,0xF81F,0xF81F,0xF81F,
  0xF81F,0xF81F,0xF81F,0xF81F,0xF81F,0xF81F,0xF81F,0xF81F,0xF81F,0xF81F,0xF81F,0xF81F,0xF81F,0xF81F,0xAE35,0x00E0,
  0x0100,0x2A62,0x2240,0xA62F,0xC6F2,0xE7F6,0xE7D6,0xCF53,0xBF11,0xB711,0xB732,0xB710,0xB710,0xA6AD,0x8589,0x7D69,
  0x6CC7,0x6CC8,0x6CA8,0x5BE7,0x0100,0x0921,0x0920,0x2A25,0xF81F,0xF81F,0xF81F,0xF81F,0xF81F,0xF81F,0xF81F,0xF81F,
  0xF81F,0xF81F,0xF81F,0xF81F,0xF81F,0xF81F,0xF81F,0xF81F,0xF81F,0xF81F,0xF81F,0xF81F,0xF81F,0xF81F,0xF81F,0xF81F,
  0xF81F,0xF81F,0xF81F,0xF81F,0x3246,0x3A86,0x4327,0x4326,0x7D0B,0x7D2A,0xBEF0,0xCF52,0xD773,0xCF74,0xC752,0xB711,
  0xB6F1,0xB6F1,0x9E6E,0x9E4C,0x8E0A,0x7D69,0x6CC8,0x32C3,0x32A3,0x2A83,0x4B47,0xF81F,0xF81F,0xF81F,0xF81F,0xF81F,
  0xF81F,0xF81F,0xF81F,0xF81F,0xF81F,0xF81F,0xF81F,0xF81F,0xF81F,0xF81F,0xF81F,0xF81F,0xF81F,0xF81F,0xF81F,0xF81F,
  0xF81F,0xF81F,0xF81F,0xF81F,0xF81F,0xF81F,0xF81F,0xF81F,0xF81F,0xF81F,0x3246,0x00E0,0x11A1,0x8D6C,0x856A,0xA66E,
  0xA66E,0xC751,0xCF92,0xBF10,0xB6F1,0xB6F1,0xB710,0xAF10,0xAEF0,0x8DEB,0x8589,0x7D69,0x7D2A,0x5C28,0x0120,0x0120,
  0x00E0,0x00C0,0xF81F,0xF81F,0xF81F,0xF81F,0xF81F,0xF81F,0xF81F,0xF81F,0xF81F,0xF81F,0xF81F,0xF81F,0xF81F,0xF81F,
  0xF81F,0xF81F,0xF81F,0xF81F,0xF81F,0xF81F,0xF81F,0xF81F,0xF81F,0xF81F,0xF81F,0xF81F,0xF81F,0x3266,0x2A66,0x2A45,
  0x2A25,0x32A7,0x32A5,0x3B04,0x95EC,0x960B,0xAEAE,0xAEAF,0xB710,0xB731,0xB6F0,0xAEF0,0xA6AE,0xA68D,0x9E8E,0x9E8E,
  0x8DCA,0x8588,0x5C27,0x4B86,0x5C09,0x19E3,0x2225,0x2A26,0xF81F,0xF81F,0xF81F,0xF81F,0xF81F,0xF81F,0xF81F,0xF81F,
  0xF81F,0xF81F,0xF81F,0xF81F,0xF81F,0xF81F,0xF81F,0xF81F,0xF81F,0xF81F,0xF81F,0xF81F,0xF81F,0xF81F,0xF81F,0xF81F,
  0xF81F,0xF81F,0xF81F,0x0921,0x0100,0x0120,0x0120,0x0120,0x0982,0x646B,0x6CA9,0x9E6E,0xA68E,0xB710,0xB711,0xB711,
  0xAF11,0xA6CF,0xA6CE,0x85EA,0x85A9,0x858A,0x858B,0x7509,0x7508,0x3284,0x0120,0x4B69,0xF81F,0xF81F,0xF81F,0xF81F,
  0xF81F,0xF81F,0xF81F,0xF81F,0xF81F,0xF81F,0xF81F,0xF81F,0xF81F,0xF81F,0xF81F,0xF81F,0xF81F,0xF81F,0xF81F,0xF81F,
  0xF81F,0xF81F,0xF81F,0xF81F,0xF81F,0xF81F,0xF81F,0xF81F,0xF81F,0x19E3,0x2224,0x2A64,0x32E5,0x32E5,0x32C5,0x32E6,
  0x4387,0x43A6,0x752A,0x7D4A,0xA68F,0xA6AF,0xA6AF,0xA6AE,0x8E0B,0x85EA,0x7D88,0x7D69,0x6488,0x53A6,0x4B86,0x4BA6,
  0x42E7,0x0941,0x538A,0xF81F,0xF81F,0xF81F,0xF81F,0xF81F,0xF81F,0xF81F,0xF81F,0xF81F,0xF81F,0xF81F,0xF81F,0xF81F,
  0xF81F,0xF81F,0xF81F,0xF81F,0xF81F,0xF81F,0xF81F,0xF81F,0xF81F,0xF81F,0xF81F,0xF81F,0xF81F,0xF81F,0xF81F,0xF81F,
  0x0100,0x2244,0x4BA8,0x750D,0x750C,0x648A,0x5C4A,0x11E1,0x09C0,0x4BA6,0x5406,0x962E,0x9E6E,0x9E6D,0x9E6C,0x7D89,
  0x7548,0x6D08,0x74E8,0x3B04,0x0100,0x0120,0x0100,0x746D,0xF81F,0xF81F,0xF81F,0xF81F,0xF81F,0xF81F,0xF81F,0xF81F,
  0xF81F,0xF81F,0xF81F,0xF81F,0xF81F,0xF81F,0xF81F,0xF81F,0xF81F,0xF81F,0xF81F,0xF81F,0xF81F,0xF81F,0xF81F,0xF81F,
  0xF81F,0xF81F,0xF81F,0xF81F,0xF81F,0x7CAF,0x3AC7,0x19E3,0x3B06,0x644A,0x95CF,0x95EF,0x7D4C,0x750B,0x3B24,0x3B45,
  0x3B46,0x4365,0x858B,0x8DEB,0x8DCA,0x8DCA,0x7507,0x64A7,0x53C6,0x5BE7,0x42E6,0x00E0,0x0101,0x0101,0xF81F,0xF81F,
  0xF81F,0xF81F,0xF81F,0xF81F,0xF81F,0xF81F,0xF81F,0xF81F,0xF81F,0xF81F,0xF81F,0xF81F,0xF81F,0xF81F,0xF81F,0xF81F,
  0xF81F,0xF81F,0xF81F,0xF81F,0xF81F,0xF81F,0xF81F,0xF81F,0xF81F,0xF81F,0xF81F,0xF81F,0x00E0,0x0141,0x4B89,0x5C4A,
  0x858E,0xBF33,0xBF14,0xA671,0x8DEE,0x7D2C,0x7D2D,0x1A43,0x11C1,0x6468,0x74E8,0x6CA7,0x6CC8,0x5405,0x3B25,0x00E0,
  0x00C0,0x42C8,0xF81F,0xF81F,0xF81F,0xF81F,0xF81F,0xF81F,0xF81F,0xF81F,0xF81F,0xF81F,0xF81F,0xF81F,0xF81F,0xF81F,
  0xF81F,0xF81F,0xF81F,0xF81F,0xF81F,0xF81F,0xF81F,0xF81F,0xF81F,0xF81F,0xF81F,0xF81F,0xF81F,0xF81F,0xF81F,0xF81F,
  0xF81F,0xF81F,0xF81F,0x2A86,0x0140,0x4388,0x5C6A,0x7D4D,0x9E70,0x9E30,0x7D2D,0x6CAC,0x5C09,0x5BEA,0x2245,0x1A04,
  0x3B26,0x4366,0x4366,0x4366,0x32E5,0x0141,0x19A4,0x00C0,0xF81F,0xF81F,0xF81F,0xF81F,0xF81F,0xF81F,0xF81F,0xF81F,
  0xF81F,0xF81F,0xF81F,0xF81F,0xF81F,0xF81F,0xF81F,0xF81F,0xF81F,0xF81F,0xF81F,0xF81F,0xF81F,0xF81F,0xF81F,0xF81F,
  0xF81F,0xF81F,0xF81F,0xF81F,0xF81F,0xF81F,0xF81F,0xF81F,0xF81F,0xF81F,0x3AE7,0x0140,0x3B26,0x4BC8,0x5428,0x64AA,
  0x5409,0x1A02,0x1A02,0x11E2,0x11C2,0x2245,0x2A65,0x19E2,0x11E1,0x11A1,0x0981,0x32A6,0x0962,0xA635,0xF81F,0xF81F,
  0xF81F,0xF81F,0xF81F,0xF81F,0xF81F,0xF81F,0xF81F,0xF81F,0xF81F,0xF81F,0xF81F,0xF81F,0xF81F,0xF81F,0xF81F,0xF81F,
  0xF81F,0xF81F,0xF81F,0xF81F,0xF81F,0xF81F,0xF81F,0xF81F,0xF81F,0xF81F,0xF81F,0xF81F,0xF81F,0xF81F,0xF81F,0xF81F,
  0xF81F,0x53CB,0x0961,0x32C5,0x4367,0x4BE8,0x5C4A,0x4BA8,0x11E2,0x1A01,0x11E1,0x11C1,0x2244,0x2A84,0x1A01,0x11E1,
  0x11A1,0x0962,0x0962,0x0961,0xAE74,0xF81F,0xF81F,0xF81F,0xF81F,0xF81F,0xF81F,0xF81F,0xF81F,0xF81F,0xF81F,0xF81F,
  0xF81F,0xF81F,0xF81F,0xF81F,0xF81F,0xF81F,0xF81F,0xF81F,0xF81F,0xF81F,0xF81F,0xF81F,0xF81F,0xF81F,0xF81F,0xF81F,
  0xF81F,0xF81F,0xF81F,0xF81F,0xF81F,0xF81F,0xF81F,0xF81F,0x3266,0x0941,0x32A5,0x32E6,0x2243,0x11C1,0x2A84,0x5C29,
  0x6CCA,0x95ED,0x95CD,0x95EF,0x9E2F,0x95EE,0x95CF,0x32C5,0x0160,0x0961,0x0961,0xF81F,0xF81F,0xF81F,0xF81F,0xF81F,
  0xF81F,0xF81F,0xF81F,0xF81F,0xF81F,0xF81F,0xF81F,0xF81F,0xF81F,0xF81F,0xF81F,0xF81F,0xF81F,0xF81F,0xF81F,0xF81F,
  0xF81F,0xF81F,0xF81F,0xF81F,0xF81F,0xF81F,0xF81F,0xF81F,0xF81F,0xF81F,0xF81F,0xF81F,0xF81F,0xF81F,0xF81F,0x5BCB,
  0x3AA7,0x3285,0x2244,0x1A03,0x1A03,0x2AA3,0x6467,0x7547,0x964A,0x964B,0x9E8D,0xA6AD,0x9E6D,0xA66F,0x4B86,0x1A02,
  0x11C1,0x19E4,0x748E,0x7CCF,0xF81F,0xF81F,0xF81F,0xF81F,0xF81F,0xF81F,0xF81F,0xF81F,0xF81F,0xF81F,0xF81F,0xF81F,
  0xF81F,0xF81F,0xF81F,0xF81F,0xF81F,0xF81F,0xF81F,0xF81F,0xF81F,0xF81F,0xF81F,0xF81F,0xF81F,0xF81F,0xF81F,0xF81F,
  0xF81F,0xF81F,0xF81F,0xF81F,0xF81F,0xF81F,0xF81F,0xF81F,0x0100,0x0941,0x2203,0x53E7,0x5C67,0x858A,0x8DCA,0xA68E,
  0xA68E,0xBF51,0xC752,0xC752,0xC752,0xBF12,0xB6F2,0x4365,0x3AE4,0x0100,0x00E0,0x0922,0xF81F,0xF81F,0xF81F,0xF81F,
  0xF81F,0xF81F,0xF81F,0xF81F,0xF81F,0xF81F,0xF81F,0xF81F,0xF81F,0xF81F,0xF81F,0xF81F,0xF81F,0xF81F,0xF81F,0xF81F,
  0xF81F,0xF81F,0xF81F,0xF81F,0xF81F,0xF81F,0xF81F,0xF81F,0xF81F,0xF81F,0xF81F,0xF81F,0xF81F,0xF81F,0xF81F,0x0100,
  0x0921,0x19C3,0x4BC7,0x5C66,0x7D89,0x8DCA,0xA68E,0xA690,0xBF33,0xC753,0xC732,0xCF32,0xC6F1,0xBEB1,0x63E7,0x5366,
  0x19A0,0x11A0,0x3AA6,0xAE35,0xF81F,0xF81F,0xF81F,0xF81F,0xF81F,0xF81F,0xF81F,0xF81F,0xF81F,0xF81F,0xF81F,0xF81F,
  0xF81F,0xF81F,0xF81F,0xF81F,0xF81F,0xF81F,0xF81F,0xF81F,0xF81F,0xF81F,0xF81F,0xF81F,0xF81F,0xF81F,0xF81F,0xF81F,
  0xF81F,0xF81F,0xF81F,0xF81F,0xF81F,0xF81F,0x00E0,0x0100,0x19C3,0x4BE7,0x5C66,0x7D88,0x8DE9,0xA68E,0xA68F,0xAEB1,
  0xB6B1,0xCF53,0xD794,0xDF73,0xE794,0xE795,0xDFD6,0xAE50,0xAE30,0x640A,0x00E0,0x2A26,0xF81F,0xF81F,0xF81F,0xF81F,
  0xF81F,0xF81F,0xF81F,0xF81F,0xF81F,0xF81F,0xF81F,0xF81F,0xF81F,0xF81F,0xF81F,0xF81F,0xF81F,0xF81F,0xF81F,0xF81F,
  0xF81F,0xF81F,0xF81F,0xF81F,0xF81F,0xF81F,0xF81F,0xF81F,0xF81F,0xF81F,0xF81F,0xF81F,0xF81F,0x0941,0x0921,0x19C3,
  0x4BC8,0x5C47,0x7D88,0x85E9,0x9E8D,0x9E8E,0xAED0,0xAEB0,0xBF32,0xCF73,0xCF52,0xD773,0xDF94,0xDFB4,0xAE6F,0xAE4F,
  0x6C4A,0x1141,0x42E8,0xF81F,0xF81F,0xF81F,0xF81F,0xF81F,0xF81F,0xF81F,0xF81F,0xF81F,0xF81F,0xF81F,0xF81F,0xF81F,
  0xF81F,0xF81F,0xF81F,0xF81F,0xF81F,0xF81F,0xF81F,0xF81F,0xF81F,0xF81F,0xF81F,0xF81F,0xF81F,0xF81F,0xF81F,0xF81F,
  0xF81F,0xF81F,0xF81F,0xF81F,0xF81F,0xF81F,0x3287,0x00E0,0x2242,0x7D29,0x7D68,0x7DA9,0x85A9,0x966D,0xA6D0,0xA6F0,
  0xAEF0,0xAED0,0xAEAF,0xC731,0xC732,0xDFD5,0xE7F6,0xDF96,0xCF14,0x746C,0x0920,0x0940,0x0940,0x1161,0xF81F,0xF81F,
  0xF81F,0xF81F,0xF81F,0xF81F,0xF81F,0xF81F,0xF81F,0xF81F,0xF81F,0xF81F,0xF81F,0xF81F,0xF81F,0xF81F,0xF81F,0xF81F,
  0xF81F,0xF81F,0xF81F,0xF81F,0xF81F,0xF81F,0xF81F,0xF81F,0xF81F,0xF81F,0xF81F,0xF81F,0xF81F,0x536B,0x00E0,0x2223,
  0x7D2C,0x7D4B,0x8DCC,0x85AB,0x9E6D,0xA6AE,0xAEF0,0xAEF0,0xA6CF,0xAED0,0xBF32,0xBF31,0xDFD6,0xEFF9,0xE7B6,0xCF12,
  0x746A,0x1141,0x1181,0x0940,0x0920,0xF81F,0xF81F,0xF81F,0xF81F,0xF81F,0xF81F,0xF81F,0xF81F,0xF81F,0xF81F,0xF81F,
  0xF81F,0xF81F,0xF81F,0xF81F,0xF81F,0xF81F,0xF81F,0xF81F,0xF81F,0xF81F,0xF81F,0xF81F,0xF81F,0xF81F,0xF81F,0xF81F,
  0xF81F,0xF81F,0xF81F,0xF81F,0xF81F,0xF81F,0x2A64,0x2223,0x2242,0x2262,0x5406,0x7509,0x7D69,0x8DEB,0x8E0B,0xA6CF,
  0xAED0,0xB711,0xBF31,0xC734,0xCF35,0xD774,0xE7D4,0xD734,0xC695,0xC6B3,0xA5F1,0x84CD,0x3266,0x3246,0x3246,0x42A8,
  0xF81F,0xF81F,0xF81F,0xF81F,0xF81F,0xF81F,0xF81F,0xF81F,0xF81F,0xF81F,0xF81F,0xF81F,0xF81F,0xF81F,0xF81F,0xF81F,
  0xF81F,0xF81F,0xF81F,0xF81F,0xF81F,0xF81F,0xF81F,0xF81F,0xF81F,0xF81F,0xF81F,0xF81F,0xF81F,0x2204,0x1182,0x0981,
  0x0180,0x4BC7,0x6CCA,0x7D4A,0x85C9,0x8DEA,0xA6CF,0xAED0,0xBF32,0xBF32,0xBF12,0xBF12,0xD774,0xEFF7,0xEFD7,0xEFD8,
  0xEFD5,0xD734,0x8D2D,0x0100,0x0100,0x00A0,0x1122,0xF81F,0xF81F,0xF81F,0xF81F,0xF81F,0xF81F,0xF81F,0xF81F,0xF81F,
  0xF81F,0xF81F,0xF81F,0xF81F,0xF81F,0xF81F,0xF81F,0xF81F,0xF81F,0xF81F,0xF81F,0xF81F,0xF81F,0xF81F,0xF81F,0xF81F,
  0xF81F,0xF81F,0xF81F,0xF81F,0x2204,0x0960,0x32E5,0x3B26,0x11C2,0x1A03,0x3B65,0x7528,0x7546,0x8DE9,0x8DCB,0xA68E,
  0xA68F,0xB6F1,0xBF12,0xC732,0xCF53,0xCF53,0xCF53,0xCF32,0xD774,0xCF34,0xB671,0xAE31,0x63E8,0x5387,0x32A6,0x3AA6,
  0xF81F,0xF81F,0xF81F,0xF81F,0xF81F,0xF81F,0xF81F,0xF81F,0xF81F,0xF81F,0xF81F,0xF81F,0xF81F,0xF81F,0xF81F,0xF81F,
  0xF81F,0xF81F,0xF81F,0xF81F,0xF81F,0xF81F,0xF81F,0xF81F,0xF81F,0xF81F,0xF81F,0x2204,0x0100,0x4B67,0x5BE9,0x0120,
  0x0120,0x32C4,0x7D4C,0x7548,0x85CA,0x85C9,0xA68D,0xA68D,0xB731,0xBF31,0xB712,0xB711,0xB711,0xB710,0xBEF1,0xD7B4,
  0xD774,0xDF94,0xD753,0x84EA,0x53A6,0x0920,0x1141,0xF81F,0xF81F,0xF81F,0xF81F,0xF81F,0xF81F,0xF81F,0xF81F,0xF81F,
  0xF81F,0xF81F,0xF81F,0xF81F,0xF81F,0xF81F,0xF81F,0xF81F,0xF81F,0xF81F,0xF81F,0xF81F,0xF81F,0xF81F,0xF81F,0xF81F,
  0xF81F,0xF81F,0xF81F,0x21C3,0x3AA6,0x2A43,0x3B05,0x3B25,0x2A83,0x2243,0x1A22,0x5406,0x6CE7,0x962A,0x8E0A,0x962B,
  0x960B,0xA6AF,0xAF11,0xAEF0,0xAF10,0xB710,0xC731,0xC712,0xDF74,0xD774,0xBED2,0xAE30,0x952E,0x8D2E,0x3286,0x2A66,
  0x32A7,0xF81F,0xF81F,0xF81F,0xF81F,0xF81F,0xF81F,0xF81F,0xF81F,0xF81F,0xF81F,0xF81F,0xF81F,0xF81F,0xF81F,0xF81F,
  0xF81F,0xF81F,0xF81F,0xF81F,0xF81F,0xF81F,0xF81F,0xF81F,0xF81F,0xF81F,0xF81F,0x2A25,0x0940,0x5C29,0x6C8A,0x2A84,
  0x0940,0x0120,0x4B88,0x6488,0x960C,0x8DEB,0x8DEA,0x8DEA,0x9E8D,0xAF0F,0xAF10,0xAF11,0xB710,0xB6F0,0xBF11,0xCF74,
  0xD775,0xEFF8,0xE7D8,0xD775,0xC714,0x0980,0x0980,0x11A2,0xF81F,0xF81F,0xF81F,0xF81F,0xF81F,0xF81F,0xF81F,0xF81F,
  0xF81F,0xF81F,0xF81F,0xF81F,0xF81F,0xF81F,0xF81F,0xF81F,0xF81F,0xF81F,0xF81F,0xF81F,0xF81F,0xF81F,0xF81F,0xF81F,
  0xF81F,0xF81F,0x536A,0x3285,0x2244,0x2243,0x11A2,0x4B29,0x3AC7,0x19C2,0x1A01,0x2AA3,0x2AC2,0x754A,0x7D89,0x85C9,
  0x8E0A,0x962B,0x962C,0xA66F,0xAEF1,0xAEF0,0xB6D1,0xC713,0xE7D7,0xCEF3,0x7488,0x74A8,0x6468,0x6449,0x5C0A,0x42E8,
  0x536A,0xF81F,0xF81F,0xF81F,0xF81F,0xF81F,0xF81F,0xF81F,0xF81F,0xF81F,0xF81F,0xF81F,0xF81F,0xF81F,0xF81F,0xF81F,
  0xF81F,0xF81F,0xF81F,0xF81F,0xF81F,0xF81F,0xF81F,0xF81F,0xF81F,0xF81F,0x9DD3,0x0100,0x0941,0x0901,0xF81F,0x3266,
  0x0100,0x0140,0x09A1,0x09C0,0x7D2C,0x752B,0x85AA,0x8DE9,0x962B,0x962C,0xA66F,0xB6F0,0xB6F0,0xBF12,0xC713,0xE7F7,
  0xC6B2,0x4B83,0x5C25,0x8E0D,0x85AC,0x6429,0x0100,0x21E4,0xF81F,0xF81F,0xF81F,0xF81F,0xF81F,0xF81F,0xF81F,0xF81F,
  0xF81F,0xF81F,0xF81F,0xF81F,0xF81F,0xF81F,0xF81F,0xF81F,0xF81F,0xF81F,0xF81F,0xF81F,0xF81F,0xF81F,0xF81F,0xF81F,
  0xF81F,0xF81F,0x3265,0x3266,0x2A25,0xF81F,0x2A24,0x1161,0x4347,0x3AE6,0x11C1,0x2244,0x2243,0x5406,0x85A9,0x8DC9,
  0x8DC9,0x8DEB,0x9E4D,0x9E2E,0xC733,0xB6B2,0x7CEA,0x95AC,0xBED1,0xB6D1,0xA6D0,0xA6B0,0x74AB,0x00E0,0x21C4,0xF81F,
  0xF81F,0xF81F,0xF81F,0xF81F,0xF81F,0xF81F,0xF81F,0xF81F,0xF81F,0xF81F,0xF81F,0xF81F,0xF81F,0xF81F,0xF81F,0xF81F,
  0xF81F,0xF81F,0xF81F,0xF81F,0xF81F,0xF81F,0xF81F,0xF81F,0xF81F,0xF81F,0xF81F,0xF81F,0xF81F,0x2A44,0x1181,0x642B,
  0x4B88,0x19E3,0x0920,0x00E0,0x4B86,0x856A,0x8589,0x85A9,0x85C9,0x8E0B,0x960D,0xC754,0xAE92,0x5BE6,0x850A,0xCF54,
  0xC753,0xB711,0xAED1,0x74AC,0x00E0,0x21C4,0xF81F,0xF81F,0xF81F,0xF81F,0xF81F,0xF81F,0xF81F,0xF81F,0xF81F,0xF81F,
  0xF81F,0xF81F,0xF81F,0xF81F,0xF81F,0xF81F,0xF81F,0xF81F,0xF81F,0xF81F,0xF81F,0xF81F,0xF81F,0xF81F,0xF81F,0xF81F,
  0xF81F,0xF81F,0xF81F,0xF81F,0xF81F,0x21E3,0x2A65,0x2244,0x1161,0x3A87,0x2A26,0x4B48,0x4346,0x4365,0x4385,0x5446,
  0x8DEB,0x8DEB,0xA68F,0x8DCD,0x4BC5,0x7D0A,0xC732,0xC753,0xBF32,0xB6F2,0x74AC,0x08E0,0x21C4,0xF81F,0xF81F,0xF81F,
  0xF81F,0xF81F,0xF81F,0xF81F,0xF81F,0xF81F,0xF81F,0xF81F,0xF81F,0xF81F,0xF81F,0xF81F,0xF81F,0xF81F,0xF81F,0xF81F,
  0xF81F,0xF81F,0xF81F,0xF81F,0xF81F,0xF81F,0xF81F,0xF81F,0xF81F,0xF81F,0xF81F,0xF81F,0x3246,0x0100,0x0941,0x0921,
  0x744E,0xF81F,0x3266,0x0921,0x0961,0x0981,0x32E5,0x858B,0x7D49,0x8DCB,0x7509,0x4384,0x6CA8,0xBF32,0xBF32,0xBF12,
  0xBF13,0x74AC,0x00C0,0x21E4,0xF81F,0xF81F,0xF81F,0xF81F,0xF81F,0xF81F,0xF81F,0xF81F,0xF81F,0xF81F,0xF81F,0xF81F,
  0xF81F,0xF81F,0xF81F,0xF81F,0xF81F,0xF81F,0xF81F,0xF81F,0xF81F,0xF81F,0xF81F,0xF81F,0xF81F,0xF81F,0xF81F,0xF81F,
  0xF81F,0xF81F,0xF81F,0x746E,0x4B09,0x4309,0x4308,0xF81F,0xF81F,0x4B2A,0x42E8,0x42E8,0x42E9,0x4B68,0x6429,0x5C28,
  0x5C48,0x5C07,0x4BA5,0x6CA8,0xAED0,0xAEB1,0x95AF,0x958F,0x6C4C,0x3266,0x536A,0xF81F,0xF81F,0xF81F,0xF81F,0xF81F,
  0xF81F,0xF81F,0xF81F,0xF81F,0xF81F,0xF81F,0xF81F,0xF81F,0xF81F,0xF81F,0xF81F,0xF81F,0xF81F,0xF81F,0xF81F,0xF81F,
  0xF81F,0xF81F,0xF81F,0xF81F,0xF81F,0xF81F,0xF81F,0xF81F,0xF81F,0xF81F,0xF81F,0xF81F,0xF81F,0xF81F,0xF81F,0xF81F,
  0xF81F,0xF81F,0xF81F,0xF81F,0x3285,0x0901,0x0121,0x0121,0x2243,0x750B,0x7508,0x7509,0x5C49,0x0100,0x0100,0x0921,
  0xF81F,0xF81F,0xF81F,0xF81F,0xF81F,0xF81F,0xF81F,0xF81F,0xF81F,0xF81F,0xF81F,0xF81F,0xF81F,0xF81F,0xF81F,0xF81F,
  0xF81F,0xF81F,0xF81F,0xF81F,0xF81F,0xF81F,0xF81F,0xF81F,0xF81F,0xF81F,0xF81F,0xF81F,0xF81F,0xF81F,0xF81F,0xF81F,
  0xF81F,0xF81F,0xF81F,0xF81F,0xF81F,0xF81F,0xF81F,0xF81F,0xF81F,0xF81F,0xF81F,0x5BAB,0x42C8,0x3AC7,0x3AA7,0x42E7,
  0x5BEA,0x5BE9,0x5BEA,0x5BA9,0x4308,0x42E8,0x4308,0xF81F,0xF81F,0xF81F,0xF81F,0xF81F,0xF81F,0xF81F,0xF81F,0xF81F,
  0xF81F,0xF81F,0xF81F,0xF81F,0xF81F,0xF81F,0xF81F,0xF81F,0xF81F,0xF81F,0xF81F,0xF81F,0xF81F,0xF81F,0xF81F,0xF81F,
  0xF81F,0xF81F,0xF81F,0xF81F,0xF81F,0xF81F,0xF81F,0xF81F,0xF81F,0xF81F,0xF81F,0xF81F,0xF81F,0xF81F,0xF81F,0xF81F,
  0xF81F,0xF81F,0xF81F,0xF81F,0xF81F,0xF81F,0x19E3,0x0120,0x0940,0x0960,0x2A24,0xF81F,0xF81F,0xF81F,0xF81F,0xF81F,
  0xF81F,0xF81F,0xF81F,0xF81F,0xF81F,0xF81F,0xF81F,0xF81F,0xF81F,0xF81F,0xF81F,0xF81F,0xF81F,0xF81F,0xF81F,0xF81F,
  0xF81F,0xF81F,0xF81F,0xF81F,0xF81F,0xF81F,0xF81F,0xF81F,0xF81F,0xF81F,0xF81F,0xF81F,0xF81F,0xF81F,0xF81F,0xF81F,
  0xF81F,0xF81F,0xF81F,0xF81F,0xF81F,0xF81F,0xF81F,0xF81F,0xF81F,0xF81F,0xF81F,0xF81F,0xF81F,0x4B29,0x3286,0x32A6,
  0x3AA6,0x536A,0xF81F,0xF81F,0xF81F,0xF81F,0xF81F,0xF81F,0xF81F,0xF81F,0xF81F,0xF81F,0xF81F,0xF81F,0xF81F,0xF81F,
  0xF81F,0xF81F,0xF81F,0xF81F,0xF81F,0xF81F,0xF81F,
};
static const RigPart RIG_ARM = { RIG_ARM_PX, 55, 65, 46.67f, 10.06f };
static const float RIG_ARM_END_X = 34.17f, RIG_ARM_END_Y = 57.03f;

static const uint16_t RIG_SCYTHE_PX[5382] = {
  0xF81F,0xF81F,0xF81F,0xF81F,0xF81F,0xF81F,0xF81F,0xF81F,0xF81F,0xF81F,0xF81F,0xF81F,0xF81F,0xF81F,0xF81F,0xF81F,
  0xF81F,0xF81F,0xF81F,0xF81F,0xF81F,0xF81F,0xF81F,0xF81F,0xF81F,0xF81F,0xF81F,0xF81F,0xF81F,0xF81F,0xF81F,0xF81F,
  0xF81F,0xF81F,0xF81F,0xF81F,0xF81F,0xF81F,0xF81F,0xF81F,0xF81F,0xF81F,0xF81F,0xF81F,0xF81F,0xF81F,0xF81F,0xF81F,
  0xF81F,0xF81F,0xF81F,0xF81F,0xF81F,0xF81F,0xF81F,0xF81F,0xF81F,0x0921,0x0101,0x0961,0x0941,0x0100,0xF81F,0xF81F,
  0xF81F,0xF81F,0xF81F,0xF81F,0xF81F,0xF81F,0xF81F,0xF81F,0xF81F,0xF81F,0xF81F,0xF81F,0xF81F,0xF81F,0xF81F,0xF81F,
  0xF81F,0xF81F,0xF81F,0xF81F,0xF81F,0xF81F,0xF81F,0xF81F,0xF81F,0xF81F,0xF81F,0xF81F,0xF81F,0xF81F,0xF81F,0xF81F,
  0xF81F,0xF81F,0xF81F,0xF81F,0xF81F,0xF81F,0xF81F,0xF81F,0xF81F,0xF81F,0xF81F,0xF81F,0xF81F,0xF81F,0xF81F,0xF81F,
  0xF81F,0xF81F,0xF81F,0xF81F,0xF81F,0xF81F,0xF81F,0xF81F,0xF81F,0xF81F,0xF81F,0xF81F,0xF81F,0xF81F,0xF81F,0xF81F,
  0xF81F,0xF81F,0xF81F,0xF81F,0xF81F,0xF81F,0x0100,0x0920,0x0941,0x0961,0x0941,0x0901,0x42E8,0xF81F,0xF81F,0xF81F,
  0xF81F,0xF81F,0xF81F,0xF81F,0xF81F,0xF81F,0xF81F,0xF81F,0xF81F,0xF81F,0xF81F,0xF81F,0xF81F,0xF81F,0xF81F,0xF81F,
  0xF81F,0xF81F,0xF81F,0xF81F,0xF81F,0xF81F,0xF81F,0xF81F,0xF81F,0xF81F,0xF81F,0xF81F,0xF81F,0xF81F,0xF81F,0xF81F,
  0xF81F,0xF81F,0xF81F,0xF81F,0xF81F,0xF81F,0xF81F,0xF81F,0xF81F,0xF81F,0xF81F,0xF81F,0xF81F,0xF81F,0xF81F,0xF81F,
  0xF81F,0xF81F,0xF81F,0xF81F,0xF81F,0xF81F,0xF81F,0xF81F,0xF81F,0xF81F,0xF81F,0xF81F,0xF81F,0xF81F,0xF81F,0xF81F,
  0xF81F,0xF81F,0x2A64,0x2A83,0x3B46,0x3B45,0x3B45,0x3B45,0x2203,0x1183,0x2A46,0x4B49,0x4B69,0xF81F,0xF81F,0xF81F,
  0xF81F,0xF81F,0xF81F,0xF81F,0xF81F,0xF81F,0xF81F,0xF81F,0xF81F,0xF81F,0xF81F,0xF81F,0xF81F,0xF81F,0xF81F,0xF81F,
  0xF81F,0xF81F,0xF81F,0xF81F,0xF81F,0xF81F,0xF81F,0xF81F,0xF81F,0xF81F,0xF81F,0xF81F,0xF81F,0xF81F,0xF81F,0xF81F,
  0xF81F,0xF81F,0xF81F,0xF81F,0xF81F,0xF81F,0xF81F,0xF81F,0xF81F,0xF81F,0xF81F,0xF81F,0xF81F,0xF81F,0xF81F,0xF81F,
  0xF81F,0xF81F,0xF81F,0xF81F,0xF81F,0xF81F,0xF81F,0xF81F,0xF81F,0xF81F,0xF81F,0xF81F,0x0140,0x0960,0x1160,0x1160,
  0x0980,0x11C0,0x7D4B,0x756B,0x6D2A,0x6CEB,0x2283,0x1A02,0x0920,0x0120,0x0100,0xF81F,0xF81F,0xF81F,0xF81F,0xF81F,
  0xF81F,0xF81F,0xF81F,0xF81F,0xF81F,0xF81F,0xF81F,0xF81F,0xF81F,0xF81F,0xF81F,0xF81F,0xF81F,0xF81F,0xF81F,0xF81F,
  0xF81F,0xF81F,0xF81F,0xF81F,0xF81F,0xF81F,0xF81F,0xF81F,0xF81F,0xF81F,0xF81F,0xF81F,0xF81F,0xF81F,0xF81F,0xF81F,
  0xF81F,0xF81F,0xF81F,0xF81F,0xF81F,0xF81F,0xF81F,0xF81F,0xF81F,0xF81F,0xF81F,0xF81F,0xF81F,0xF81F,0xF81F,0xF81F,
  0xF81F,0xF81F,0xF81F,0xF81F,0xF81F,0x21E4,0x0901,0x0901,0x0920,0x3284,0x5C08,0x5C08,0x7469,0x7C8A,0x7489,0x74CA,
  0x858C,0x754B,0x3B84,0x3B65,0x43A5,0x53E5,0x4BA5,0x5C09,0x5369,0x4B09,0x538A,0xF81F,0xF81F,0xF81F,0xF81F,0xF81F,
  0xF81F,0xF81F,0xF81F,0xF81F,0xF81F,0xF81F,0xF81F,0xF81F,0xF81F,0xF81F,0xF81F,0xF81F,0xF81F,0xF81F,0xF81F,0xF81F,
  0xF81F,0xF81F,0xF81F,0xF81F,0xF81F,0xF81F,0xF81F,0xF81F,0xF81F,0xF81F,0xF81F,0xF81F,0xF81F,0xF81F,0xF81F,0xF81F,
  0xF81F,0xF81F,0xF81F,0xF81F,0xF81F,0xF81F,0xF81F,0xF81F,0xF81F,0xF81F,0xF81F,0xF81F,0xF81F,0xF81F,0xF81F,0xF81F,
  0xF81F,0xF81F,0x5C2A,0x2A24,0x00E0,0x0900,0x0900,0x3284,0xB691,0xB690,0xE7D5,0xE7F6,0xD794,0xD7B5,0x85AD,0x752B,
  0x1A81,0x1A60,0x6CE9,0x960C,0x9E4C,0xBF11,0xAE12,0x00E0,0x19A2,0xF81F,0xF81F,0xF81F,0xF81F,0xF81F,0xF81F,0xF81F,
  0xF81F,0xF81F,0xF81F,0xF81F,0xF81F,0xF81F,0xF81F,0xF81F,0xF81F,0xF81F,0xF81F,0xF81F,0xF81F,0xF81F,0xF81F,0xF81F,
  0xF81F,0xF81F,0xF81F,0xF81F,0xF81F,0xF81F,0xF81F,0xF81F,0xF81F,0xF81F,0xF81F,0xF81F,0xF81F,0xF81F,0xF81F,0xF81F,
  0xF81F,0xF81F,0xF81F,0xF81F,0xF81F,0xF81F,0xF81F,0xF81F,0xF81F,0xF81F,0xF81F,0xF81F,0xF81F,0xF81F,0xF81F,0x53C9,
  0x5C08,0x5C08,0x63E9,0x6409,0x6C09,0x84EB,0xC711,0xCF11,0xD793,0xDFB4,0xCF73,0xC774,0x64A9,0x4C27,0x3363,0x3342,
  0x7D8A,0x9E6D,0xA66D,0xCF51,0xBE91,0x5367,0x4B48,0x3265,0x3AC7,0xF81F,0xF81F,0xF81F,0xF81F,0xF81F,0xF81F,0xF81F,
  0xF81F,0xF81F,0xF81F,0xF81F,0xF81F,0xF81F,0xF81F,0xF81F,0xF81F,0xF81F,0xF81F,0xF81F,0xF81F,0xF81F,0xF81F,0xF81F,
  0xF81F,0xF81F,0xF81F,0xF81F,0xF81F,0xF81F,0xF81F,0xF81F,0xF81F,0xF81F,0xF81F,0xF81F,0xF81F,0xF81F,0xF81F,0xF81F,
  0xF81F,0xF81F,0xF81F,0xF81F,0xF81F,0xF81F,0xF81F,0xF81F,0xF81F,0x1141,0x1141,0x0920,0x0900,0x0100,0x53A6,0x9E0E,
  0xC732,0xCF73,0xDFB4,0xDFB4,0xE7B4,0xE793,0xCF53,0xCF93,0xA68E,0xA6B0,0x1A81,0x1A60,0x5C87,0x5CA5,0x9E8E,0xAEF0,
  0xB6D0,0xD793,0xE794,0xCEF2,0x9DAF,0x0120,0x3AE7,0xF81F,0xF81F,0xF81F,0xF81F,0xF81F,0xF81F,0xF81F,0xF81F,0xF81F,
  0xF81F,0xF81F,0xF81F,0xF81F,0xF81F,0xF81F,0xF81F,0xF81F,0xF81F,0xF81F,0xF81F,0xF81F,0xF81F,0xF81F,0xF81F,0xF81F,
  0xF81F,0xF81F,0xF81F,0xF81F,0xF81F,0xF81F,0xF81F,0xF81F,0xF81F,0xF81F,0xF81F,0xF81F,0xF81F,0xF81F,0xF81F,0xF81F,
  0x3287,0x536A,0x536A,0x536A,0x538A,0x53AB,0x53CA,0x6409,0x6C0A,0x6C0A,0x742B,0x6C2A,0x958C,0xBEAF,0xCF31,0xCF72,
  0xCF73,0xCF73,0xCF93,0xCF93,0xBEF1,0xBF30,0x9E6D,0x966F,0x1A82,0x22A1,0x7549,0x6D48,0xA6CF,0xB6F1,0xB6F1,0xD793,
  0xE794,0xD753,0xAE50,0x4B66,0x53A9,0x4B49,0x3AA7,0xF81F,0xF81F,0xF81F,0xF81F,0xF81F,0xF81F,0xF81F,0xF81F,0xF81F,
  0xF81F,0xF81F,0xF81F,0xF81F,0xF81F,0xF81F,0xF81F,0xF81F,0xF81F,0xF81F,0xF81F,0xF81F,0xF81F,0xF81F,0xF81F,0xF81F,
  0xF81F,0xF81F,0xF81F,0xF81F,0xF81F,0xF81F,0xF81F,0xF81F,0xF81F,0xF81F,0xF81F,0xF81F,0xF81F,0x00E0,0x0921,0x0921,
  0x0941,0x1161,0x0961,0x0981,0x0980,0xBEF3,0xC713,0xDF94,0xE7B6,0xEFD6,0xE7B5,0xE7B3,0xE7B3,0xD773,0xB6F2,0xAEF1,
  0xAF11,0xAF31,0x9E8D,0x9E6D,0x964E,0x9650,0x22A2,0x2B01,0x85CA,0x85EA,0xAEF0,0xB712,0xBF12,0xC712,0xD753,0xE7D6,
  0xCF52,0x95EC,0x852C,0x0941,0x0101,0xF81F,0xF81F,0xF81F,0xF81F,0xF81F,0xF81F,0xF81F,0xF81F,0xF81F,0xF81F,0xF81F,
  0xF81F,0xF81F,0xF81F,0xF81F,0xF81F,0xF81F,0xF81F,0xF81F,0xF81F,0xF81F,0xF81F,0xF81F,0xF81F,0xF81F,0xF81F,0xF81F,
  0xF81F,0xF81F,0xF81F,0xF81F,0xF81F,0xAE56,0xAE55,0xAE35,0xAE35,0xA635,0xA613,0x2A24,0x2A43,0x3284,0x3AA5,0x42A5,
  0x42E6,0x42E6,0x4B06,0xC6D2,0xCF12,0xD773,0xDFB5,0xDFB5,0xDFB5,0xDFB4,0xD7B4,0xC753,0xAEF2,0xAF11,0x9ECF,0xA70F,
  0x9EAD,0xA6AE,0x8DEE,0x8DCF,0x2AC3,0x3322,0x85CA,0x85CA,0xAEF0,0xB712,0xB712,0xBEF2,0xCF53,0xE7D6,0xD752,0xA62D,
  0x956D,0x0921,0x00E1,0xF81F,0xF81F,0xF81F,0xF81F,0xF81F,0xF81F,0xF81F,0xF81F,0xF81F,0xF81F,0xF81F,0xF81F,0xF81F,
  0xF81F,0xF81F,0xF81F,0xF81F,0xF81F,0xF81F,0xF81F,0xF81F,0xF81F,0xF81F,0xF81F,0xF81F,0xF81F,0xF81F,0xF81F,0xF81F,
  0xF81F,0x0920,0x0920,0x0921,0x0900,0x0900,0x0901,0x0900,0x1161,0x9DF0,0x8DAC,0xCF53,0xD794,0xE795,0xEFD5,0xEFD6,
  0xEFD6,0xE7D6,0xE7B4,0xCF73,0xBED1,0xBEF2,0xB6F2,0xB6F2,0xB6F2,0xAEF1,0xAEF1,0xA6AF,0x8DEA,0x85C9,0x962D,0x9E4F,
  0x09A0,0x0120,0x4B87,0x4BC5,0x7DAA,0x85AA,0xA6D0,0xB712,0xB712,0xBF12,0xC753,0xDFB6,0xE7B5,0xE7B4,0xB671,0x0901,
  0x00E1,0xF81F,0xF81F,0xF81F,0xF81F,0xF81F,0xF81F,0xF81F,0xF81F,0xF81F,0xF81F,0xF81F,0xF81F,0xF81F,0xF81F,0xF81F,
  0xF81F,0xF81F,0xF81F,0xF81F,0xF81F,0xF81F,0xF81F,0xF81F,0xF81F,0xF81F,0xA613,0xA634,0xA634,0xA634,0x4B68,0x19E1,
  0x1A02,0x3243,0x3223,0x3203,0x3203,0x3203,0x42A4,0xA5EE,0x9DCC,0xCF31,0xDF93,0xDF93,0xDFB4,0xDFB4,0xDFB5,0xDFB5,
  0xDFD5,0xC773,0xB6F2,0xB6F2,0xB712,0xB712,0xAF11,0xAF11,0xAF10,0xAEEE,0x8DEA,0x960B,0x74EB,0x74CD,0x0941,0x0921,
  0x3B06,0x3B65,0x7D8B,0x7D8A,0xA6D0,0xB712,0xB712,0xB712,0xBF32,0xCF54,0xDF74,0xE795,0xBEB2,0x11C0,0x1181,0x84F0,
  0x8D51,0xF81F,0xF81F,0xF81F,0xF81F,0xF81F,0xF81F,0xF81F,0xF81F,0xF81F,0xF81F,0xF81F,0xF81F,0xF81F,0xF81F,0xF81F,
  0xF81F,0xF81F,0xF81F,0xF81F,0xF81F,0xF81F,0x0921,0x0921,0x0940,0x0140,0x0140,0x0940,0x3B05,0x74EA,0x8DAD,0xDFB5,
  0xE7D6,0xEFB6,0xE7B7,0xEFD7,0xE7B5,0xE7B3,0xE7D4,0xDFB4,0xDF94,0xC711,0xB6F1,0xB6F1,0xB6F1,0xB711,0xB6F1,0xB712,
  0xB712,0xB6F2,0xB711,0xAEAF,0x960C,0x960B,0x8E0A,0x8E0B,0x8DCB,0x8DCB,0x11E1,0x0120,0x0922,0x0922,0x0960,0x09C0,
  0x756C,0x7D89,0xA6B0,0xB712,0xB712,0xB712,0xB712,0xBEF2,0xCF33,0xE7D6,0xCF74,0xA690,0xAED3,0x1181,0x00C0,0xF81F,
  0xF81F,0xF81F,0xF81F,0xF81F,0xF81F,0xF81F,0xF81F,0xF81F,0xF81F,0xF81F,0xF81F,0xF81F,0xF81F,0xF81F,0xF81F,0xF81F,
  0xF81F,0xF81F,0xF81F,0xF81F,0x1A02,0x1A02,0x2A44,0x2A44,0x2A43,0x2A43,0x5367,0x7CC9,0x9D8C,0xDF74,0xE795,0xE795,
  0xE795,0xDFB5,0xDFB5,0xD7B4,0xDF94,0xD7B4,0xD7B4,0xBF11,0xB6F1,0xB6F1,0xB6F2,0xB712,0xB712,0xAF11,0xAEF0,0xB710,
  0xB710,0xAECE,0x960B,0x962B,0x8E0A,0x85EB,0x7D4C,0x854D,0x1A02,0x0981,0x0982,0x09A3,0x09A2,0x11C2,0x6CAB,0x6CCA,
  0x9E50,0xAEF2,0xAF11,0xB731,0xB712,0xB712,0xCF53,0xE7B5,0xD773,0xB670,0xB692,0x19A2,0x00E0,0xF81F,0xF81F,0xF81F,
  0xF81F,0xF81F,0xF81F,0xF81F,0xF81F,0xF81F,0xF81F,0x1A03,0x0120,0x0120,0x0100,0x0100,0x0100,0x0120,0x0121,0x0100,
  0x0100,0x0120,0x95CF,0xAE70,0xDFB5,0xE7B6,0xE7B6,0xE7D7,0xEFD7,0xEFD6,0xE7D5,0xE7B5,0xEFD5,0xE7D5,0xD774,0xBEF1,
  0xB6D1,0xB6D1,0xB6D1,0xB6D1,0xB6F1,0xAEF1,0xAF11,0xAEF0,0xAEF1,0xAF11,0xAF10,0x966C,0x8DEA,0x8DEA,0x8DCA,0x95EB,
  0x962B,0x962C,0x5C86,0x43A6,0x0160,0x0961,0x0981,0x0981,0x2AC6,0x3B28,0x1A24,0x11C2,0x0160,0x0980,0x6CAA,0x9E8F,
  0xA6D0,0xB712,0xB712,0xB712,0xCF53,0xDFB5,0xE7B5,0xDFB5,0xE7D7,0x19C2,0x00E0,0xF81F,0xF81F,0xF81F,0xF81F,0xF81F,
  0xF81F,0xF81F,0xF81F,0xF81F,0x74AC,0x2263,0x11E2,0x19C2,0x19E2,0x21E2,0x19C2,0x21C2,0x21E3,0x2A03,0x2A23,0x2A22,
  0xA5CE,0xB66F,0xDF73,0xE773,0xE794,0xDF95,0xDF95,0xDFB5,0xDFB5,0xDFB5,0xDFD5,0xDFB5,0xCF94,0xB6F1,0xB6F1,0xB6F2,
  0xB6F2,0xB6F2,0xAEF1,0xAF10,0xAF10,0xA6CF,0xA6CE,0xA6CE,0xA6CD,0x964B,0x85C9,0x85AA,0x7D4A,0x7D4B,0x856C,0x858C,
  0x4BC7,0x4B68,0x2A46,0x3247,0x2225,0x0981,0x2AE5,0x3B67,0x1A84,0x1A24,0x09A1,0x09A0,0x64A8,0x964C,0xA68E,0xB713,
  0xB713,0xBF13,0xC734,0xDFB6,0xDF95,0xE794,0xDFB6,0x21E2,0x0100,0x8510,0xF81F,0xF81F,0xF81F,0xF81F,0xF81F,0xF81F,
  0x0120,0x0140,0x19E1,0x3B04,0xA671,0xBEF3,0xDF96,0xD795,0xD775,0xD754,0xDFB6,0xE7B6,0xE7D6,0xE7D5,0xE7D5,0xE7B4,
  0xE7D3,0xE7F4,0xCF52,0xBED1,0xBEF2,0xBEF2,0xB6D2,0xBEF2,0xBEF2,0xB6F2,0xB6F2,0xB6F2,0xB6F2,0xAEF1,0xAEF1,0xAEF1,
  0xAEF0,0xA6EF,0xA6EF,0x85EA,0x7D88,0x7D88,0x7D68,0x7D69,0x7D6B,0x53E7,0x01A0,0x09A0,0x11A0,0x11A0,0x0961,0x3286,
  0xF81F,0xF81F,0x8531,0x0181,0x2B05,0x3B86,0x3B87,0x3B48,0x09A2,0x11C2,0x5C67,0x85C9,0x9E6D,0xB712,0xB713,0xB712,
  0xBEF3,0xBEF2,0xC712,0xE7D5,0xE7B5,0xAE51,0xAE73,0x1182,0x0901,0xF81F,0xF81F,0xF81F,0xF81F,0x3AC7,0x0120,0x0120,
  0x19E1,0x32C3,0xAE70,0xBEB1,0xDF94,0xD774,0xD773,0xD753,0xDFB4,0xDFB4,0xE7B5,0xE7D5,0xE7D5,0xE7D5,0xE7F5,0xDFF5,
  0xC773,0xB6F1,0xB6F2,0xB6F2,0xB6F2,0xB6F2,0xB6F2,0xB6F2,0xB712,0xB711,0xB711,0xB711,0xAF11,0xAF11,0xAF10,0xAEEF,
  0xAEEF,0x8DEB,0x7D8A,0x7D6A,0x858B,0x856C,0x856E,0x53C8,0x0160,0x09A0,0x09A0,0x1181,0x0982,0x0942,0xF81F,0xF81F,
  0xF81F,0x0981,0x2AE4,0x3B86,0x3B87,0x3B48,0x11A3,0x19E3,0x6488,0x85CA,0x9E8E,0xB732,0xB732,0xB712,0xB6F3,0xB6F2,
  0xC712,0xE7B4,0xE7B4,0xAE90,0xAE73,0x1182,0x0921,0xF81F,0xF81F,0xF81F,0x1983,0x4306,0x5C07,0x5C48,0xA650,0xAE50,
  0xD774,0xDF74,0xE7B5,0xE7B5,0xE7B5,0xE7D5,0xBF11,0xBF11,0xBF11,0xBF12,0xBF12,0xBF11,0xB711,0xB711,0xB6F1,0xAEF1,
  0xAEF1,0xB6F1,0xB6F1,0xB6F1,0xB6F1,0xB711,0xAEAF,0x8DEB,0x8DEA,0x8DEA,0x8DEA,0x8DEA,0x8DEA,0x8DCA,0x8DCB,0x64E7,
  0x5C67,0x1A02,0x19E2,0x19C2,0x19C3,0x2223,0x32C5,0x4BA6,0x6CAB,0x4B88,0x0941,0x0921,0xF81F,0xF81F,0xF81F,0x0980,
  0x2AE5,0x3B86,0x3B87,0x3B67,0x09A1,0x11C2,0x2263,0x5406,0x7529,0xA6AE,0xAEF0,0xB712,0xB712,0xAF12,0xBF32,0xE7B3,
  0xE7B3,0xAEAF,0xAE92,0x1182,0x0120,0xF81F,0xF81F,0xF81F,0x0120,0x3B04,0x7508,0x7D6A,0xBF33,0xCF33,0xE7D6,0xE7D6,
  0xE7D6,0xE7D6,0xE7D6,0xE7F7,0xB712,0xB6F2,0xAEF2,0xAEF1,0xAEF1,0xAF11,0xAEF1,0xAEF1,0xAEF1,0xAEF0,0xAEF0,0xB6F0,
  0xB6F0,0xB6F0,0xB710,0xB710,0xA6AD,0x8DC9,0x8DE9,0x8DE9,0x8DC9,0x8DEB,0x8DCC,0x8DCC,0x8DCC,0x6CE9,0x646A,0x0100,
  0x0101,0x0921,0x0921,0x19E2,0x3B65,0x4BE6,0x750A,0x4B87,0x0100,0x0101,0xF81F,0xF81F,0xF81F,0x0980,0x2AE5,0x3BA7,
  0x3B87,0x4367,0x0981,0x0981,0x11E2,0x3B45,0x6CE8,0x9E8D,0xAEF0,0xB712,0xAF12,0xAF12,0xBF32,0xDFD4,0xDFB3,0xAE8E,
  0xAE71,0x1182,0x0100,0xF81F,0xF81F,0xF81F,0x0961,0x3B45,0x7D49,0x7D69,0xB6F1,0xBEF2,0xBF33,0xBF33,0xBF32,0xBF33,
  0xBF13,0xBF33,0xB6F2,0xB6F2,0xB6F2,0xB6F1,0xAEF1,0xAEF1,0xAEF1,0xAEF0,0x9E8E,0x85EA,0x85EA,0x85C9,0x8DC9,0x85CA,
  0x8DEA,0x8E0A,0x8DEA,0x8DC9,0x8DC9,0x8DCA,0x8DCB,0x3B25,0x2264,0x2264,0x2263,0x1A43,0x1A03,0x9DB3,0xAE35,0x4B49,
  0x0941,0x1A22,0x5428,0x53C8,0x2A84,0x2A24,0xF81F,0xF81F,0xF81F,0xF81F,0x3AC6,0x0981,0x2AE5,0x43A8,0x2AE5,0x1A03,
  0x11A2,0x19C3,0x1183,0x19E2,0x3303,0x9E8E,0xAEF0,0xB711,0xB712,0xAF11,0xAF11,0xB711,0xBEF1,0xD774,0xDF96,0x19A2,
  0x0121,0xF81F,0xF81F,0xF81F,0x0961,0x3B45,0x7D69,0x85A9,0xB710,0xB711,0xB711,0xB712,0xB712,0xB732,0xB711,0xB731,
  0xB711,0xB711,0xB711,0xB711,0xB711,0xAF10,0xAF10,0xAF0F,0x9E8C,0x7DA8,0x85A8,0x8589,0x8589,0x8DAC,0x8DCC,0x8DAC,
  0x8DCC,0x8DAC,0x8DCC,0x8DCC,0x8DCE,0x1A42,0x0180,0x01A0,0x0180,0x0981,0x0962,0xCF59,0xE7FC,0x640C,0x0961,0x2244,
  0x5C2A,0x4B88,0x00E0,0x00C0,0xF81F,0xF81F,0xF81F,0xF81F,0x4B69,0x0961,0x2AC5,0x4BC9,0x32C5,0x11A2,0x5BCB,0x746D,
  0x3AC8,0x0980,0x2262,0x85AB,0x962D,0xAF11,0xAF11,0xAF11,0xAF11,0xB6F1,0xBED1,0xDFB5,0xE7D8,0x19A2,0x0141,0xF81F,
  0xF81F,0xF81F,0x0961,0x3B25,0x6CE7,0x6D07,0x8E0B,0x960C,0xAED0,0xAED1,0xAEF1,0xAEF0,0x962C,0x962C,0x962B,0x962B,
  0x960B,0x960B,0x962B,0x8E0B,0x8E0B,0x8E0B,0x85E9,0x85A8,0x7D89,0x858A,0x5C26,0x1A02,0x1A02,0x1A02,0x1A02,0x1180,
  0x11A1,0x11C1,0x11C1,0x4366,0x5407,0x4BE6,0x644A,0x19E2,0x0962,0xD77A,0xDFDB,0x640C,0x0961,0x11E2,0x1A23,0x4348,
  0x6C4D,0xF81F,0xF81F,0xF81F,0xF81F,0xF81F,0x3AC7,0x0140,0x1A03,0x1A03,0x2223,0x19A2,0xE7FC,0xDFBB,0x53AB,0x0960,
  0x1A42,0x752A,0x8DEC,0xAF10,0xAF11,0xAF11,0xB711,0xB6F1,0xBED1,0xDFB5,0xE7D8,0x19C2,0x0941,0xF81F,0xF81F,0xF81F,
  0x0121,0x3AC5,0x6CA9,0x6CE7,0x85A9,0x85C9,0xA6AE,0xA6AF,0xA6CF,0xA6CE,0x8DEA,0x85E9,0x85E8,0x85C8,0x85C8,0x85C8,
  0x85E9,0x85C9,0x85AB,0x85AB,0x858B,0x858B,0x856C,0x856D,0x53C7,0x0140,0x0941,0x0961,0x0942,0x00E1,0x0901,0x0941,
  0x0980,0x4365,0x6CC8,0x6467,0x7D2C,0x19C2,0x0942,0xDF9B,0xDFDB,0x640C,0x1182,0x11A2,0x0121,0x4B49,0xF81F,0xF81F,
  0xF81F,0xF81F,0xF81F,0xF81F,0x3286,0x0120,0x11A2,0x11A2,0x1182,0x7CAF,0xEFDC,0xE7DB,0x538A,0x0140,0x1A02,0x752B,
  0x8DEC,0xB710,0xAF10,0xAF11,0xB711,0xB6F2,0xBED2,0xE7B5,0xE7D7,0x21E2,0x0960,0xF81F,0xF81F,0xF81F,0x6C2D,0x32A6,
  0x11C1,0x1A41,0x7D49,0x7D67,0x85A8,0x85A9,0x85A9,0x85C9,0x85C8,0x85C8,0x85C9,0x85C9,0x85C8,0x85C9,0x85EA,0x7DA9,
  0x2B03,0x1A41,0x11E1,0x09A0,0x11A1,0x0980,0x1A23,0x3B45,0x4366,0x2A84,0x11C2,0xBEB6,0xA614,0x0920,0x0960,0x4365,
  0x6488,0x4365,0x2AA4,0x53AA,0x63EC,0xF81F,0xF81F,0x4B49,0x0961,0x3AC7,0x8511,0xF81F,0xF81F,0xF81F,0xF81F,0xF81F,
  0xF81F,0xF81F,0x3266,0x0121,0x19A3,0x8D71,0xC718,0xC6D7,0x2A44,0x19C3,0x2204,0x2244,0x1A23,0x1A21,0x3324,0x9E2D,
  0xA68E,0xB711,0xB711,0xBF12,0xBEF2,0xE7B5,0xE7F6,0x8D8D,0x8D8E,0x2A64,0x21E4,0xF81F,0xF81F,0x3246,0x00E0,0x11A0,
  0x7D4C,0x856B,0x858B,0x856B,0x856B,0x858B,0x856B,0x858C,0x85AC,0x85AB,0x85AB,0x85AC,0x85AC,0x7D6C,0x22A3,0x1202,
  0x0161,0x0121,0x0141,0x0960,0x1A23,0x4BE7,0x5408,0x32E5,0x2223,0xDFDB,0xC718,0x0100,0x0140,0x4346,0x6C8B,0x2A84,
  0x0100,0x5BCC,0xF81F,0xF81F,0xF81F,0x21E4,0x0942,0x42E8,0xF81F,0xF81F,0xF81F,0xF81F,0xF81F,0xF81F,0xF81F,0xF81F,
  0x1182,0x0100,0x1182,0x7CCF,0xDFDB,0xBEB6,0x2223,0x0941,0x1A03,0x2A86,0x2224,0x0980,0x2AA4,0x960D,0x9E8E,0xB731,
  0xB712,0xBF12,0xBEF2,0xE7B6,0xE7D5,0xA64F,0x9E2F,0x1180,0x2A05,0xF81F,0xF81F,0xF81F,0x8510,0x5BAA,0x0940,0x0960,
  0x0960,0x0940,0x0940,0x0940,0x0940,0x0940,0x0980,0x09A0,0x09A0,0x0980,0x0180,0x09A1,0x0981,0x0981,0x8531,0xC6B8,
  0x4B49,0x0980,0x2AA3,0x6488,0x6489,0x19E2,0x11A2,0xD7DB,0xC718,0x00E0,0x0940,0x3AE6,0x32C6,0x4348,0x7CAF,0xF81F,
  0xF81F,0xF81F,0xF81F,0xF81F,0x9552,0xF81F,0xF81F,0xF81F,0xF81F,0xF81F,0xF81F,0xF81F,0xF81F,0xF81F,0xF81F,0xF81F,
  0xF81F,0xF81F,0xF81F,0x6C8D,0x0961,0x09A1,0x32E5,0x3B27,0x2265,0x09A1,0x2AC4,0x962C,0x9E8E,0xB732,0xB712,0xBF12,
  0xBED1,0xE7B5,0xE7D5,0xD753,0xDF96,0x19C1,0x2204,0xF81F,0xF81F,0xF81F,0xF81F,0x42E7,0x0100,0x0121,0x0100,0x0100,
  0x0100,0x0100,0x0100,0x0121,0x0941,0x0981,0x0980,0x0980,0x09A0,0x0980,0x09A2,0x0981,0xA5F3,0xE7DB,0x538A,0x09A0,
  0x32C3,0x64A8,0x646A,0x0961,0x1182,0xDFDB,0xC718,0x0100,0x0961,0x2A65,0x0941,0x4308,0xF81F,0xF81F,0xF81F,0xF81F,
  0xF81F,0xF81F,0xF81F,0xF81F,0xF81F,0xF81F,0xF81F,0xF81F,0xF81F,0xF81F,0xF81F,0xF81F,0xF81F,0xF81F,0xF81F,0xF81F,
  0xF81F,0xF81F,0xF81F,0xF81F,0x3B27,0x3B07,0x2A66,0x09A2,0x32E3,0x962C,0x9E8E,0xB732,0xB713,0xBF12,0xBEF2,0xDFD6,
  0xE7D5,0xDF94,0xE7B7,0x19A1,0x2224,0xF81F,0xF81F,0xF81F,0xF81F,0xF81F,0xF81F,0xF81F,0xF81F,0xF81F,0xF81F,0xF81F,
  0xF81F,0xF81F,0x2225,0x0941,0x32E5,0x3B45,0x32E4,0x3305,0x11A2,0x0961,0xA613,0xDFDB,0x538A,0x09A1,0x3304,0x5C69,
  0x32C5,0x4B48,0x7CCF,0xD7BA,0xC718,0x00E0,0x0941,0x2A24,0x3AC6,0x5BEB,0xF81F,0xF81F,0xF81F,0xF81F,0xF81F,0xF81F,
  0xF81F,0xF81F,0xF81F,0xF81F,0xF81F,0xF81F,0xF81F,0xF81F,0xF81F,0xF81F,0xF81F,0xF81F,0xF81F,0xF81F,0xF81F,0xF81F,
  0x0120,0xF81F,0x2A44,0x32A6,0x2245,0x11A1,0x2AA3,0x7D49,0x8DEC,0xB732,0xB713,0xBF12,0xBEF2,0xC733,0xCF32,0xDF94,
  0xDF96,0x21C1,0x2224,0xF81F,0xF81F,0xF81F,0xF81F,0xF81F,0xF81F,0xF81F,0xF81F,0xF81F,0xF81F,0xF81F,0xF81F,0xF81F,
  0x0100,0x0120,0x53E7,0x6489,0x4BC6,0x53A8,0x0981,0x0961,0xA634,0xDFFB,0x4B8A,0x11C1,0x2AC4,0x3B26,0x0120,0x6C2D,
  0xF81F,0xF81F,0xF81F,0x00E0,0x0941,0x3AA6,0xF81F,0xF81F,0xF81F,0xF81F,0xF81F,0xF81F,0xF81F,0xF81F,0xF81F,0xF81F,
  0xF81F,0xF81F,0xF81F,0xF81F,0xF81F,0xF81F,0xF81F,0xF81F,0xF81F,0xF81F,0xF81F,0xF81F,0xF81F,0xF81F,0x0100,0x0901,
  0x0900,0xB676,0x7CCF,0x09A1,0x2AA3,0x7509,0x85AC,0xB732,0xB712,0xB712,0xBF13,0xB712,0xC6F1,0xDFB4,0xDF96,0x21E2,
  0x2204,0xF81F,0xF81F,0xF81F,0xF81F,0xF81F,0xF81F,0xF81F,0xF81F,0xF81F,0xF81F,0xF81F,0xF81F,0xF81F,0x0100,0x0120,
  0x53C7,0x6469,0x32C5,0x3286,0x4308,0x3266,0xF81F,0xF81F,0x3B08,0x09A1,0x2264,0x2244,0x3265,0xF81F,0xF81F,0xF81F,
  0xF81F,0x2A05,0x2A45,0x538A,0xF81F,0xF81F,0xF81F,0xF81F,0xF81F,0xF81F,0xF81F,0xF81F,0xF81F,0xF81F,0xF81F,0xF81F,
  0xF81F,0xF81F,0xF81F,0xF81F,0xF81F,0xF81F,0xF81F,0xF81F,0xF81F,0xF81F,0xF81F,0x21E4,0x3AA7,0x42E8,0x63AC,0xC6D8,
  0x8D31,0x0960,0x1A22,0x4BC6,0x750A,0xB732,0xB712,0xB713,0xB713,0xB712,0xBEF1,0xDF94,0xDF96,0x21C1,0x2204,0xF81F,
  0xF81F,0xF81F,0xF81F,0xF81F,0xF81F,0xF81F,0xF81F,0xF81F,0xF81F,0xF81F,0xF81F,0xF81F,0x0100,0x0120,0x4B88,0x642A,
  0x11A2,0x00E0,0xA5D4,0xF81F,0xF81F,0xF81F,0x1182,0x0941,0x19E3,0x644C,0xF81F,0xF81F,0xF81F,0xF81F,0xF81F,0xF81F,
  0xF81F,0xF81F,0xF81F,0xF81F,0xF81F,0xF81F,0xF81F,0xF81F,0xF81F,0xF81F,0xF81F,0xF81F,0xF81F,0xF81F,0xF81F,0xF81F,
  0xF81F,0xF81F,0xF81F,0xF81F,0xF81F,0xF81F,0xF81F,0xF81F,0x00E0,0x1162,0xA5F4,0xBEF7,0xDFDB,0xDF9B,0x8D31,0x0940,
  0x0981,0x1A22,0x53E8,0xB733,0xB712,0xB712,0xB712,0xB711,0xBEF0,0xDFB4,0xE7B7,0x2202,0x0941,0x7CAF,0xF81F,0xF81F,
  0xF81F,0xF81F,0xF81F,0xF81F,0xF81F,0xF81F,0xF81F,0xF81F,0xF81F,0xF81F,0x2A46,0x0121,0x32A5,0x32C6,0x3AA6,0x00E0,
  0xF81F,0xF81F,0xF81F,0xF81F,0x0942,0x0941,0x1161,0xF81F,0xF81F,0xF81F,0xF81F,0xF81F,0xF81F,0xF81F,0xF81F,0xF81F,
  0xF81F,0xF81F,0xF81F,0xF81F,0xF81F,0xF81F,0xF81F,0xF81F,0xF81F,0xF81F,0xF81F,0xF81F,0xF81F,0xF81F,0xF81F,0xF81F,
  0xF81F,0xF81F,0xF81F,0xF81F,0xF81F,0xF81F,0x0921,0x1162,0xF81F,0xF81F,0xDFBB,0xDFBB,0x84F0,0x0920,0x0961,0x1A03,
  0x4BE8,0xB713,0xB6F2,0xB6F2,0xB6F2,0xB711,0xBED0,0xDFB4,0xE7D7,0x2A23,0x0941,0x2A45,0xF81F,0xF81F,0xF81F,0xF81F,
  0xF81F,0xF81F,0xF81F,0xF81F,0xF81F,0xF81F,0xF81F,0x0101,0x0922,0x0921,0x0921,0x0100,0xA5F4,0xF81F,0xF81F,0xF81F,
  0xF81F,0xF81F,0xF81F,0xF81F,0xF81F,0xF81F,0xF81F,0xF81F,0xF81F,0xF81F,0xF81F,0xF81F,0xF81F,0xF81F,0xF81F,0xF81F,
  0xF81F,0xF81F,0xF81F,0xF81F,0xF81F,0xF81F,0xF81F,0xF81F,0xF81F,0xF81F,0xF81F,0xF81F,0xF81F,0xF81F,0xF81F,0xF81F,
  0xF81F,0xF81F,0xF81F,0xF81F,0xF81F,0xF81F,0xF81F,0xF81F,0xF81F,0xDFBB,0x84F0,0x0100,0x0941,0x11E3,0x4BC7,0xB712,
  0xAEF1,0xB711,0xB712,0xB711,0xBEF0,0xE794,0xE7B7,0x2A43,0x0941,0x2A25,0xF81F,0xF81F,0xF81F,0xF81F,0xF81F,0xF81F,
  0xF81F,0xF81F,0xF81F,0xF81F,0xF81F,0x2A25,0x42E8,0x42C8,0x42C8,0x29E5,0xF81F,0xF81F,0xF81F,0xF81F,0xF81F,0xF81F,
  0xF81F,0xF81F,0xF81F,0xF81F,0xF81F,0xF81F,0xF81F,0xF81F,0xF81F,0xF81F,0xF81F,0xF81F,0xF81F,0xF81F,0xF81F,0xF81F,
  0xF81F,0xF81F,0xF81F,0xF81F,0xF81F,0xF81F,0xF81F,0xF81F,0xF81F,0xF81F,0xF81F,0xF81F,0xF81F,0xF81F,0xF81F,0xF81F,
  0xF81F,0xF81F,0xF81F,0xF81F,0xF81F,0xF81F,0xF81F,0x6C2C,0x640C,0x2A65,0x2245,0x11C1,0x43A6,0xA6B0,0xA6AF,0xB6F1,
  0xB6F2,0xB711,0xBEF0,0xE794,0xE7B7,0x2A43,0x0921,0x2A25,0xF81F,0xF81F,0xF81F,0xF81F,0xF81F,0xF81F,0xF81F,0xF81F,
  0xF81F,0xF81F,0xF81F,0xF81F,0xF81F,0xF81F,0xF81F,0xF81F,0xF81F,0xF81F,0xF81F,0xF81F,0xF81F,0xF81F,0xF81F,0xF81F,
  0xF81F,0xF81F,0xF81F,0xF81F,0xF81F,0xF81F,0xF81F,0xF81F,0xF81F,0xF81F,0xF81F,0xF81F,0xF81F,0xF81F,0xF81F,0xF81F,
  0xF81F,0xF81F,0xF81F,0xF81F,0xF81F,0xF81F,0xF81F,0xF81F,0xF81F,0xF81F,0xF81F,0xF81F,0xF81F,0xF81F,0xF81F,0xF81F,
  0xF81F,0xF81F,0xF81F,0xF81F,0x4B49,0x0961,0x1182,0x3AE7,0x2265,0x0980,0x3304,0x7D8A,0x8DEC,0xAEF1,0xB6F2,0xB6F1,
  0xB6D0,0xE794,0xE7B7,0x2A43,0x0921,0x2A25,0xF81F,0xF81F,0xF81F,0xF81F,0xF81F,0xF81F,0xF81F,0xF81F,0xF81F,0xF81F,
  0xF81F,0xF81F,0xF81F,0xF81F,0xF81F,0xF81F,0xF81F,0xF81F,0xF81F,0xF81F,0xF81F,0xF81F,0xF81F,0xF81F,0xF81F,0xF81F,
  0xF81F,0xF81F,0xF81F,0xF81F,0xF81F,0xF81F,0xF81F,0xF81F,0xF81F,0xF81F,0xF81F,0xF81F,0xF81F,0xF81F,0xF81F,0xF81F,
  0xF81F,0xF81F,0xF81F,0xF81F,0xF81F,0xF81F,0xF81F,0xF81F,0xF81F,0xF81F,0xF81F,0xF81F,0xF81F,0xF81F,0xF81F,0xF81F,
  0xF81F,0xF81F,0x32A6,0x19C3,0x19A2,0x2A65,0x2224,0x0980,0x3324,0x7D8A,0x8DCB,0xAEF1,0xAEF2,0xB6F1,0xB6D0,0xE774,
  0xE797,0x2A43,0x0921,0x2A25,0xF81F,0xF81F,0xF81F,0xF81F,0xF81F,0xF81F,0xF81F,0xF81F,0xF81F,0xF81F,0xF81F,0xF81F,
  0xF81F,0xF81F,0xF81F,0xF81F,0xF81F,0xF81F,0xF81F,0xF81F,0xF81F,0xF81F,0xF81F,0xF81F,0xF81F,0xF81F,0xF81F,0xF81F,
  0xF81F,0xF81F,0xF81F,0xF81F,0xF81F,0xF81F,0xF81F,0xF81F,0xF81F,0xF81F,0xF81F,0xF81F,0xF81F,0xF81F,0xF81F,0xF81F,
  0xF81F,0xF81F,0xF81F,0xF81F,0xF81F,0xF81F,0xF81F,0xF81F,0xF81F,0xF81F,0xF81F,0xF81F,0xF81F,0xF81F,0x0941,0x0961,
  0x0961,0x19A2,0x2A45,0xD79A,0x9DF3,0x0980,0x3324,0x7D6B,0x8DEC,0xB6F1,0xB6F2,0xB6F1,0xB6D0,0xE774,0xE797,0x2A43,
  0x0921,0x2A25,0xF81F,0xF81F,0xF81F,0xF81F,0xF81F,0xF81F,0xF81F,0xF81F,0xF81F,0xF81F,0xF81F,0xF81F,0xF81F,0xF81F,
  0xF81F,0xF81F,0xF81F,0xF81F,0xF81F,0xF81F,0xF81F,0xF81F,0xF81F,0xF81F,0xF81F,0xF81F,0xF81F,0xF81F,0xF81F,0xF81F,
  0xF81F,0xF81F,0xF81F,0xF81F,0xF81F,0xF81F,0xF81F,0xF81F,0xF81F,0xF81F,0xF81F,0xF81F,0xF81F,0xF81F,0xF81F,0xF81F,
  0xF81F,0xF81F,0xF81F,0xF81F,0xF81F,0xF81F,0xF81F,0xF81F,0xF81F,0xF81F,0xF81F,0xF81F,0x0921,0x11A3,0x21E4,0x3AC7,
  0x4B29,0xE7DC,0xAE15,0x11A2,0x32E5,0x5C48,0x750A,0xB712,0xB6F2,0xB6F1,0xB6D0,0xE774,0xE796,0x2A23,0x0921,0x2A25,
  0xF81F,0xF81F,0xF81F,0xF81F,0xF81F,0xF81F,0xF81F,0xF81F,0xF81F,0xF81F,0xF81F,0xF81F,0xF81F,0xF81F,0xF81F,0xF81F,
  0xF81F,0xF81F,0xF81F,0xF81F,0xF81F,0xF81F,0xF81F,0xF81F,0xF81F,0xF81F,0xF81F,0xF81F,0xF81F,0xF81F,0xF81F,0xF81F,
  0xF81F,0xF81F,0xF81F,0xF81F,0xF81F,0xF81F,0xF81F,0xF81F,0xF81F,0xF81F,0xF81F,0xF81F,0xF81F,0xF81F,0xF81F,0xF81F,
  0xF81F,0xF81F,0xF81F,0xF81F,0xF81F,0xF81F,0xF81F,0xF81F,0xF81F,0xF81F,0x0120,0x11A3,0x6C4E,0xE7DC,0xE7FC,0xDFBB,
  0xAE35,0x11C3,0x2243,0x1A41,0x3B45,0xB713,0xB6F2,0xB6F1,0xBED0,0xDF94,0xE796,0x2A23,0x0921,0x2A25,0xF81F,0xF81F,
  0xF81F,0xF81F,0xF81F,0xF81F,0xF81F,0xF81F,0xF81F,0xF81F,0xF81F,0xF81F,0xF81F,0xF81F,0xF81F,0xF81F,0xF81F,0xF81F,
  0xF81F,0xF81F,0xF81F,0xF81F,0xF81F,0xF81F,0xF81F,0xF81F,0xF81F,0xF81F,0xF81F,0xF81F,0xF81F,0xF81F,0xF81F,0xF81F,
  0xF81F,0xF81F,0xF81F,0xF81F,0xF81F,0xF81F,0xF81F,0xF81F,0xF81F,0xF81F,0xF81F,0xF81F,0xF81F,0xF81F,0xF81F,0xF81F,
  0xF81F,0xF81F,0xF81F,0xF81F,0xF81F,0xF81F,0xF81F,0xF81F,0x0100,0x11A2,0x538A,0xD7BA,0xDFDB,0xDFDB,0xAE55,0x11C2,
  0x2243,0x1A22,0x4366,0xBF13,0xB6F2,0xB6F2,0xBED1,0xDF94,0xE7B6,0x2A03,0x0921,0x2A65,0xF81F,0xF81F,0xF81F,0xF81F,
  0xF81F,0xF81F,0xF81F,0xF81F,0xF81F,0xF81F,0xF81F,0xF81F,0xF81F,0xF81F,0xF81F,0xF81F,0xF81F,0xF81F,0xF81F,0xF81F,
  0xF81F,0xF81F,0xF81F,0xF81F,0xF81F,0xF81F,0xF81F,0xF81F,0xF81F,0xF81F,0xF81F,0xF81F,0xF81F,0xF81F,0xF81F,0xF81F,
  0xF81F,0xF81F,0xF81F,0xF81F,0xF81F,0xF81F,0xF81F,0xF81F,0xF81F,0xF81F,0xF81F,0xF81F,0xF81F,0xF81F,0xF81F,0xF81F,
  0xF81F,0xF81F,0xF81F,0xF81F,0xF81F,0xF81F,0xF81F,0xF81F,0xF81F,0xF81F,0xCF79,0x2204,0x21E3,0x11A2,0x11C2,0x11E2,
  0x3B05,0xBF33,0xB712,0xBF13,0xC6D2,0xDF94,0xE796,0x2A04,0x0921,0x2A65,0xF81F,0xF81F,0xF81F,0xF81F,0xF81F,0xF81F,
  0xF81F,0xF81F,0xF81F,0xF81F,0xF81F,0xF81F,0xF81F,0xF81F,0xF81F,0xF81F,0xF81F,0xF81F,0xF81F,0xF81F,0xF81F,0xF81F,
  0xF81F,0xF81F,0xF81F,0xF81F,0xF81F,0xF81F,0xF81F,0xF81F,0xF81F,0xF81F,0xF81F,0xF81F,0xF81F,0xF81F,0xF81F,0xF81F,
  0xF81F,0xF81F,0xF81F,0xF81F,0xF81F,0xF81F,0xF81F,0xF81F,0xF81F,0xF81F,0xF81F,0xF81F,0xF81F,0xF81F,0xF81F,0xF81F,
  0xF81F,0xF81F,0xF81F,0xF81F,0xF81F,0xF81F,0xF81F,0xF81F,0xF81F,0x0961,0x0941,0x0961,0x09A1,0x11A1,0x3B05,0xBF34,
  0xBF12,0xBF13,0xC6D2,0xDF94,0xE796,0x2A04,0x0921,0x2A65,0xF81F,0xF81F,0xF81F,0xF81F,0xF81F,0xF81F,0xF81F,0xF81F,
  0xF81F,0xF81F,0xF81F,0xF81F,0xF81F,0xF81F,0xF81F,0xF81F,0xF81F,0xF81F,0xF81F,0xF81F,0xF81F,0xF81F,0xF81F,0xF81F,
  0xF81F,0xF81F,0xF81F,0xF81F,0xF81F,0xF81F,0xF81F,0xF81F,0xF81F,0xF81F,0xF81F,0xF81F,0xF81F,0xF81F,0xF81F,0xF81F,
  0xF81F,0xF81F,0xF81F,0xF81F,0xF81F,0xF81F,0xF81F,0xF81F,0xF81F,0xF81F,0xF81F,0xF81F,0xF81F,0xF81F,0xF81F,0xF81F,
  0xF81F,0xF81F,0xF81F,0xF81F,0xF81F,0x3AC7,0x1161,0x0100,0x1162,0xAE35,0x8D50,0x11A1,0x3B05,0xBF33,0xB732,0xBF13,
  0xBEF2,0xDF94,0xE7B6,0x2A04,0x0121,0x2A65,0xF81F,0xF81F,0xF81F,0xF81F,0xF81F,0xF81F,0xF81F,0xF81F,0xF81F,0xF81F,
  0xF81F,0xF81F,0xF81F,0xF81F,0xF81F,0xF81F,0xF81F,0xF81F,0xF81F,0xF81F,0xF81F,0xF81F,0xF81F,0xF81F,0xF81F,0xF81F,
  0xF81F,0xF81F,0xF81F,0xF81F,0xF81F,0xF81F,0xF81F,0xF81F,0xF81F,0xF81F,0xF81F,0xF81F,0xF81F,0xF81F,0xF81F,0xF81F,
  0xF81F,0xF81F,0xF81F,0xF81F,0xF81F,0xF81F,0xF81F,0xF81F,0xF81F,0xF81F,0xF81F,0xF81F,0xF81F,0xF81F,0xF81F,0xF81F,
  0xF81F,0xF81F,0xF81F,0x00E0,0x00E0,0x0100,0x1162,0xDFDB,0xA634,0x0980,0x3B25,0xBF53,0xBF32,0xBF33,0xBF12,0xD7D4,
  0xDFD6,0x2A04,0x0101,0x3AC6,0xF81F,0xF81F,0xF81F,0xF81F,0xF81F,0xF81F,0xF81F,0xF81F,0xF81F,0xF81F,0xF81F,0xF81F,
  0xF81F,0xF81F,0xF81F,0xF81F,0xF81F,0xF81F,0xF81F,0xF81F,0xF81F,0xF81F,0xF81F,0xF81F,0xF81F,0xF81F,0xF81F,0xF81F,
  0xF81F,0xF81F,0xF81F,0xF81F,0xF81F,0xF81F,0xF81F,0xF81F,0xF81F,0xF81F,0xF81F,0xF81F,0xF81F,0xF81F,0xF81F,0xF81F,
  0xF81F,0xF81F,0xF81F,0xF81F,0xF81F,0xF81F,0xF81F,0xF81F,0xF81F,0xF81F,0xF81F,0xF81F,0xF81F,0xF81F,0xF81F,0xF81F,
  0xF81F,0xF81F,0xF81F,0xBED7,0xAE14,0x1162,0x1182,0x11A1,0x32E4,0xA6B0,0x9E6F,0xBF12,0xBF12,0xAE8F,0x9E0F,0x21E3,
  0x2245,0xF81F,0xF81F,0xF81F,0xF81F,0xF81F,0xF81F,0xF81F,0xF81F,0xF81F,0xF81F,0xF81F,0xF81F,0xF81F,0xF81F,0xF81F,
  0xF81F,0xF81F,0xF81F,0xF81F,0xF81F,0xF81F,0xF81F,0xF81F,0xF81F,0xF81F,0xF81F,0xF81F,0xF81F,0xF81F,0xF81F,0xF81F,
  0xF81F,0xF81F,0xF81F,0xF81F,0xF81F,0xF81F,0xF81F,0xF81F,0xF81F,0xF81F,0xF81F,0xF81F,0xF81F,0xF81F,0xF81F,0xF81F,
  0xF81F,0xF81F,0xF81F,0xF81F,0xF81F,0xF81F,0xF81F,0xF81F,0xF81F,0xF81F,0xF81F,0xF81F,0xF81F,0xF81F,0xF81F,0xF81F,
  0xF81F,0xF81F,0xAE55,0x0920,0x0981,0x11E2,0x3304,0x9E6E,0x9E4D,0xBF13,0xB732,0x95EC,0x854B,0x11C1,0xF81F,0xF81F,
  0xF81F,0xF81F,0xF81F,0xF81F,0xF81F,0xF81F,0xF81F,0xF81F,0xF81F,0xF81F,0xF81F,0xF81F,0xF81F,0xF81F,0xF81F,0xF81F,
  0xF81F,0xF81F,0xF81F,0xF81F,0xF81F,0xF81F,0xF81F,0xF81F,0xF81F,0xF81F,0xF81F,0xF81F,0xF81F,0xF81F,0xF81F,0xF81F,
  0xF81F,0xF81F,0xF81F,0xF81F,0xF81F,0xF81F,0xF81F,0xF81F,0xF81F,0xF81F,0xF81F,0xF81F,0xF81F,0xF81F,0xF81F,0xF81F,
  0xF81F,0xF81F,0xF81F,0xF81F,0xF81F,0xF81F,0xF81F,0xF81F,0xF81F,0xF81F,0xF81F,0xF81F,0xF81F,0xF81F,0xF81F,0x5BCB,
  0x3AE7,0x2224,0x2264,0x2264,0x3B44,0x9E6D,0x9E4D,0xBF33,0xB733,0x858B,0x750B,0x11C1,0xF81F,0xF81F,0xF81F,0xF81F,
  0xF81F,0xF81F,0xF81F,0xF81F,0xF81F,0xF81F,0xF81F,0xF81F,0xF81F,0xF81F,0xF81F,0xF81F,0xF81F,0xF81F,0xF81F,0xF81F,
  0xF81F,0xF81F,0xF81F,0xF81F,0xF81F,0xF81F,0xF81F,0xF81F,0xF81F,0xF81F,0xF81F,0xF81F,0xF81F,0xF81F,0xF81F,0xF81F,
  0xF81F,0xF81F,0xF81F,0xF81F,0xF81F,0xF81F,0xF81F,0xF81F,0xF81F,0xF81F,0xF81F,0xF81F,0xF81F,0xF81F,0xF81F,0xF81F,
  0xF81F,0xF81F,0xF81F,0xF81F,0xF81F,0xF81F,0xF81F,0xF81F,0xF81F,0xF81F,0xF81F,0xF81F,0xF81F,0x3286,0x0961,0x2224,
  0x2245,0x1A43,0x3324,0x9E6D,0x9E4D,0xBF33,0xBF33,0x7D2C,0x74CB,0x0980,0xF81F,0xF81F,0xF81F,0xF81F,0xF81F,0xF81F,
  0xF81F,0xF81F,0xF81F,0xF81F,0xF81F,0xF81F,0xF81F,0xF81F,0xF81F,0xF81F,0xF81F,0xF81F,0xF81F,0xF81F,0xF81F,0xF81F,
  0xF81F,0xF81F,0xF81F,0xF81F,0xF81F,0xF81F,0xF81F,0xF81F,0xF81F,0xF81F,0xF81F,0xF81F,0xF81F,0xF81F,0xF81F,0xF81F,
  0xF81F,0xF81F,0xF81F,0xF81F,0xF81F,0xF81F,0xF81F,0xF81F,0xF81F,0xF81F,0xF81F,0xF81F,0xF81F,0xF81F,0xF81F,0xF81F,
  0xF81F,0xF81F,0xF81F,0xF81F,0xF81F,0xF81F,0xF81F,0xF81F,0xF81F,0xF81F,0x1182,0x1182,0x1182,0x0141,0x11C2,0x1A22,
  0x3324,0xA6AE,0x9E6D,0xA6AF,0xA691,0x11E1,0x0981,0xA634,0xF81F,0xF81F,0xF81F,0xF81F,0xF81F,0xF81F,0xF81F,0xF81F,
  0xF81F,0xF81F,0xF81F,0xF81F,0xF81F,0xF81F,0xF81F,0xF81F,0xF81F,0xF81F,0xF81F,0xF81F,0xF81F,0xF81F,0xF81F,0xF81F,
  0xF81F,0xF81F,0xF81F,0xF81F,0xF81F,0xF81F,0xF81F,0xF81F,0xF81F,0xF81F,0xF81F,0xF81F,0xF81F,0xF81F,0xF81F,0xF81F,
  0xF81F,0xF81F,0xF81F,0xF81F,0xF81F,0xF81F,0xF81F,0xF81F,0xF81F,0xF81F,0xF81F,0xF81F,0xF81F,0xF81F,0xF81F,0xF81F,
  0xF81F,0xF81F,0xF81F,0xF81F,0xF81F,0xF81F,0xF81F,0x2A65,0x0120,0x0982,0x0961,0x0140,0x1A02,0x2AE3,0x5426,0xA6EF,
  0x9E8E,0xA6AF,0xAEB2,0x11C1,0x0961,0xF81F,0xF81F,0xF81F,0xF81F,0xF81F,0xF81F,0xF81F,0xF81F,0xF81F,0xF81F,0xF81F,
  0xF81F,0xF81F,0xF81F,0xF81F,0xF81F,0xF81F,0xF81F,0xF81F,0xF81F,0xF81F,0xF81F,0xF81F,0xF81F,0xF81F,0xF81F,0xF81F,
  0xF81F,0xF81F,0xF81F,0xF81F,0xF81F,0xF81F,0xF81F,0xF81F,0xF81F,0xF81F,0xF81F,0xF81F,0xF81F,0xF81F,0xF81F,0xF81F,
  0xF81F,0xF81F,0xF81F,0xF81F,0xF81F,0xF81F,0xF81F,0xF81F,0xF81F,0xF81F,0xF81F,0xF81F,0xF81F,0xF81F,0xF81F,0xF81F,
  0xF81F,0xF81F,0xF81F,0xF81F,0xF81F,0xF81F,0xF81F,0xF81F,0x538A,0x0940,0x32E4,0x5C68,0x6D28,0xA6CF,0x9EAF,0x7D8B,
  0x856D,0x11A1,0x0941,0xF81F,0xF81F,0xF81F,0xF81F,0xF81F,0xF81F,0xF81F,0xF81F,0xF81F,0xF81F,0xF81F,0xF81F,0xF81F,
  0xF81F,0xF81F,0xF81F,0xF81F,0xF81F,0xF81F,0xF81F,0xF81F,0xF81F,0xF81F,0xF81F,0xF81F,0xF81F,0xF81F,0xF81F,0xF81F,
  0xF81F,0xF81F,0xF81F,0xF81F,0xF81F,0xF81F,0xF81F,0xF81F,0xF81F,0xF81F,0xF81F,0xF81F,0xF81F,0xF81F,0xF81F,0xF81F,
  0xF81F,0xF81F,0xF81F,0xF81F,0xF81F,0xF81F,0xF81F,0xF81F,0xF81F,0xF81F,0xF81F,0xF81F,0xF81F,0xF81F,0xF81F,0xF81F,
  0xF81F,0xF81F,0xF81F,0xF81F,0xF81F,0xF81F,0xA614,0x0160,0x3B65,0x7D8A,0x7DCA,0xA6CE,0xA6CF,0x6D2A,0x74EB,0x0961,
  0x0121,0xF81F,0xF81F,0xF81F,0xF81F,0xF81F,0xF81F,0xF81F,0xF81F,0xF81F,0xF81F,0xF81F,0xF81F,0xF81F,0xF81F,0xF81F,
  0xF81F,0xF81F,0xF81F,0xF81F,0xF81F,0xF81F,0xF81F,0xF81F,0xF81F,0xF81F,0xF81F,0xF81F,0xF81F,0xF81F,0xF81F,0xF81F,
  0xF81F,0xF81F,0xF81F,0xF81F,0xF81F,0xF81F,0xF81F,0xF81F,0xF81F,0xF81F,0xF81F,0xF81F,0xF81F,0xF81F,0xF81F,0xF81F,
  0xF81F,0xF81F,0xF81F,0xF81F,0xF81F,0xF81F,0xF81F,0xF81F,0xF81F,0xF81F,0xF81F,0xF81F,0xF81F,0xF81F,0xF81F,0xF81F,
  0xF81F,0xF81F,0xF81F,0xF81F,0xA634,0x0140,0x3B65,0x7D6A,0x7DA9,0x964C,0x9E4E,0x2263,0x21E3,0x5BAA,0xF81F,0xF81F,
  0xF81F,0xF81F,0xF81F,0xF81F,0xF81F,0xF81F,0xF81F,0xF81F,0xF81F,0xF81F,0xF81F,0xF81F,0xF81F,0xF81F,0xF81F,0xF81F,
  0xF81F,0xF81F,0xF81F,0xF81F,0xF81F,0xF81F,0xF81F,0xF81F,0xF81F,0xF81F,0xF81F,0xF81F,0xF81F,0xF81F,0xF81F,0xF81F,
  0xF81F,0xF81F,0xF81F,0xF81F,0xF81F,0xF81F,0xF81F,0xF81F,0xF81F,0xF81F,0xF81F,0xF81F,0xF81F,0xF81F,0xF81F,0xF81F,
  0xF81F,0xF81F,0xF81F,0xF81F,0xF81F,0xF81F,0xF81F,0xF81F,0xF81F,0xF81F,0xF81F,0xF81F,0xF81F,0xF81F,0xF81F,0xF81F,
  0xF81F,0xF81F,0xA5F4,0x0140,0x3B45,0x7D8A,0x7D89,0x8E0D,0x95F0,0x1182,0x00E0,0xF81F,0xF81F,0xF81F,0xF81F,0xF81F,
  0xF81F,0xF81F,0xF81F,0xF81F,0xF81F,0xF81F,0xF81F,0xF81F,0xF81F,0xF81F,0xF81F,0xF81F,0xF81F,0xF81F,0xF81F,0xF81F,
  0xF81F,0xF81F,0xF81F,0xF81F,0xF81F,0xF81F,0xF81F,0xF81F,0xF81F,0xF81F,0xF81F,0xF81F,0xF81F,0xF81F,0xF81F,0xF81F,
  0xF81F,0xF81F,0xF81F,0xF81F,0xF81F,0xF81F,0xF81F,0xF81F,0xF81F,0xF81F,0xF81F,0xF81F,0xF81F,0xF81F,0xF81F,0xF81F,
  0xF81F,0xF81F,0xF81F,0xF81F,0xF81F,0xF81F,0xF81F,0xF81F,0xF81F,0xF81F,0xF81F,0xF81F,0xF81F,0xF81F,0xF81F,0xF81F,
  0xAE55,0x0120,0x43A6,0x8DEB,0x7549,0x32E4,0x32C6,0x3286,0x1182,0xF81F,0xF81F,0xF81F,0xF81F,0xF81F,0xF81F,0xF81F,
  0xF81F,0xF81F,0xF81F,0xF81F,0xF81F,0xF81F,0xF81F,0xF81F,0xF81F,0xF81F,0xF81F,0xF81F,0xF81F,0xF81F,0xF81F,0xF81F,
  0xF81F,0xF81F,0xF81F,0xF81F,0xF81F,0xF81F,0xF81F,0xF81F,0xF81F,0xF81F,0xF81F,0xF81F,0xF81F,0xF81F,0xF81F,0xF81F,
  0xF81F,0xF81F,0xF81F,0xF81F,0xF81F,0xF81F,0xF81F,0xF81F,0xF81F,0xF81F,0xF81F,0xF81F,0xF81F,0xF81F,0xF81F,0xF81F,
  0xF81F,0xF81F,0xF81F,0xF81F,0xF81F,0xF81F,0xF81F,0xF81F,0xF81F,0xF81F,0xF81F,0xF81F,0xF81F,0xF81F,0x63CB,0x0140,
  0x43A6,0x964C,0x7529,0x0960,0x0101,0xF81F,0xF81F,0xF81F,0xF81F,0xF81F,0xF81F,0xF81F,0xF81F,0xF81F,0xF81F,0xF81F,
  0xF81F,0xF81F,0xF81F,0xF81F,0xF81F,0xF81F,0xF81F,0xF81F,0xF81F,0xF81F,0xF81F,0xF81F,0xF81F,0xF81F,0xF81F,0xF81F,
  0xF81F,0xF81F,0xF81F,0xF81F,0xF81F,0xF81F,0xF81F,0xF81F,0xF81F,0xF81F,0xF81F,0xF81F,0xF81F,0xF81F,0xF81F,0xF81F,
  0xF81F,0xF81F,0xF81F,0xF81F,0xF81F,0xF81F,0xF81F,0xF81F,0xF81F,0xF81F,0xF81F,0xF81F,0xF81F,0xF81F,0xF81F,0xF81F,
  0xF81F,0xF81F,0xF81F,0xF81F,0xF81F,0xF81F,0xF81F,0xF81F,0xF81F,0xF81F,0xF81F,0xF81F,0x4BA9,0x2AA3,0x5C87,0x962C,
  0x750A,0x0960,0x0121,0xF81F,0xF81F,0xF81F,0xF81F,0xF81F,0xF81F,0xF81F,0xF81F,0xF81F,0xF81F,0xF81F,0xF81F,0xF81F,
  0xF81F,0xF81F,0xF81F,0xF81F,0xF81F,0xF81F,0xF81F,0xF81F,0xF81F,0xF81F,0xF81F,0xF81F,0xF81F,0xF81F,0xF81F,0xF81F,
  0xF81F,0xF81F,0xF81F,0xF81F,0xF81F,0xF81F,0xF81F,0xF81F,0xF81F,0xF81F,0xF81F,0xF81F,0xF81F,0xF81F,0xF81F,0xF81F,
  0xF81F,0xF81F,0xF81F,0xF81F,0xF81F,0xF81F,0xF81F,0xF81F,0xF81F,0xF81F,0xF81F,0xF81F,0xF81F,0xF81F,0xF81F,0xF81F,
  0xF81F,0xF81F,0xF81F,0xF81F,0xF81F,0xF81F,0xF81F,0xF81F,0xF81F,0x0120,0x2AA4,0x5C68,0x752A,0x960E,0x74EB,0x0940,
  0x0100,0xF81F,0xF81F,0xF81F,0xF81F,0xF81F,0xF81F,0xF81F,0xF81F,0xF81F,0xF81F,0xF81F,0xF81F,0xF81F,0xF81F,0xF81F,
  0xF81F,0xF81F,0xF81F,0xF81F,0xF81F,0xF81F,0xF81F,0xF81F,0xF81F,0xF81F,0xF81F,0xF81F,0xF81F,0xF81F,0xF81F,0xF81F,
  0xF81F,0xF81F,0xF81F,0xF81F,0xF81F,0xF81F,0xF81F,0xF81F,0xF81F,0xF81F,0xF81F,0xF81F,0xF81F,0xF81F,0xF81F,0xF81F,
  0xF81F,0xF81F,0xF81F,0xF81F,0xF81F,0xF81F,0xF81F,0xF81F,0xF81F,0xF81F,0xF81F,0xF81F,0xF81F,0xF81F,0xF81F,0xF81F,
  0xF81F,0xF81F,0xF81F,0xF81F,0xF81F,0xF81F,0x00E0,0x0120,0x32C5,0x6488,0x6CC9,0x5408,0x4BA8,0x1182,0x1182,0xF81F,
  0xF81F,0xF81F,0xF81F,0xF81F,0xF81F,0xF81F,0xF81F,0xF81F,0xF81F,0xF81F,0xF81F,0xF81F,0xF81F,0xF81F,0xF81F,0xF81F,
  0xF81F,0xF81F,0xF81F,0xF81F,0xF81F,0xF81F,0xF81F,0xF81F,0xF81F,0xF81F,0xF81F,0xF81F,0xF81F,0xF81F,0xF81F,0xF81F,
  0xF81F,0xF81F,0xF81F,0xF81F,0xF81F,0xF81F,0xF81F,0xF81F,0xF81F,0xF81F,0xF81F,0xF81F,0xF81F,0xF81F,0xF81F,0xF81F,
  0xF81F,0xF81F,0xF81F,0xF81F,0xF81F,0xF81F,0xF81F,0xF81F,0xF81F,0xF81F,0xF81F,0xF81F,0xF81F,0xF81F,0xF81F,0xF81F,
  0xF81F,0xF81F,0xF81F,0xF81F,0x3AA7,0x0100,0x4326,0x8D8E,0x644A,0x0940,0x2205,0xF81F,0xF81F,0xF81F,0xF81F,0xF81F,
  0xF81F,0xF81F,0xF81F,0xF81F,0xF81F,0xF81F,0xF81F,0xF81F,0xF81F,0xF81F,0xF81F,0xF81F,0xF81F,0xF81F,0xF81F,0xF81F,
  0xF81F,0xF81F,0xF81F,0xF81F,0xF81F,0xF81F,0xF81F,0xF81F,0xF81F,0xF81F,0xF81F,0xF81F,0xF81F,0xF81F,0xF81F,0xF81F,
  0xF81F,0xF81F,0xF81F,0xF81F,0xF81F,0xF81F,0xF81F,0xF81F,0xF81F,0xF81F,0xF81F,0xF81F,0xF81F,0xF81F,0xF81F,0xF81F,
  0xF81F,0xF81F,0xF81F,0xF81F,0xF81F,0xF81F,0xF81F,0xF81F,0xF81F,0xF81F,0xF81F,0xF81F,0xF81F,0xF81F,0xF81F,0xF81F,
  0xF81F,0x3266,0x4306,0x4B87,0x4B46,0x4307,0x4B68,0x3AC7,0x42E8,0xF81F,0xF81F,0xF81F,0xF81F,0xF81F,0xF81F,0xF81F,
  0xF81F,0xF81F,0xF81F,0xF81F,0xF81F,0xF81F,0xF81F,0xF81F,0xF81F,0xF81F,0xF81F,0xF81F,0xF81F,0xF81F,0xF81F,0xF81F,
  0xF81F,0xF81F,0xF81F,0xF81F,0xF81F,0xF81F,0xF81F,0xF81F,0xF81F,0xF81F,0xF81F,0xF81F,0xF81F,0xF81F,0xF81F,0xF81F,
  0xF81F,0xF81F,0xF81F,0xF81F,0xF81F,0xF81F,0xF81F,0xF81F,0xF81F,0xF81F,0xF81F,0xF81F,0xF81F,0xF81F,0xF81F,0xF81F,
  0xF81F,0xF81F,0xF81F,0xF81F,0xF81F,0xF81F,0xF81F,0xF81F,0xF81F,0xF81F,0xF81F,0xF81F,0xF81F,0xF81F,0x00C1,0x0100,
  0x4346,0x8D8D,0x4306,0x0100,0x3AA7,0xF81F,0xF81F,0xF81F,0xF81F,0xF81F,0xF81F,0xF81F,0xF81F,0xF81F,0xF81F,0xF81F,
  0xF81F,0xF81F,0xF81F,0xF81F,0xF81F,0xF81F,0xF81F,0xF81F,0xF81F,0xF81F,0xF81F,0xF81F,0xF81F,0xF81F,0xF81F,0xF81F,
  0xF81F,0xF81F,0xF81F,0xF81F,0xF81F,0xF81F,0xF81F,0xF81F,0xF81F,0xF81F,0xF81F,0xF81F,0xF81F,0xF81F,0xF81F,0xF81F,
  0xF81F,0xF81F,0xF81F,0xF81F,0xF81F,0xF81F,0xF81F,0xF81F,0xF81F,0xF81F,0xF81F,0xF81F,0xF81F,0xF81F,0xF81F,0xF81F,
  0xF81F,0xF81F,0xF81F,0xF81F,0xF81F,0xF81F,0xF81F,0xF81F,0xF81F,0xF81F,0xF81F,0x6C6C,0x2A44,0x19C1,0x4B46,0x74AC,
  0x4308,0x1984,0x5B8B,0xF81F,0xF81F,0xF81F,0xF81F,0xF81F,0xF81F,0xF81F,0xF81F,0xF81F,0xF81F,0xF81F,0xF81F,0xF81F,
  0xF81F,0xF81F,0xF81F,0xF81F,0xF81F,0xF81F,0xF81F,0xF81F,0xF81F,0xF81F,0xF81F,0xF81F,0xF81F,0xF81F,0xF81F,0xF81F,
  0xF81F,0xF81F,0xF81F,0xF81F,0xF81F,0xF81F,0xF81F,0xF81F,0xF81F,0xF81F,0xF81F,0xF81F,0xF81F,0xF81F,0xF81F,0xF81F,
  0xF81F,0xF81F,0xF81F,0xF81F,0xF81F,0xF81F,0xF81F,0xF81F,0xF81F,0xF81F,0xF81F,0xF81F,0xF81F,0xF81F,0xF81F,0xF81F,
  0xF81F,0xF81F,0xF81F,0xF81F,0xF81F,0xF81F,0xF81F,0xF81F,0x0100,0x0120,0x5BE9,0x854D,0x3AC5,0x00E0,0x42A8,0xF81F,
  0xF81F,0xF81F,0xF81F,0xF81F,0xF81F,0xF81F,0xF81F,0xF81F,0xF81F,0xF81F,0xF81F,0xF81F,0xF81F,0xF81F,0xF81F,0xF81F,
  0xF81F,0xF81F,0xF81F,0xF81F,0xF81F,0xF81F,0xF81F,0xF81F,0xF81F,0xF81F,0xF81F,0xF81F,0xF81F,0xF81F,0xF81F,0xF81F,
  0xF81F,0xF81F,0xF81F,0xF81F,0xF81F,0xF81F,0xF81F,0xF81F,0xF81F,0xF81F,0xF81F,0xF81F,0xF81F,0xF81F,0xF81F,0xF81F,
  0xF81F,0xF81F,0xF81F,0xF81F,0xF81F,0xF81F,0xF81F,0xF81F,0xF81F,0xF81F,0xF81F,0xF81F,0xF81F,0xF81F,0xF81F,0xF81F,
  0xF81F,0xF81F,0xF81F,0xF81F,0xF81F,0xF81F,0x0921,0x0142,0x3AE5,0x53C8,0x4308,0x3AA8,0x534A,0xF81F,0xF81F,0xF81F,
  0xF81F,0xF81F,0xF81F,0xF81F,0xF81F,0xF81F,0xF81F,0xF81F,0xF81F,0xF81F,0xF81F,0xF81F,0xF81F,0xF81F,0xF81F,0xF81F,
  0xF81F,0xF81F,0xF81F,0xF81F,0xF81F,0xF81F,0xF81F,0xF81F,0xF81F,0xF81F,0xF81F,0xF81F,0xF81F,0xF81F,0xF81F,0xF81F,
  0xF81F,0xF81F,0xF81F,0xF81F,0xF81F,0xF81F,0xF81F,0xF81F,0xF81F,0xF81F,0xF81F,0xF81F,0xF81F,0xF81F,0xF81F,0xF81F,
  0xF81F,0xF81F,0xF81F,0xF81F,0xF81F,0xF81F,0xF81F,0xF81F,0xF81F,0xF81F,0xF81F,0xF81F,0xF81F,0xF81F,0xF81F,0xF81F,
  0xF81F,0xF81F,0xF81F,0xF81F,0x0921,0x0962,0x0941,0x0920,0x2A25,0xF81F,0xF81F,0xF81F,0xF81F,0xF81F,0xF81F,0xF81F,
  0xF81F,0xF81F,0xF81F,0xF81F,0xF81F,0xF81F,0xF81F,0xF81F,0xF81F,0xF81F,0xF81F,0xF81F,0xF81F,0xF81F,0xF81F,0xF81F,
  0xF81F,0xF81F,0xF81F,0xF81F,0xF81F,0xF81F,0xF81F,0xF81F,0xF81F,0xF81F,0xF81F,0xF81F,0xF81F,0xF81F,0xF81F,0xF81F,
  0xF81F,0xF81F,0xF81F,0xF81F,0xF81F,0xF81F,0xF81F,0xF81F,0xF81F,0xF81F,0xF81F,0xF81F,0xF81F,0xF81F,0xF81F,0xF81F,
  0xF81F,0xF81F,0xF81F,0xF81F,0xF81F,0xF81F,0xF81F,0xF81F,0xF81F,0xF81F,0xF81F,0xF81F,0xF81F,0xF81F,0xF81F,0xF81F,
  0xF81F,0xF81F,0x0921,0x0921,0x0920,0x0120,0xF81F,0xF81F,0xF81F,0xF81F,0xF81F,0xF81F,0xF81F,0xF81F,0xF81F,0xF81F,
  0xF81F,0xF81F,0xF81F,0xF81F,0xF81F,0xF81F,
};
static const RigPart RIG_SCYTHE = { RIG_SCYTHE_PX, 78, 69, 4.22f, 21.75f };
static const float RIG_SCYTHE_TIP_X = 61.56f, RIG_SCYTHE_TIP_Y = 66.91f;

static const uint16_t RIG_THIGH_PX[2650] = {
  0xF81F,0xF81F,0xF81F,0xF81F,0xF81F,0xF81F,0xF81F,0xF81F,0xF81F,0xF81F,0xF81F,0xF81F,0xF81F,0xF81F,0xF81F,0xF81F,
  0xF81F,0xF81F,0xF81F,0xF81F,0xF81F,0xF81F,0xF81F,0xF81F,0xF81F,0xF81F,0xF81F,0xF81F,0xF81F,0xF81F,0xF81F,0xF81F,
  0xF81F,0xF81F,0xF81F,0xF81F,0x4B29,0x3AA7,0x3AA7,0x3AA7,0x3AA7,0x3AA7,0x3AA7,0x3AA7,0x3AA7,0x3AA7,0xF81F,0xF81F,
  0xF81F,0xF81F,0xF81F,0xF81F,0xF81F,0xF81F,0xF81F,0xF81F,0xF81F,0xF81F,0xF81F,0xF81F,0xF81F,0xF81F,0xF81F,0xF81F,
  0xF81F,0xF81F,0xF81F,0xF81F,0xF81F,0xF81F,0xF81F,0xF81F,0xF81F,0xF81F,0xF81F,0xF81F,0xF81F,0xF81F,0xF81F,0xF81F,
  0xF81F,0xF81F,0xF81F,0xF81F,0xF81F,0xF81F,0x19A3,0x0920,0x0120,0x0100,0x0100,0x0100,0x0100,0x0120,0x0120,0x00E0,
  0xF81F,0xF81F,0xF81F,0xF81F,0xF81F,0xF81F,0xF81F,0xF81F,0xF81F,0xF81F,0xF81F,0xF81F,0xF81F,0xF81F,0xF81F,0xF81F,
  0xF81F,0xF81F,0xF81F,0xF81F,0xF81F,0xF81F,0xF81F,0xF81F,0xF81F,0xF81F,0xF81F,0xF81F,0xF81F,0xF81F,0xF81F,0xF81F,
  0xF81F,0xF81F,0xF81F,0xF81F,0xF81F,0xF81F,0x534A,0x536A,0x6C6B,0x7CED,0x9DF0,0x95AF,0x852D,0x7D0D,0x6C8B,0x646A,
  0x4367,0x4B68,0x3AC6,0x42E8,0xF81F,0xF81F,0xF81F,0xF81F,0xF81F,0xF81F,0xF81F,0xF81F,0xF81F,0xF81F,0xF81F,0xF81F,
  0xF81F,0xF81F,0xF81F,0xF81F,0xF81F,0xF81F,0xF81F,0xF81F,0xF81F,0xF81F,0xF81F,0xF81F,0xF81F,0xF81F,0xF81F,0xF81F,
  0xF81F,0xF81F,0xF81F,0xF81F,0xF81F,0xF81F,0xF81F,0xF81F,0x00C0,0x0920,0x7D2B,0x9E0F,0xC753,0xBF12,0xA64F,0x9E2F,
  0x858D,0x7D4C,0x4B86,0x4BC8,0x0981,0x0120,0xF81F,0xF81F,0xF81F,0xF81F,0xF81F,0xF81F,0xF81F,0xF81F,0xF81F,0xF81F,
  0xF81F,0xF81F,0xF81F,0xF81F,0xF81F,0xF81F,0xF81F,0xF81F,0xF81F,0xF81F,0xF81F,0xF81F,0xF81F,0xF81F,0xF81F,0xF81F,
  0xF81F,0xF81F,0xF81F,0xF81F,0xF81F,0xF81F,0xF81F,0xF81F,0x4B2A,0x536A,0x5BE9,0x53C6,0x9E4D,0xBED0,0xDFB3,0xDF93,
  0xD793,0xC772,0x9E8F,0x9E6F,0x752A,0x7D6C,0x4BC8,0x4B89,0x3286,0x4308,0xF81F,0xF81F,0xF81F,0xF81F,0xF81F,0xF81F,
  0xF81F,0xF81F,0xF81F,0xF81F,0xF81F,0xF81F,0xF81F,0xF81F,0xF81F,0xF81F,0xF81F,0xF81F,0xF81F,0xF81F,0xF81F,0xF81F,
  0xF81F,0xF81F,0xF81F,0xF81F,0xF81F,0xF81F,0xF81F,0xF81F,0xF81F,0xF81F,0x00C0,0x1182,0x7D0D,0x74EA,0xAE6F,0xBED1,
  0xE794,0xDF93,0xDFB4,0xCF93,0xA68F,0x9E6E,0x756A,0x7D8C,0x5428,0x53EA,0x0120,0x0941,0xF81F,0xF81F,0xF81F,0xF81F,
  0xF81F,0xF81F,0xF81F,0xF81F,0xF81F,0xF81F,0xF81F,0xF81F,0xF81F,0xF81F,0xF81F,0xF81F,0xF81F,0xF81F,0xF81F,0xF81F,
  0xF81F,0xF81F,0xF81F,0xF81F,0xF81F,0xF81F,0xF81F,0xF81F,0xF81F,0xF81F,0xF81F,0xF81F,0x0100,0x1161,0x53E9,0x4BC6,
  0x74CB,0x850C,0xB691,0xBED1,0xCF73,0xBF32,0xA66F,0x966E,0x756A,0x7D8B,0x5428,0x4BA9,0x0100,0x0941,0xF81F,0xF81F,
  0xF81F,0xF81F,0xF81F,0xF81F,0xF81F,0xF81F,0xF81F,0xF81F,0xF81F,0xF81F,0xF81F,0xF81F,0xF81F,0xF81F,0xF81F,0xF81F,
  0xF81F,0xF81F,0xF81F,0xF81F,0xF81F,0xF81F,0xF81F,0xF81F,0xF81F,0xF81F,0xF81F,0xF81F,0xF81F,0xF81F,0x00E0,0x0120,
  0x11E2,0x09C0,0x2242,0x1A41,0x6CCA,0x750A,0xA6B0,0xA690,0x9E6F,0x964E,0x754A,0x756B,0x5408,0x4BA9,0x0100,0x0941,
  0xF81F,0xF81F,0xF81F,0xF81F,0xF81F,0xF81F,0xF81F,0xF81F,0xF81F,0xF81F,0xF81F,0xF81F,0xF81F,0xF81F,0xF81F,0xF81F,
  0xF81F,0xF81F,0xF81F,0xF81F,0xF81F,0xF81F,0xF81F,0xF81F,0xF81F,0xF81F,0xF81F,0xF81F,0xF81F,0xF81F,0xF81F,0xF81F,
  0x0120,0x0960,0x1A01,0x1200,0x1A62,0x1A41,0x64AB,0x6CCB,0x9E50,0x964F,0x9E6F,0x962D,0x754A,0x756B,0x5408,0x4BA9,
  0x0100,0x0941,0xF81F,0xF81F,0xF81F,0xF81F,0xF81F,0xF81F,0xF81F,0xF81F,0xF81F,0xF81F,0xF81F,0xF81F,0xF81F,0xF81F,
  0xF81F,0xF81F,0xF81F,0xF81F,0xF81F,0xF81F,0xF81F,0xF81F,0xF81F,0xF81F,0xF81F,0xF81F,0xF81F,0xF81F,0xF81F,0x4B4A,
  0x0920,0x2202,0x8DAE,0x85AC,0x8DCC,0x95ED,0x5427,0x4BC7,0x11E1,0x1201,0x5409,0x4C07,0x7DAC,0x85CC,0x756B,0x7D8C,
  0x5408,0x4BA9,0x0120,0x0942,0xF81F,0xF81F,0xF81F,0xF81F,0xF81F,0xF81F,0xF81F,0xF81F,0xF81F,0xF81F,0xF81F,0xF81F,
  0xF81F,0xF81F,0xF81F,0xF81F,0xF81F,0xF81F,0xF81F,0xF81F,0xF81F,0xF81F,0xF81F,0xF81F,0xF81F,0xF81F,0xF81F,0xF81F,
  0xF81F,0x6C2D,0x11A2,0x2AA3,0x95EC,0x8DEA,0x962A,0x962B,0x5C87,0x5406,0x1200,0x1A21,0x4387,0x43A7,0x7D6D,0x7D8C,
  0x754B,0x7D8C,0x5428,0x4BC9,0x0140,0x1162,0xF81F,0xF81F,0xF81F,0xF81F,0xF81F,0xF81F,0xF81F,0xF81F,0xF81F,0xF81F,
  0xF81F,0xF81F,0xF81F,0xF81F,0xF81F,0xF81F,0xF81F,0xF81F,0xF81F,0xF81F,0xF81F,0xF81F,0xF81F,0xF81F,0xF81F,0xF81F,
  0xF81F,0x536A,0x0100,0x32A5,0xAE72,0xAE90,0xB6EF,0xB70F,0xAEEE,0xA6EE,0x8E0B,0x85AB,0x43A5,0x4366,0x0980,0x0160,
  0x4367,0x4BE8,0x4C07,0x5428,0x5429,0x540A,0x0140,0x1162,0xF81F,0xF81F,0xF81F,0xF81F,0xF81F,0xF81F,0xF81F,0xF81F,
  0xF81F,0xF81F,0xF81F,0xF81F,0xF81F,0xF81F,0xF81F,0xF81F,0xF81F,0xF81F,0xF81F,0xF81F,0xF81F,0xF81F,0xF81F,0xF81F,
  0xF81F,0xF81F,0x42E7,0x4B28,0x2202,0x4344,0xB6B1,0xB6B0,0xBEF0,0xB6F0,0xAED0,0xA6D0,0x8DEA,0x7D8A,0x4BE4,0x4BC7,
  0x11E1,0x0982,0x3B27,0x4388,0x5409,0x5408,0x542A,0x5C0A,0x0140,0x0962,0xF81F,0xF81F,0xF81F,0xF81F,0xF81F,0xF81F,
  0xF81F,0xF81F,0xF81F,0xF81F,0xF81F,0xF81F,0xF81F,0xF81F,0xF81F,0xF81F,0xF81F,0xF81F,0xF81F,0xF81F,0xF81F,0xF81F,
  0xF81F,0xF81F,0xF81F,0x7CD0,0x00C0,0x3265,0xB692,0xBEF0,0xD7B3,0xDFD5,0xD7B4,0xCF73,0xAED0,0xAEF0,0x964C,0x8E0B,
  0x5CA7,0x5C89,0x22A3,0x2244,0x0141,0x11E2,0x4BA8,0x4BC9,0x32E6,0x32C6,0x0120,0x0942,0xF81F,0xF81F,0xF81F,0xF81F,
  0xF81F,0xF81F,0xF81F,0xF81F,0xF81F,0xF81F,0xF81F,0xF81F,0xF81F,0xF81F,0xF81F,0xF81F,0xF81F,0xF81F,0xF81F,0xF81F,
  0xF81F,0xF81F,0xF81F,0xF81F,0xF81F,0x6C0D,0x21C3,0x4B46,0xB68F,0xBEEF,0xDFD4,0xDFB4,0xD774,0xCF53,0xAECF,0xA6CE,
  0x964C,0x8E0B,0x5CA7,0x5C68,0x3325,0x2AA5,0x0961,0x11C2,0x3B27,0x4347,0x2A85,0x32A6,0x2A46,0x3AA7,0xF81F,0xF81F,
  0xF81F,0xF81F,0xF81F,0xF81F,0xF81F,0xF81F,0xF81F,0xF81F,0xF81F,0xF81F,0xF81F,0xF81F,0xF81F,0xF81F,0xF81F,0xF81F,
  0xF81F,0xF81F,0xF81F,0xF81F,0xF81F,0x4B4A,0x00E0,0x0120,0xAE6F,0xC730,0xE7D4,0xE7D4,0xEFF5,0xDFD4,0xB6F0,0xB6F0,
  0xAEEF,0xAF0F,0x964D,0x8E0C,0x5466,0x5C67,0x3B45,0x3AE6,0x00E0,0x0901,0x00E0,0x0101,0x00E1,0x0901,0xF81F,0xF81F,
  0xF81F,0xF81F,0xF81F,0xF81F,0xF81F,0xF81F,0xF81F,0xF81F,0xF81F,0xF81F,0xF81F,0xF81F,0xF81F,0xF81F,0xF81F,0xF81F,
  0xF81F,0xF81F,0xF81F,0xF81F,0xF81F,0xF81F,0xF81F,0x536A,0x0120,0x0940,0xB690,0xCF31,0xE7D4,0xE7D4,0xE7F5,0xDFD4,
  0xB6F0,0xB710,0xAF0F,0xAEEF,0x966D,0x964C,0x5C86,0x5C68,0x4BA7,0x3B07,0x00C0,0x00E0,0x00E0,0x00E0,0x00E0,0x0921,
  0xF81F,0xF81F,0xF81F,0xF81F,0xF81F,0xF81F,0xF81F,0xF81F,0xF81F,0xF81F,0xF81F,0xF81F,0xF81F,0xF81F,0xF81F,0xF81F,
  0xF81F,0xF81F,0xF81F,0xF81F,0xF81F,0xF81F,0xF81F,0xF81F,0x2A45,0x5389,0x9DCE,0xB670,0xDF95,0xDFB5,0xE7D4,0xD793,
  0xBEF0,0xB6F0,0xB710,0xAECF,0x8E0C,0x8E0C,0x7547,0x7548,0x5C66,0x5C08,0x0940,0x1142,0xF81F,0xF81F,0xF81F,0xF81F,
  0xF81F,0xF81F,0xF81F,0xF81F,0xF81F,0xF81F,0xF81F,0xF81F,0xF81F,0xF81F,0xF81F,0xF81F,0xF81F,0xF81F,0xF81F,0xF81F,
  0xF81F,0xF81F,0xF81F,0xF81F,0xF81F,0xF81F,0xF81F,0xF81F,0xF81F,0xF81F,0x0900,0x5387,0xBED0,0xD773,0xEFF7,0xE7D6,
  0xE7D5,0xCF93,0xB710,0xB710,0xB710,0xA6EF,0x85CB,0x8DEB,0x6D07,0x6CE8,0x6448,0x640A,0x00E0,0x08E1,0xF81F,0xF81F,
  0xF81F,0xF81F,0xF81F,0xF81F,0xF81F,0xF81F,0xF81F,0xF81F,0xF81F,0xF81F,0xF81F,0xF81F,0xF81F,0xF81F,0xF81F,0xF81F,
  0xF81F,0xF81F,0xF81F,0xF81F,0xF81F,0xF81F,0xF81F,0xF81F,0xF81F,0x5BAB,0x2204,0x5388,0xA5F0,0xBEB2,0xE7D4,0xE7D5,
  0xE7D6,0xD754,0xBF12,0xBF31,0xB710,0xAEEF,0x962C,0x85EA,0x64C6,0x64A7,0x6CC7,0x5C27,0x1181,0x3245,0xF81F,0xF81F,
  0xF81F,0xF81F,0xF81F,0xF81F,0xF81F,0xF81F,0xF81F,0xF81F,0xF81F,0xF81F,0xF81F,0xF81F,0xF81F,0xF81F,0xF81F,0xF81F,
  0xF81F,0xF81F,0xF81F,0xF81F,0xF81F,0xF81F,0xF81F,0xF81F,0xF81F,0xF81F,0xF81F,0x3AA7,0x0940,0x5387,0xBED1,0xD753,
  0xEFF7,0xE7B6,0xE7F6,0xC753,0xB712,0xB731,0xB751,0xA6EF,0x8E2B,0x85CA,0x6486,0x64A7,0x6C8A,0x6429,0x00C0,0x2A05,
  0xF81F,0xF81F,0xF81F,0xF81F,0xF81F,0xF81F,0xF81F,0xF81F,0xF81F,0xF81F,0xF81F,0xF81F,0xF81F,0xF81F,0xF81F,0xF81F,
  0xF81F,0xF81F,0xF81F,0xF81F,0xF81F,0xF81F,0xF81F,0xF81F,0xF81F,0xF81F,0xF81F,0x3266,0x21C4,0x4B48,0xAE52,0xBED1,
  0xDFD3,0xE7D4,0xE7B7,0xD735,0xC712,0xB711,0xAEF2,0xA6AF,0x962C,0x85EA,0x7548,0x7528,0x64C6,0x6CC7,0x11C0,0x19A2,
  0x8D11,0x9552,0xF81F,0xF81F,0xF81F,0xF81F,0xF81F,0xF81F,0xF81F,0xF81F,0xF81F,0xF81F,0xF81F,0xF81F,0xF81F,0xF81F,
  0xF81F,0xF81F,0xF81F,0xF81F,0xF81F,0xF81F,0xF81F,0xF81F,0xF81F,0xF81F,0xF81F,0xF81F,0xF81F,0x0921,0x00C0,0x4AE7,
  0xBEB1,0xC730,0xE7F4,0xE7D5,0xE7F6,0xCF53,0xBF32,0xBF31,0xAEF0,0xA6AE,0x8DCB,0x85CA,0x7548,0x7528,0x6CC8,0x74C9,
  0x0941,0x0921,0xF81F,0xF81F,0xF81F,0xF81F,0xF81F,0xF81F,0xF81F,0xF81F,0xF81F,0xF81F,0xF81F,0xF81F,0xF81F,0xF81F,
  0xF81F,0xF81F,0xF81F,0xF81F,0xF81F,0xF81F,0xF81F,0xF81F,0xF81F,0xF81F,0xF81F,0xF81F,0xF81F,0xF81F,0x3AC8,0x5BCA,
  0x9DD0,0xBEB1,0xDFB4,0xD793,0xC732,0xC732,0xBF12,0xB6F1,0xB6F0,0xAECF,0x960C,0x8DEB,0x7D68,0x7D67,0x7D68,0x6466,
  0x2242,0x2223,0x746D,0x748E,0xF81F,0xF81F,0xF81F,0xF81F,0xF81F,0xF81F,0xF81F,0xF81F,0xF81F,0xF81F,0xF81F,0xF81F,
  0xF81F,0xF81F,0xF81F,0xF81F,0xF81F,0xF81F,0xF81F,0xF81F,0xF81F,0xF81F,0xF81F,0xF81F,0xF81F,0xF81F,0xF81F,0x5BCC,
  0x0100,0x53A8,0xBEB1,0xD7B3,0xE7F5,0xD794,0xBF12,0xB711,0xB6F0,0xB710,0xAEF0,0xAECF,0x85AA,0x85A9,0x7547,0x7526,
  0x7D48,0x5C07,0x0100,0x00E0,0xF81F,0xF81F,0xF81F,0xF81F,0xF81F,0xF81F,0xF81F,0xF81F,0xF81F,0xF81F,0xF81F,0xF81F,
  0xF81F,0xF81F,0xF81F,0xF81F,0xF81F,0xF81F,0xF81F,0xF81F,0xF81F,0xF81F,0xF81F,0xF81F,0xF81F,0xF81F,0xF81F,0xF81F,
  0x3A87,0x4308,0x63E8,0x956E,0xCF54,0xD773,0xCF52,0xC732,0xB711,0xAF10,0xAEEF,0xAEEF,0x8E0B,0x85CA,0x6D07,0x7546,
  0x6D06,0x6487,0x4325,0x4B68,0x2A25,0x2A25,0xF81F,0xF81F,0xF81F,0xF81F,0xF81F,0xF81F,0xF81F,0xF81F,0xF81F,0xF81F,
  0xF81F,0xF81F,0xF81F,0xF81F,0xF81F,0xF81F,0xF81F,0xF81F,0xF81F,0xF81F,0xF81F,0xF81F,0xF81F,0xF81F,0xF81F,0xF81F,
  0xF81F,0x536A,0x0940,0x19E2,0xB6B0,0xCF74,0xDFB6,0xCF54,0xBF12,0xBF30,0xAF10,0xAF10,0xAF0F,0xA6CE,0x7D68,0x7528,
  0x64A5,0x6CE5,0x6CC7,0x53C8,0x00C0,0x3267,0xF81F,0xF81F,0xF81F,0xF81F,0xF81F,0xF81F,0xF81F,0xF81F,0xF81F,0xF81F,
  0xF81F,0xF81F,0xF81F,0xF81F,0xF81F,0xF81F,0xF81F,0xF81F,0xF81F,0xF81F,0xF81F,0xF81F,0xF81F,0xF81F,0xF81F,0xF81F,
  0xF81F,0xF81F,0x19A3,0x2A44,0x5C09,0x74AB,0xCF53,0xCF53,0xCF73,0xBF11,0xB711,0xB710,0xAEF0,0xA6AF,0x960B,0x8E0B,
  0x7548,0x7507,0x6485,0x5C07,0x32C4,0x4B27,0x3A87,0x4B2A,0xF81F,0xF81F,0xF81F,0xF81F,0xF81F,0xF81F,0xF81F,0xF81F,
  0xF81F,0xF81F,0xF81F,0xF81F,0xF81F,0xF81F,0xF81F,0xF81F,0xF81F,0xF81F,0xF81F,0xF81F,0xF81F,0xF81F,0xF81F,0xF81F,
  0xF81F,0xF81F,0xF81F,0xF81F,0x0120,0x11A0,0x9DEF,0xB6B1,0xDFD5,0xC753,0xBF11,0xB711,0xB711,0xB711,0xB711,0x9E6D,
  0x7D48,0x7D48,0x7508,0x74E8,0x64A7,0x5368,0x00C0,0x3266,0xF81F,0xF81F,0xF81F,0xF81F,0xF81F,0xF81F,0xF81F,0xF81F,
  0xF81F,0xF81F,0xF81F,0xF81F,0xF81F,0xF81F,0xF81F,0xF81F,0xF81F,0xF81F,0xF81F,0xF81F,0xF81F,0xF81F,0xF81F,0xF81F,
  0xF81F,0xF81F,0xF81F,0xF81F,0x2225,0x4328,0x19E2,0x5C09,0xAE90,0xBF11,0xCF94,0xC732,0xBF12,0xB6F1,0xB711,0xB6F0,
  0x9E4D,0x8E0B,0x7D47,0x7D48,0x5406,0x53C7,0x4BA6,0x5349,0x5329,0x63CB,0xF81F,0xF81F,0xF81F,0xF81F,0xF81F,0xF81F,
  0xF81F,0xF81F,0xF81F,0xF81F,0xF81F,0xF81F,0xF81F,0xF81F,0xF81F,0xF81F,0xF81F,0xF81F,0xF81F,0xF81F,0xF81F,0xF81F,
  0xF81F,0xF81F,0xF81F,0xF81F,0xF81F,0xF81F,0x00E0,0x0940,0x32A4,0xB6B2,0xCF53,0xC732,0xBF11,0xB711,0xB712,0xB6F1,
  0xB710,0xAECF,0x85A9,0x85A9,0x7D49,0x750A,0x0140,0x0120,0x0100,0x42E8,0xF81F,0xF81F,0xF81F,0xF81F,0xF81F,0xF81F,
  0xF81F,0xF81F,0xF81F,0xF81F,0xF81F,0xF81F,0xF81F,0xF81F,0xF81F,0xF81F,0xF81F,0xF81F,0xF81F,0xF81F,0xF81F,0xF81F,
  0xF81F,0xF81F,0xF81F,0xF81F,0xF81F,0xF81F,0xF81F,0x3246,0x0940,0x5BE8,0x7489,0xBEF1,0xDFD5,0xC753,0xB711,0xB711,
  0xB712,0xA6D0,0x964D,0x964B,0x85A9,0x6D08,0x5C27,0x642A,0x0921,0x0901,0x0901,0x4308,0xF81F,0xF81F,0xF81F,0xF81F,
  0xF81F,0xF81F,0xF81F,0xF81F,0xF81F,0xF81F,0xF81F,0xF81F,0xF81F,0xF81F,0xF81F,0xF81F,0xF81F,0xF81F,0xF81F,0xF81F,
  0xF81F,0xF81F,0xF81F,0xF81F,0xF81F,0xF81F,0xF81F,0xF81F,0x2A45,0x0920,0x0940,0xA610,0xB6B0,0xBF11,0xD7D5,0xC732,
  0xB711,0xB711,0xB711,0x9E8E,0x8DEB,0x85AA,0x7D69,0x4385,0x0160,0x3285,0xF81F,0xF81F,0xF81F,0xF81F,0xF81F,0xF81F,
  0xF81F,0xF81F,0xF81F,0xF81F,0xF81F,0xF81F,0xF81F,0xF81F,0xF81F,0xF81F,0xF81F,0xF81F,0xF81F,0xF81F,0xF81F,0xF81F,
  0xF81F,0xF81F,0xF81F,0xF81F,0xF81F,0xF81F,0xF81F,0xF81F,0xF81F,0xF81F,0x2204,0x2A63,0x2A83,0xAE90,0xC731,0xBF31,
  0xBF52,0xB711,0xB711,0xA6EF,0x9EAD,0x964C,0x85CA,0x7529,0x5C48,0x4347,0x2A45,0x3A87,0xF81F,0xF81F,0xF81F,0xF81F,
  0xF81F,0xF81F,0xF81F,0xF81F,0xF81F,0xF81F,0xF81F,0xF81F,0xF81F,0xF81F,0xF81F,0xF81F,0xF81F,0xF81F,0xF81F,0xF81F,
  0xF81F,0xF81F,0xF81F,0xF81F,0xF81F,0xF81F,0xF81F,0xF81F,0xF81F,0xF81F,0x536A,0x0121,0x0941,0x856D,0x8DAD,0xBF11,
  0xC772,0xB710,0xB710,0xAEF0,0xAEF0,0x966C,0x7DC8,0x7D88,0x7D89,0x5427,0x0140,0x2A45,0xF81F,0xF81F,0xF81F,0xF81F,
  0xF81F,0xF81F,0xF81F,0xF81F,0xF81F,0xF81F,0xF81F,0xF81F,0xF81F,0xF81F,0xF81F,0xF81F,0xF81F,0xF81F,0xF81F,0xF81F,
  0xF81F,0xF81F,0xF81F,0xF81F,0xF81F,0xF81F,0xF81F,0xF81F,0xF81F,0xF81F,0xF81F,0xF81F,0x3266,0x0981,0x2A85,0x7D6C,
  0x8DAC,0xB6F0,0xBF31,0xB6F1,0xB711,0xAECF,0xA6CE,0x8E2B,0x7DA9,0x6CE7,0x6487,0x53E8,0x0940,0x4B29,0xF81F,0xF81F,
  0xF81F,0xF81F,0xF81F,0xF81F,0xF81F,0xF81F,0xF81F,0xF81F,0xF81F,0xF81F,0xF81F,0xF81F,0xF81F,0xF81F,0xF81F,0xF81F,
  0xF81F,0xF81F,0xF81F,0xF81F,0xF81F,0xF81F,0xF81F,0xF81F,0xF81F,0xF81F,0xF81F,0xF81F,0xF81F,0x0941,0x0120,0x11A1,
  0x4BA8,0x7D4C,0x752A,0xA68E,0xAED0,0xB6F1,0xB731,0x9E4C,0x85C9,0x7D88,0x7D6A,0x2AA3,0x0100,0x0100,0xF81F,0xF81F,
  0xF81F,0xF81F,0xF81F,0xF81F,0xF81F,0xF81F,0xF81F,0xF81F,0xF81F,0xF81F,0xF81F,0xF81F,0xF81F,0xF81F,0xF81F,0xF81F,
  0xF81F,0xF81F,0xF81F,0xF81F,0xF81F,0xF81F,0xF81F,0xF81F,0xF81F,0xF81F,0xF81F,0xF81F,0xF81F,0xF81F,0xF81F,0x1181,
  0x0961,0x11E1,0x4387,0x7D4D,0x7D4C,0xA6B0,0xAED0,0xB6F0,0xB710,0x9E4C,0x85C9,0x7D69,0x856C,0x32A5,0x00E0,0x0921,
  0xF81F,0xF81F,0xF81F,0xF81F,0xF81F,0xF81F,0xF81F,0xF81F,0xF81F,0xF81F,0xF81F,0xF81F,0xF81F,0xF81F,0xF81F,0xF81F,
  0xF81F,0xF81F,0xF81F,0xF81F,0xF81F,0xF81F,0xF81F,0xF81F,0xF81F,0xF81F,0xF81F,0xF81F,0xF81F,0xF81F,0xF81F,0x2A65,
  0x11A1,0x5BC9,0x74CB,0x53E8,0x3345,0x2263,0x1A42,0x6CAA,0x7D6B,0x858B,0x85AB,0x7D49,0x7D0A,0x32C3,0x0961,0x5BCB,
  0xF81F,0xF81F,0xF81F,0xF81F,0xF81F,0xF81F,0xF81F,0xF81F,0xF81F,0xF81F,0xF81F,0xF81F,0xF81F,0xF81F,0xF81F,0xF81F,
  0xF81F,0xF81F,0xF81F,0xF81F,0xF81F,0xF81F,0xF81F,0xF81F,0xF81F,0xF81F,0xF81F,0xF81F,0xF81F,0xF81F,0xF81F,0xF81F,
  0x5BCA,0x2A64,0x19E1,0x6428,0x7D0B,0x5407,0x3B44,0x1A42,0x1A22,0x5C49,0x6CEA,0x7D4B,0x7D6B,0x6CC9,0x6C8B,0x3AC6,
  0x19C4,0x536A,0xF81F,0xF81F,0xF81F,0xF81F,0xF81F,0xF81F,0xF81F,0xF81F,0xF81F,0xF81F,0xF81F,0xF81F,0xF81F,0xF81F,
  0xF81F,0xF81F,0xF81F,0xF81F,0xF81F,0xF81F,0xF81F,0xF81F,0xF81F,0xF81F,0xF81F,0xF81F,0xF81F,0xF81F,0xF81F,0xF81F,
  0xF81F,0xF81F,0x0941,0x4306,0xA630,0xBEF2,0xC732,0xAE90,0x9E2F,0x5408,0x53E8,0x1A42,0x09E0,0x4BE6,0x5C48,0x2263,
  0x0100,0x2224,0xF81F,0xF81F,0xF81F,0xF81F,0xF81F,0xF81F,0xF81F,0xF81F,0xF81F,0xF81F,0xF81F,0xF81F,0xF81F,0xF81F,
  0xF81F,0xF81F,0xF81F,0xF81F,0xF81F,0xF81F,0xF81F,0xF81F,0xF81F,0xF81F,0xF81F,0xF81F,0xF81F,0xF81F,0xF81F,0xF81F,
  0xF81F,0xF81F,0xF81F,0xF81F,0x19E3,0x4B87,0xA64F,0xBF11,0xC752,0xB6B0,0xA650,0x5428,0x5C29,0x22A4,0x1241,0x43A6,
  0x53E9,0x2224,0x00E0,0x2A45,0xF81F,0xF81F,0xF81F,0xF81F,0xF81F,0xF81F,0xF81F,0xF81F,0xF81F,0xF81F,0xF81F,0xF81F,
  0xF81F,0xF81F,0xF81F,0xF81F,0xF81F,0xF81F,0xF81F,0xF81F,0xF81F,0xF81F,0xF81F,0xF81F,0xF81F,0xF81F,0xF81F,0xF81F,
  0xF81F,0xF81F,0xF81F,0xF81F,0x21E4,0x0120,0x644A,0x9E0F,0xCF13,0xE7B5,0xE7F5,0xC711,0xAEB0,0x960E,0x960F,0x5C48,
  0x4BA8,0x2263,0x11A2,0x0120,0x0100,0x2A45,0xF81F,0xF81F,0xF81F,0xF81F,0xF81F,0xF81F,0xF81F,0xF81F,0xF81F,0xF81F,
  0xF81F,0xF81F,0xF81F,0xF81F,0xF81F,0xF81F,0xF81F,0xF81F,0xF81F,0xF81F,0xF81F,0xF81F,0xF81F,0xF81F,0xF81F,0xF81F,
  0xF81F,0xF81F,0xF81F,0xF81F,0xF81F,0xF81F,0x2204,0x0961,0x5C4A,0x960F,0xC713,0xDFB5,0xE7F5,0xBF11,0xAE8F,0x960E,
  0x960E,0x5448,0x4BC8,0x2264,0x19E3,0x0961,0x0100,0x3286,0xF81F,0xF81F,0xF81F,0xF81F,0xF81F,0xF81F,0xF81F,0xF81F,
  0xF81F,0xF81F,0xF81F,0xF81F,0xF81F,0xF81F,0xF81F,0xF81F,0xF81F,0xF81F,0xF81F,0xF81F,0xF81F,0xF81F,0xF81F,0xF81F,
  0xF81F,0xF81F,0xF81F,0xF81F,0xF81F,0xF81F,0xF81F,0xF81F,0x2205,0x0960,0x5C4A,0x6CEB,0x858C,0xB690,0xAE8F,0xA64E,
  0x9E4E,0x85AC,0x85CD,0x5C69,0x4BE8,0x2264,0x0981,0x0961,0xF81F,0xF81F,0xF81F,0xF81F,0xF81F,0xF81F,0xF81F,0xF81F,
  0xF81F,0xF81F,0xF81F,0xF81F,0xF81F,0xF81F,0xF81F,0xF81F,0xF81F,0xF81F,0xF81F,0xF81F,0xF81F,0xF81F,0xF81F,0xF81F,
  0xF81F,0xF81F,0xF81F,0xF81F,0xF81F,0xF81F,0xF81F,0xF81F,0xF81F,0xF81F,0x2205,0x0941,0x5C2A,0x6CEB,0x7D6C,0xA690,
  0xA68F,0xA66F,0x9E6F,0x754B,0x754B,0x5C89,0x5409,0x1A43,0x0961,0x0100,0xF81F,0xF81F,0xF81F,0xF81F,0xF81F,0xF81F,
  0xF81F,0xF81F,0xF81F,0xF81F,0xF81F,0xF81F,0xF81F,0xF81F,0xF81F,0xF81F,0xF81F,0xF81F,0xF81F,0xF81F,0xF81F,0xF81F,
  0xF81F,0xF81F,0xF81F,0xF81F,0xF81F,0xF81F,0xF81F,0xF81F,0xF81F,0xF81F,0xF81F,0xF81F,0x21C4,0x0120,0x53E9,0x5449,
  0x5C89,0x7D4B,0x7D4B,0x7D4B,0x7D4B,0x64A9,0x5C68,0x5C69,0x5C4A,0x1A03,0x0121,0x0121,0xF81F,0xF81F,0xF81F,0xF81F,
  0xF81F,0xF81F,0xF81F,0xF81F,0xF81F,0xF81F,0xF81F,0xF81F,0xF81F,0xF81F,0xF81F,0xF81F,0xF81F,0xF81F,0xF81F,0xF81F,
  0xF81F,0xF81F,0xF81F,0xF81F,0xF81F,0xF81F,0xF81F,0xF81F,0xF81F,0xF81F,0xF81F,0xF81F,0xF81F,0xF81F,0x21E4,0x0120,
  0x4B89,0x4BC9,0x5429,0x64CB,0x6CEB,0x6D0B,0x6D0B,0x64AA,0x648A,0x5C6A,0x5C4B,0x19E3,0x0100,0x00E0,0xF81F,0xF81F,
  0xF81F,0xF81F,0xF81F,0xF81F,0xF81F,0xF81F,0xF81F,0xF81F,0xF81F,0xF81F,0xF81F,0xF81F,0xF81F,0xF81F,0xF81F,0xF81F,
  0xF81F,0xF81F,0xF81F,0xF81F,0xF81F,0xF81F,0xF81F,0xF81F,0xF81F,0xF81F,0xF81F,0xF81F,0xF81F,0xF81F,0xF81F,0xF81F,
  0x4B2A,0x53AA,0x2244,0x2264,0x3326,0x5429,0x5448,0x5469,0x5C89,0x5C49,0x5C4A,0x3B46,0x2264,0x3AE7,0x2204,0xF81F,
  0xF81F,0xF81F,0xF81F,0xF81F,0xF81F,0xF81F,0xF81F,0xF81F,0xF81F,0xF81F,0xF81F,0xF81F,0xF81F,0xF81F,0xF81F,0xF81F,
  0xF81F,0xF81F,0xF81F,0xF81F,0xF81F,0xF81F,0xF81F,0xF81F,0xF81F,0xF81F,0xF81F,0xF81F,0xF81F,0xF81F,0xF81F,0xF81F,
  0xF81F,0xF81F,0xF81F,0xF81F,0x11A2,0x0140,0x2244,0x4368,0x4BA8,0x4BE8,0x5409,0x4C29,0x540A,0x2A85,0x0962,0xF81F,
  0xF81F,0xF81F,0xF81F,0xF81F,0xF81F,0xF81F,0xF81F,0xF81F,0xF81F,0xF81F,0xF81F,0xF81F,0xF81F,0xF81F,0xF81F,0xF81F,
  0xF81F,0xF81F,0xF81F,0xF81F,0xF81F,0xF81F,0xF81F,0xF81F,0xF81F,0xF81F,0xF81F,0xF81F,0xF81F,0xF81F,0xF81F,0xF81F,
  0xF81F,0xF81F,0xF81F,0xF81F,0xF81F,0xF81F,0x5BCC,0x536A,0x4308,0x2A65,0x2265,0x2A65,0x2A64,0x2284,0x2285,0x2A86,
  0x42E8,0x6C4E,0xF81F,0xF81F,0xF81F,0xF81F,0xF81F,0xF81F,0xF81F,0xF81F,0xF81F,0xF81F,0xF81F,0xF81F,0xF81F,0xF81F,
  0xF81F,0xF81F,0xF81F,0xF81F,0xF81F,0xF81F,0xF81F,0xF81F,0xF81F,0xF81F,0xF81F,0xF81F,0xF81F,0xF81F,0xF81F,0xF81F,
  0xF81F,0xF81F,0xF81F,0xF81F,0xF81F,0xF81F,0xF81F,0xF81F,0xF81F,0xF81F,0x0921,0x0100,0x0121,0x0921,0x0921,0x0941,
  0x0941,0x1182,0xF81F,0xF81F,0xF81F,0xF81F,0xF81F,0xF81F,0xF81F,0xF81F,0xF81F,0xF81F,0xF81F,0xF81F,0xF81F,0xF81F,
  0xF81F,0xF81F,0xF81F,0xF81F,0xF81F,0xF81F,0xF81F,0xF81F,0xF81F,0xF81F,0xF81F,0xF81F,0xF81F,0xF81F,0xF81F,0xF81F,
  0xF81F,0xF81F,0xF81F,0xF81F,0xF81F,0xF81F,0xF81F,0xF81F,0xF81F,0xF81F,0xF81F,0xF81F,0x3245,0x2A25,0x2A25,0x2A45,
  0x2A46,0x3245,0x3246,0x3AC7,0xF81F,0xF81F,0xF81F,0xF81F,0xF81F,0xF81F,0xF81F,0xF81F,0xF81F,0xF81F,0xF81F,0xF81F,
  0xF81F,0xF81F,0xF81F,0xF81F,0xF81F,0xF81F,0xF81F,0xF81F,0xF81F,0xF81F,0xF81F,0xF81F,0xF81F,0xF81F,0xF81F,0xF81F,
  0xF81F,0xF81F,0xF81F,0xF81F,0xF81F,0xF81F,0xF81F,0xF81F,0xF81F,0xF81F,
};
static const RigPart RIG_THIGH = { RIG_THIGH_PX, 50, 53, 41.67f, 6.73f };
static const float RIG_THIGH_END_X = 8.33f, RIG_THIGH_END_Y = 43.75f;

static const uint16_t RIG_SHIN_PX[2508] = {
  0xF81F,0xF81F,0xF81F,0xF81F,0xF81F,0xF81F,0xF81F,0xF81F,0xF81F,0xF81F,0xF81F,0xF81F,0xF81F,0xF81F,0xF81F,0xF81F,
  0xF81F,0x1182,0x0120,0x0121,0x0141,0x0121,0xF81F,0xF81F,0xF81F,0xF81F,0xF81F,0xF81F,0xF81F,0xF81F,0xF81F,0xF81F,
  0xF81F,0xF81F,0xF81F,0xF81F,0xF81F,0xF81F,0xF81F,0xF81F,0xF81F,0xF81F,0xF81F,0xF81F,0xF81F,0xF81F,0xF81F,0xF81F,
  0xF81F,0x21E4,0x0100,0x0120,0x0140,0x0960,0x0120,0x4B69,0xF81F,0xF81F,0xF81F,0xF81F,0xF81F,0xF81F,0xF81F,0xF81F,
  0xF81F,0xF81F,0xF81F,0xF81F,0xF81F,0xF81F,0xF81F,0xF81F,0xF81F,0xF81F,0xF81F,0xF81F,0xF81F,0xF81F,0xF81F,0xF81F,
  0x19A3,0x00E0,0x3B07,0x6C4B,0x3B26,0x2AC4,0x32C5,0x3285,0x4B28,0x42E7,0x5BAA,0xF81F,0xF81F,0xF81F,0xF81F,0xF81F,
  0xF81F,0xF81F,0xF81F,0xF81F,0xF81F,0xF81F,0xF81F,0xF81F,0xF81F,0xF81F,0xF81F,0xF81F,0xF81F,0xF81F,0xF81F,0xF81F,
  0xF81F,0x09C1,0x11E1,0x648A,0xAE91,0xB6F2,0xBF12,0xB6D1,0x9DEF,0x3B05,0x0940,0x2224,0xF81F,0xF81F,0xF81F,0xF81F,
  0xF81F,0xF81F,0xF81F,0xF81F,0xF81F,0xF81F,0xF81F,0xF81F,0xF81F,0xF81F,0xF81F,0xF81F,0xF81F,0xF81F,0xF81F,0xF81F,
  0x3AE7,0x3AC7,0x3B26,0x3B46,0x7D2C,0xBF12,0xD7B5,0xD7D6,0xCF94,0xAE71,0x4B87,0x2222,0x2244,0x3AC7,0x640C,0xF81F,
  0xF81F,0xF81F,0xF81F,0xF81F,0xF81F,0xF81F,0xF81F,0xF81F,0xF81F,0xF81F,0xF81F,0xF81F,0xF81F,0xF81F,0xF81F,0xF81F,
  0xF81F,0x00C0,0x0120,0x5C2A,0x644A,0x8DAD,0xBF12,0xD7B5,0xDFD6,0xCF95,0xB6B1,0x8D8E,0x7CEC,0x3AE6,0x1182,0x3AC7,
  0xF81F,0xF81F,0xF81F,0xF81F,0xF81F,0xF81F,0xF81F,0xF81F,0xF81F,0xF81F,0xF81F,0xF81F,0xF81F,0xF81F,0xF81F,0xF81F,
  0xF81F,0xF81F,0x0100,0x0140,0x5C2A,0x6CAB,0x95CE,0xB6F2,0xCF74,0xD796,0xC754,0xAE91,0x854D,0x74CC,0x32E5,0x1162,
  0x3AA7,0xF81F,0xF81F,0xF81F,0xF81F,0xF81F,0xF81F,0xF81F,0xF81F,0xF81F,0xF81F,0xF81F,0xF81F,0xF81F,0xF81F,0xF81F,
  0xF81F,0xF81F,0xF81F,0x0100,0x0960,0x5C09,0x646A,0x7D2C,0x8D8D,0xA630,0x9E30,0x9E0F,0x95CE,0x6CAA,0x644A,0x2AA5,
  0x1162,0x3AA7,0xF81F,0xF81F,0xF81F,0xF81F,0xF81F,0xF81F,0xF81F,0xF81F,0xF81F,0xF81F,0xF81F,0xF81F,0xF81F,0xF81F,
  0xF81F,0xF81F,0xF81F,0xF81F,0x0120,0x0960,0x5409,0x648A,0x7D2C,0x8D8E,0x9E30,0xA651,0x9E30,0x95EF,0x6C8A,0x53E9,
  0x2A84,0x0941,0x3AA7,0xF81F,0xF81F,0xF81F,0xF81F,0xF81F,0xF81F,0xF81F,0xF81F,0xF81F,0xF81F,0xF81F,0xF81F,0xF81F,
  0xF81F,0xF81F,0xF81F,0xF81F,0xF81F,0x0120,0x0960,0x4367,0x4367,0x5C49,0x6CCB,0x7D2C,0x7D4D,0x7D2C,0x6CAB,0x4BA8,
  0x4347,0x2224,0x0942,0x3AA7,0xF81F,0xF81F,0xF81F,0xF81F,0xF81F,0xF81F,0xF81F,0xF81F,0xF81F,0xF81F,0xF81F,0xF81F,
  0xF81F,0xF81F,0xF81F,0xF81F,0xF81F,0xF81F,0x0120,0x0941,0x3B27,0x3B47,0x5429,0x648A,0x6CEB,0x6CEB,0x6CCB,0x644A,
  0x4368,0x4348,0x2224,0x0942,0x3AA7,0xF81F,0xF81F,0xF81F,0xF81F,0xF81F,0xF81F,0xF81F,0xF81F,0xF81F,0xF81F,0xF81F,
  0xF81F,0xF81F,0xF81F,0xF81F,0xF81F,0xF81F,0xF81F,0xF81F,0xF81F,0x2A85,0x09A1,0x2AE5,0x43C8,0x5429,0x5429,0x5409,
  0x4BC8,0x2AA4,0x1A43,0x09C1,0x0961,0x3AC7,0xF81F,0xF81F,0xF81F,0xF81F,0xF81F,0xF81F,0xF81F,0xF81F,0xF81F,0xF81F,
  0xF81F,0xF81F,0xF81F,0xF81F,0xF81F,0xF81F,0xF81F,0xF81F,0xF81F,0xF81F,0x2205,0x0141,0x1A43,0x3326,0x4388,0x4388,
  0x3B67,0x3B47,0x11E2,0x0160,0x09A0,0x09A0,0x32A5,0xF81F,0xF81F,0xF81F,0xF81F,0xF81F,0xF81F,0xF81F,0xF81F,0xF81F,
  0xF81F,0xF81F,0xF81F,0xF81F,0xF81F,0xF81F,0xF81F,0xF81F,0xF81F,0xF81F,0xF81F,0x2205,0x0121,0x11C2,0x1A63,0x22A5,
  0x2285,0x2285,0x2284,0x2264,0x1A43,0x4387,0x6CAA,0x3AE6,0x0100,0x42E8,0xF81F,0xF81F,0xF81F,0xF81F,0xF81F,0xF81F,
  0xF81F,0xF81F,0xF81F,0xF81F,0xF81F,0xF81F,0xF81F,0xF81F,0xF81F,0xF81F,0xF81F,0xF81F,0x21E5,0x0101,0x0161,0x01A0,
  0x09A0,0x01A0,0x09A0,0x0180,0x4BE7,0x5C48,0x64A8,0x7D2A,0x4326,0x0101,0x42C8,0xF81F,0xF81F,0xF81F,0xF81F,0xF81F,
  0xF81F,0xF81F,0xF81F,0xF81F,0xF81F,0xF81F,0xF81F,0xF81F,0xF81F,0xF81F,0xF81F,0xF81F,0xF81F,0x21E5,0x00E1,0x11C2,
  0x2284,0x3305,0x4366,0x4BA6,0x4BE6,0x7509,0x858A,0x8589,0x7D69,0x4325,0x0121,0x3AC8,0xF81F,0xF81F,0xF81F,0xF81F,
  0xF81F,0xF81F,0xF81F,0xF81F,0xF81F,0xF81F,0xF81F,0xF81F,0xF81F,0xF81F,0xF81F,0xF81F,0xF81F,0xF81F,0x2205,0x00E0,
  0x2244,0x3B46,0x5407,0x6CC9,0x7D6A,0x9E4D,0x9E6D,0x9E8D,0x9E6C,0x962C,0x4B86,0x0921,0x3AC8,0xF81F,0xF81F,0xF81F,
  0xF81F,0xF81F,0xF81F,0xF81F,0xF81F,0xF81F,0xF81F,0xF81F,0xF81F,0xF81F,0xF81F,0xF81F,0xF81F,0xF81F,0xF81F,0x534A,
  0x2A45,0x32C6,0x3B26,0x5407,0x6CE8,0x7D89,0x9E6B,0xA6AD,0xAEEF,0xA68D,0x9E4C,0x4BA7,0x0941,0x3AC8,0xF81F,0xF81F,
  0xF81F,0xF81F,0xF81F,0xF81F,0xF81F,0xF81F,0xF81F,0xF81F,0xF81F,0xF81F,0xF81F,0xF81F,0xF81F,0xF81F,0xF81F,0xF81F,
  0xF81F,0xF81F,0x2A66,0x2A85,0x3B45,0x6CE9,0x8589,0x9E8C,0xAEEF,0xC792,0xB710,0x9E4C,0x4BA7,0x0941,0x3AC8,0xF81F,
  0xF81F,0xF81F,0xF81F,0xF81F,0xF81F,0xF81F,0xF81F,0xF81F,0xF81F,0xF81F,0xF81F,0xF81F,0xF81F,0xF81F,0xF81F,0xF81F,
  0xF81F,0xF81F,0xF81F,0x2205,0x0100,0x2A83,0x74E9,0x8589,0xA68D,0xAEEF,0xC792,0xB710,0x9E2C,0x4BA7,0x0941,0x3AC8,
  0xF81F,0xF81F,0xF81F,0xF81F,0xF81F,0xF81F,0xF81F,0xF81F,0xF81F,0xF81F,0xF81F,0xF81F,0xF81F,0xF81F,0xF81F,0xF81F,
  0xF81F,0xF81F,0xF81F,0xF81F,0x2A06,0x00E0,0x2A83,0x7509,0x85AA,0xA68D,0xAEEF,0xC792,0xB710,0x9E2C,0x4BA7,0x0941,
  0x3AA8,0xF81F,0xF81F,0xF81F,0xF81F,0xF81F,0xF81F,0xF81F,0xF81F,0xF81F,0xF81F,0xF81F,0xF81F,0xF81F,0xF81F,0xF81F,
  0xF81F,0xF81F,0xF81F,0xF81F,0xF81F,0x2A26,0x0900,0x32A3,0x752A,0x8DCA,0xA6AD,0xB6EF,0xC7B3,0xB711,0x9E4C,0x53A7,
  0x0941,0x3AC8,0xF81F,0xF81F,0xF81F,0xF81F,0xF81F,0xF81F,0xF81F,0xF81F,0xF81F,0xF81F,0xF81F,0xF81F,0xF81F,0xF81F,
  0xF81F,0xF81F,0xF81F,0xF81F,0xF81F,0xF81F,0x2A46,0x0921,0x32A3,0x7D6A,0x7D89,0x8DEA,0x9E6D,0xBF92,0xB710,0x9E4C,
  0x53A7,0x0941,0x3AC8,0xF81F,0xF81F,0xF81F,0xF81F,0xF81F,0xF81F,0xF81F,0xF81F,0xF81F,0xF81F,0xF81F,0xF81F,0xF81F,
  0xF81F,0xF81F,0xF81F,0xF81F,0xF81F,0xF81F,0xF81F,0x3266,0x0901,0x32A4,0x854D,0x858C,0x8DEA,0x9E6D,0xBF73,0xB711,
  0x9E4C,0x53A7,0x0941,0x42E7,0xF81F,0xF81F,0xF81F,0xF81F,0xF81F,0xF81F,0xF81F,0xF81F,0xF81F,0xF81F,0xF81F,0xF81F,
  0xF81F,0xF81F,0xF81F,0xF81F,0xF81F,0xF81F,0xF81F,0xF81F,0xF81F,0xF81F,0x850F,0x1A03,0x4BA7,0x8DEA,0x964C,0xBF72,
  0xB70F,0x9E4D,0x53A7,0x0941,0x42E8,0xF81F,0xF81F,0xF81F,0xF81F,0xF81F,0xF81F,0xF81F,0xF81F,0xF81F,0xF81F,0xF81F,
  0xF81F,0xF81F,0xF81F,0xF81F,0xF81F,0xF81F,0xF81F,0xF81F,0xF81F,0xF81F,0xF81F,0x74AF,0x0121,0x4326,0x8DCA,0x962B,
  0xBF71,0xAF0E,0x9E6D,0x53C7,0x0941,0x4309,0xF81F,0xF81F,0xF81F,0xF81F,0xF81F,0xF81F,0xF81F,0xF81F,0xF81F,0xF81F,
  0xF81F,0xF81F,0xF81F,0xF81F,0xF81F,0xF81F,0xF81F,0xF81F,0xF81F,0xF81F,0xF81F,0xF81F,0x748E,0x0121,0x4326,0x85CA,
  0x8E0B,0xBF71,0xB70F,0xA6AE,0x53C7,0x0940,0x4309,0xF81F,0xF81F,0xF81F,0xF81F,0xF81F,0xF81F,0xF81F,0xF81F,0xF81F,
  0xF81F,0xF81F,0xF81F,0xF81F,0xF81F,0xF81F,0xF81F,0xF81F,0xF81F,0xF81F,0xF81F,0xF81F,0xF81F,0x748D,0x0100,0x3B26,
  0x85AA,0x8E0B,0xBF52,0xB731,0xAEEF,0x6488,0x2A63,0x53AA,0xF81F,0xF81F,0xF81F,0xF81F,0xF81F,0xF81F,0xF81F,0xF81F,
  0xF81F,0xF81F,0xF81F,0xF81F,0xF81F,0xF81F,0xF81F,0xF81F,0xF81F,0xF81F,0xF81F,0xF81F,0xF81F,0xF81F,0x748E,0x0120,
  0x4346,0x85A9,0x960B,0xBF52,0xBF51,0xAF0F,0xA66E,0x95EE,0x6429,0x00E0,0x536A,0xF81F,0xF81F,0xF81F,0xF81F,0xF81F,
  0xF81F,0xF81F,0xF81F,0xF81F,0xF81F,0xF81F,0xF81F,0xF81F,0xF81F,0xF81F,0xF81F,0xF81F,0xF81F,0xF81F,0xF81F,0x748E,
  0x0120,0x4346,0x85A9,0x8E0A,0xBF51,0xBF51,0xB72F,0xA68D,0x95EC,0x6449,0x0100,0x536A,0xF81F,0xF81F,0xF81F,0xF81F,
  0xF81F,0xF81F,0xF81F,0xF81F,0xF81F,0xF81F,0xF81F,0xF81F,0xF81F,0xF81F,0xF81F,0xF81F,0xF81F,0xF81F,0xF81F,0xF81F,
  0x748F,0x0120,0x3B25,0x85CA,0x85E9,0x9E8C,0xA6CE,0xB751,0xA6AD,0x9E0C,0x6C69,0x0100,0x536B,0xF81F,0xF81F,0xF81F,
  0xF81F,0xF81F,0xF81F,0xF81F,0xF81F,0xF81F,0xF81F,0xF81F,0xF81F,0xF81F,0xF81F,0xF81F,0xF81F,0xF81F,0xF81F,0xF81F,
  0xF81F,0x748F,0x0100,0x4326,0x8D8C,0x85AA,0x8DEB,0x964C,0xB751,0xA6AD,0x9E2C,0x6C69,0x00E0,0x536B,0xF81F,0xF81F,
  0xF81F,0xF81F,0xF81F,0xF81F,0xF81F,0xF81F,0xF81F,0xF81F,0xF81F,0xF81F,0xF81F,0xF81F,0xF81F,0xF81F,0xF81F,0xF81F,
  0xF81F,0xF81F,0xF81F,0xF81F,0x3AE6,0x2A84,0x4BA6,0x85AB,0x964C,0xB751,0xA6AD,0x9E2C,0x6C89,0x00E0,0x538B,0xF81F,
  0xF81F,0xF81F,0xF81F,0xF81F,0xF81F,0xF81F,0xF81F,0xF81F,0xF81F,0xF81F,0xF81F,0xF81F,0xF81F,0xF81F,0xF81F,0xF81F,
  0xF81F,0xF81F,0xF81F,0xF81F,0xF81F,0x2A25,0x00E0,0x3AE4,0x8DAC,0x962B,0xB751,0xA6AD,0x9E2D,0x6C69,0x0100,0x00A0,
  0xF81F,0xF81F,0xF81F,0xF81F,0xF81F,0xF81F,0xF81F,0xF81F,0xF81F,0xF81F,0xF81F,0xF81F,0xF81F,0xF81F,0xF81F,0xF81F,
  0xF81F,0xF81F,0xF81F,0xF81F,0xF81F,0xF81F,0x2A25,0x00E0,0x3AC4,0x858C,0x964B,0xB751,0xA6AD,0x9E2C,0x6C69,0x0100,
  0x00A0,0xF81F,0xF81F,0xF81F,0xF81F,0xF81F,0xF81F,0xF81F,0xF81F,0xF81F,0xF81F,0xF81F,0xF81F,0xF81F,0xF81F,0xF81F,
  0xF81F,0xF81F,0xF81F,0xF81F,0xF81F,0xF81F,0xF81F,0x2205,0x00C0,0x32C4,0x858C,0x964B,0xB751,0xA6AD,0x9E2D,0x6C69,
  0x0100,0x00A0,0xF81F,0xF81F,0xF81F,0xF81F,0xF81F,0xF81F,0xF81F,0xF81F,0xF81F,0xF81F,0xF81F,0xF81F,0xF81F,0xF81F,
  0xF81F,0xF81F,0xF81F,0xF81F,0xF81F,0xF81F,0xF81F,0xF81F,0x2A04,0x00C0,0x32C4,0x85AB,0x962B,0xAEEF,0xA68D,0x9E4D,
  0x6C8A,0x0100,0x00C0,0xF81F,0xF81F,0xF81F,0xF81F,0xF81F,0xF81F,0xF81F,0xF81F,0xF81F,0xF81F,0xF81F,0xF81F,0xF81F,
  0xF81F,0xF81F,0xF81F,0xF81F,0xF81F,0xF81F,0xF81F,0xF81F,0xF81F,0x2A04,0x00C0,0x32C4,0x85AB,0x8DEA,0xA66D,0xA66C,
  0x9E4D,0x6CAA,0x0120,0x00E0,0xF81F,0xF81F,0xF81F,0xF81F,0xF81F,0xF81F,0xF81F,0xF81F,0xF81F,0xF81F,0xF81F,0xF81F,
  0xF81F,0xF81F,0xF81F,0xF81F,0xF81F,0xF81F,0xF81F,0xF81F,0xF81F,0xF81F,0x2A04,0x00C0,0x32C4,0x85AB,0x8DEB,0xA68D,
  0xA68D,0xA66E,0x74EB,0x0940,0x0101,0xF81F,0xF81F,0xF81F,0xF81F,0xF81F,0xF81F,0xF81F,0xF81F,0xF81F,0xF81F,0xF81F,
  0xF81F,0xF81F,0xF81F,0xF81F,0xF81F,0xF81F,0xF81F,0xF81F,0xF81F,0xF81F,0xF81F,0x2A04,0x00E0,0x32E4,0x8DCB,0x962B,
  0xA68D,0xA68D,0xA68E,0x74EA,0x0960,0x0100,0xF81F,0xF81F,0xF81F,0xF81F,0xF81F,0xF81F,0xF81F,0xF81F,0xF81F,0xF81F,
  0xF81F,0xF81F,0xF81F,0xF81F,0xF81F,0xF81F,0xF81F,0xF81F,0xF81F,0xF81F,0xF81F,0xF81F,0x2A24,0x00E0,0x2AA3,0x754A,
  0x7D89,0x960B,0x8DEA,0x8DEB,0x7509,0x32C4,0x3AE7,0x3AA7,0x5BCC,0xF81F,0xF81F,0xF81F,0xF81F,0xF81F,0xF81F,0xF81F,
  0xF81F,0xF81F,0xF81F,0xF81F,0xF81F,0xF81F,0xF81F,0xF81F,0xF81F,0xF81F,0xF81F,0xF81F,0xF81F,0x2A04,0x0100,0x2282,
  0x64A7,0x64C6,0x7D48,0x7528,0x7549,0x64A7,0x6CC9,0x4B88,0x0941,0x3286,0xF81F,0xF81F,0xF81F,0xF81F,0xF81F,0xF81F,
  0xF81F,0xF81F,0xF81F,0xF81F,0xF81F,0xF81F,0xF81F,0xF81F,0xF81F,0xF81F,0xF81F,0xF81F,0xF81F,0xF81F,0x2A04,0x0921,
  0x2AA3,0x6D28,0x6D28,0x8589,0x7D89,0x7D89,0x7528,0x6467,0x4B87,0x0940,0x3266,0xF81F,0xF81F,0xF81F,0xF81F,0xF81F,
  0xF81F,0xF81F,0xF81F,0xF81F,0xF81F,0xF81F,0xF81F,0xF81F,0xF81F,0xF81F,0xF81F,0xF81F,0xF81F,0xF81F,0xF81F,0x2204,
  0x0940,0x32C4,0x85AC,0x962C,0xBF30,0xBF31,0xB731,0x9E4E,0x6CA8,0x4BA7,0x0960,0x2A46,0xF81F,0xF81F,0xF81F,0xF81F,
  0xF81F,0xF81F,0xF81F,0xF81F,0xF81F,0xF81F,0xF81F,0xF81F,0xF81F,0xF81F,0xF81F,0xF81F,0xF81F,0xF81F,0xF81F,0xF81F,
  0x2204,0x0920,0x32A4,0x74EB,0x7D4B,0x95EE,0x95EE,0x95EF,0x856D,0x6449,0x4367,0x0140,0x2A45,0xF81F,0xF81F,0xF81F,
  0xF81F,0xF81F,0xF81F,0xF81F,0xF81F,0xF81F,0xF81F,0xF81F,0xF81F,0xF81F,0xF81F,0xF81F,0xF81F,0xF81F,0xF81F,0xF81F,
  0xF81F,0x21E5,0x0121,0x2204,0x32C6,0x32C5,0x32C6,0x32C5,0x32C5,0x32C5,0x32A6,0x2A85,0x0921,0x2A25,0xF81F,0xF81F,
  0xF81F,0xF81F,0xF81F,0xF81F,0xF81F,0xF81F,0xF81F,0xF81F,0xF81F,0xF81F,0xF81F,0xF81F,0xF81F,0xF81F,0xF81F,0xF81F,
  0xF81F,0xF81F,0xF81F,0x538B,0x21E4,0x2A45,0x2A65,0x32C7,0x32C5,0x32C5,0x32A6,0x32A7,0x3286,0x0100,0x2A25,0xF81F,
  0xF81F,0xF81F,0xF81F,0xF81F,0xF81F,0xF81F,0xF81F,0xF81F,0xF81F,0xF81F,0xF81F,0xF81F,0xF81F,0xF81F,0xF81F,0xF81F,
  0xF81F,0xF81F,0xF81F,0xF81F,0xF81F,0x2A45,0x00E0,0x11A2,0x3B27,0x3B26,0x3B26,0x2A84,0x1182,0x3AC7,0x9592,0x9DB3,
  0xF81F,0xF81F,0xF81F,0xF81F,0xF81F,0xF81F,0xF81F,0xF81F,0xF81F,0xF81F,0xF81F,0xF81F,0xF81F,0xF81F,0xF81F,0xF81F,
  0xF81F,0xF81F,0xF81F,0xF81F,0xF81F,0xF81F,0x2A24,0x00E0,0x11A2,0x43A6,0x43A5,0x4B85,0x32C5,0x00E0,0x00E0,0xF81F,
  0xF81F,0xF81F,0xF81F,0xF81F,0xF81F,0xF81F,0xF81F,0xF81F,0xF81F,0xF81F,0xF81F,0xF81F,0xF81F,0xF81F,0xF81F,0xF81F,
  0xF81F,0xF81F,0xF81F,0xF81F,0xF81F,0xF81F,0xF81F,0x2A24,0x00C0,0x19E3,0x752A,0x7509,0x750A,0x4B87,0x00E1,0x00C0,
  0xF81F,0xF81F,0xF81F,0xF81F,0xF81F,0xF81F,0xF81F,0xF81F,0xF81F,0xF81F,0xF81F,0xF81F,0xF81F,0xF81F,0xF81F,0xF81F,
  0xF81F,0xF81F,0xF81F,0xF81F,0xF81F,0xF81F,0xF81F,0xF81F,0x2A24,0x00C0,0x21E3,0x7528,0x6D27,0x7509,0x4B86,0x00E0,
  0x00C0,0xF81F,0xF81F,0xF81F,0xF81F,0xF81F,0xF81F,0xF81F,0xF81F,0xF81F,0xF81F,0xF81F,0xF81F,0xF81F,0xF81F,0xF81F,
  0xF81F,0xF81F,0xF81F,0xF81F,0xF81F,0xF81F,0xF81F,0xF81F,0xF81F,0x2A24,0x00E0,0x2A44,0x9E6D,0x85CA,0x7529,0x53C7,
  0x00E0,0x00C0,0xF81F,0xF81F,0xF81F,0xF81F,0xF81F,0xF81F,0xF81F,0xF81F,0xF81F,0xF81F,0xF81F,0xF81F,0xF81F,0xF81F,
  0xF81F,0xF81F,0xF81F,0xF81F,0xF81F,0xF81F,0xF81F,0xF81F,0xF81F,0xF81F,0x2203,0x00E0,0x2A64,0x9E4D,0x8DEA,0x7529,
  0x4BA6,0x0100,0x00C0,0xF81F,0xF81F,0xF81F,0xF81F,0xF81F,0xF81F,0xF81F,0xF81F,0xF81F,0xF81F,0xF81F,0xF81F,0xF81F,
  0xF81F,0xF81F,0xF81F,0xF81F,0xF81F,0xF81F,0xF81F,0xF81F,0xF81F,0xF81F,0xF81F,0x644A,0x4BA7,0x6448,0xA66D,0x8DEA,
  0x7D49,0x53C7,0x0100,0x00A0,0xF81F,0xF81F,0xF81F,0xF81F,0xF81F,0xF81F,0xF81F,0xF81F,0xF81F,0xF81F,0xF81F,0xF81F,
  0xF81F,0xF81F,0xF81F,0xF81F,0xF81F,0xF81F,0xF81F,0xF81F,0xF81F,0xF81F,0xF81F,0x63EB,0x6C8B,0x6468,0x74E7,0xAE8D,
  0x960A,0x7D6A,0x53E7,0x0100,0x00A0,0xF81F,0xF81F,0xF81F,0xF81F,0xF81F,0xF81F,0xF81F,0xF81F,0xF81F,0xF81F,0xF81F,
  0xF81F,0xF81F,0xF81F,0xF81F,0xF81F,0xF81F,0xF81F,0xF81F,0xF81F,0xF81F,0xF81F,0x536A,0x00E0,0x4305,0xB6F1,0xAECE,
  0xAE8D,0x960B,0x7D6A,0x53E7,0x0100,0x00A0,0xF81F,0xF81F,0xF81F,0xF81F,0xF81F,0xF81F,0xF81F,0xF81F,0xF81F,0xF81F,
  0xF81F,0xF81F,0xF81F,0xF81F,0xF81F,0xF81F,0xF81F,0xF81F,0xF81F,0xF81F,0xF81F,0xF81F,0x4B2A,0x0900,0x4306,0xB6D1,
  0xAEAE,0xAEAE,0x962B,0x7D8A,0x5C27,0x0120,0x2A05,0xF81F,0xF81F,0xF81F,0xF81F,0xF81F,0xF81F,0xF81F,0xF81F,0xF81F,
  0xF81F,0xF81F,0xF81F,0xF81F,0xF81F,0xF81F,0xF81F,0xF81F,0xF81F,0xF81F,0xF81F,0xF81F,0xF81F,0x4B2A,0x0920,0x4326,
  0xBED2,0xAEAF,0xAECF,0x964B,0x8589,0x5C48,0x0141,0x538B,0xF81F,0xF81F,0xF81F,0xF81F,0xF81F,0xF81F,0xF81F,0xF81F,
  0xF81F,0xF81F,0xF81F,0xF81F,0xF81F,0xF81F,0xF81F,0xF81F,0xF81F,0xF81F,0xF81F,0xF81F,0xF81F,0xF81F,0x4B29,0x0900,
  0x4326,0xB6D1,0xAEAE,0xAECE,0x964B,0x85AA,0x5C48,0x0141,0x538B,0xF81F,0xF81F,0xF81F,0xF81F,0xF81F,0xF81F,0xF81F,
  0xF81F,0xF81F,0xF81F,0xF81F,0xF81F,0xF81F,0xF81F,0xF81F,0xF81F,0xF81F,0xF81F,0xF81F,0xF81F,0xF81F,0xF81F,0x4B29,
  0x00E0,0x4326,0xBF12,0xAECE,0xA6CD,0x8E0A,0x7D29,0x5C08,0x0140,0x538A,0xF81F,0xF81F,0xF81F,0xF81F,0xF81F,0xF81F,
  0xF81F,0xF81F,0xF81F,0xF81F,0xF81F,0xF81F,0xF81F,0xF81F,0xF81F,0xF81F,0xF81F,0xF81F,0xF81F,0xF81F,0xF81F,0xF81F,
  0x4B29,0x00E0,0x4B47,0xBF12,0xAECE,0xA6AC,0x858A,0x6468,0x53A7,0x0120,0x536A,0xF81F,0xF81F,0xF81F,0xF81F,0xF81F,
  0xF81F,0xF81F,0xF81F,0xF81F,0xF81F,0xF81F,0xF81F,0xF81F,0xF81F,0xF81F,0xF81F,0xF81F,0xF81F,0xF81F,0xF81F,0xF81F,
  0x3287,0x4B28,0x5368,0x7CEB,0xB711,0xA68D,0x85EA,0x6468,0x3B05,0x4B48,0x21E3,0x4B49,0xF81F,0xF81F,0xF81F,0xF81F,
  0xF81F,0xF81F,0xF81F,0xF81F,0xF81F,0xF81F,0xF81F,0xF81F,0xF81F,0xF81F,0xF81F,0xF81F,0xF81F,0xF81F,0xF81F,0xF81F,
  0x6C2D,0x00E0,0x3285,0x95CE,0xAEAF,0xB730,0x9E8C,0x7D69,0x4345,0x0140,0x32A7,0xF81F,0xF81F,0xF81F,0xF81F,0xF81F,
  0xF81F,0xF81F,0xF81F,0xF81F,0xF81F,0xF81F,0xF81F,0xF81F,0xF81F,0xF81F,0xF81F,0xF81F,0xF81F,0xF81F,0xF81F,0xF81F,
  0xF81F,0x748F,0x0100,0x3284,0x9E2D,0xA6AD,0xB70E,0x962B,0x7549,0x3B05,0x0100,0x3A87,0xF81F,0xF81F,0xF81F,0xF81F,
  0xF81F,0xF81F,0xF81F,0xF81F,0xF81F,0xF81F,0xF81F,0xF81F,0xF81F,0xF81F,0xF81F,0xF81F,0xF81F,0xF81F,0xF81F,0xF81F,
  0xF81F,0xF81F,0x6C6E,0x0941,0x32E5,0x9E4D,0x962B,0x8E0A,0x7D69,0x64C8,0x32A4,0x00E1,0x3A87,0xF81F,0xF81F,0xF81F,
  0xF81F,0xF81F,0xF81F,0xF81F,0xF81F,0x9DD4,0x9DD3,0x9DD3,0x9DD3,0x9DD3,0x9DD3,0x9DD3,0x9DB3,0x9DB3,0x9593,0xF81F,
  0xF81F,0xF81F,0x84F0,0x7CCE,0x4B68,0x6469,0x960C,0x960A,0x7D89,0x7549,0x5C68,0x2A64,0x0901,0x3AA7,0xF81F,0xF81F,
  0xF81F,0xF81F,0xF81F,0xF81F,0xF81F,0xF81F,0x19C3,0x0901,0x0902,0x0901,0x0901,0x0101,0x0100,0x0100,0x0100,0x00E0,
  0x3A87,0xF81F,0x19A3,0x0120,0x4346,0xC733,0xBF11,0xA6AD,0x8E0B,0x4C24,0x3344,0x09A0,0x0941,0x0901,0x3AC8,0xF81F,
  0xF81F,0xF81F,0xF81F,0xF81F,0xF81F,0x42E7,0x2A44,0x4327,0x42E6,0x3AC5,0x3AA5,0x32A4,0x32A4,0x32A4,0x2A83,0x2223,
  0x19C2,0x3245,0x2A04,0x3285,0x2A63,0x53C6,0xBF31,0xBF30,0xAECE,0x962C,0x5C87,0x3B46,0x0960,0x2A24,0x42C8,0x5B8B,
  0xF81F,0xF81F,0xF81F,0xF81F,0xF81F,0xF81F,0x19C3,0x0120,0xBEF4,0xD7B6,0xD7B6,0xBF13,0xBF12,0xC773,0xB6F0,0x9E0E,
  0x6469,0x53A7,0x19A2,0x0120,0x4B88,0x8DAE,0x960D,0xB710,0xB710,0x962C,0x7D6A,0x2AE3,0x1A43,0x0100,0x2A45,0xF81F,
  0xF81F,0xF81F,0xF81F,0xF81F,0xF81F,0xF81F,0xF81F,0x3AC6,0x32C5,0xA610,0xB6B1,0xAE4F,0x95AC,0x9DED,0xA68E,0x960C,
  0x7528,0x5C87,0x5407,0x32A5,0x2A64,0x53C7,0x6CC8,0x7529,0xA68E,0xA6AE,0x8569,0x6CE8,0x2262,0x2AA5,0x3AA7,0x4B08,
  0xF81F,0xF81F,0xF81F,0xF81F,0xF81F,0xF81F,0x1184,0x0120,0x8DCD,0x9E4D,0x6D28,0x7528,0x32C3,0x0980,0x4365,0x64A7,
  0x4BE4,0x2AE1,0x7D6A,0x8DCB,0xB6F0,0xB6F1,0x750A,0x3303,0x43C4,0x7D8A,0x8DEC,0x4BC5,0x4345,0x0100,0x0120,0xF81F,
  0xF81F,0xF81F,0xF81F,0xF81F,0xF81F,0xF81F,0xF81F,0x1183,0x0940,0x854C,0x8DEC,0x7D6B,0x854B,0x32A4,0x0140,0x4367,
  0x6CEA,0x5427,0x2B02,0x7D69,0x95EB,0xBF10,0xBF10,0x752A,0x3303,0x43A5,0x7D4B,0x858D,0x53E8,0x4347,0x0100,0x0962,
  0xF81F,0xF81F,0xF81F,0xF81F,0xF81F,0xF81F,0xF81F,0xF81F,0x1183,0x0920,0x6429,0x6C89,0x1201,0x1181,0xF81F,0xF81F,
  0x2A85,0x1A01,0x2283,0x5408,0x7D49,0x7D69,0x8589,0x858A,0x6468,0x3B24,0x2A84,0x0140,0x0960,0x0140,0x4B48,0xF81F,
  0xF81F,0xF81F,0xF81F,0xF81F,0xF81F,0xF81F,0xF81F,0xF81F,0xF81F,0x1162,0x0920,0x5BC9,0x642A,0x0961,0x00C0,0xF81F,
  0xF81F,0x2203,0x0980,0x2243,0x5409,0x7D4C,0x856B,0x7D4A,0x7D4B,0x6449,0x32C5,0x2A65,0x0100,0x0921,0x0921,0x1162,
  0xF81F,0xF81F,0xF81F,0xF81F,0xF81F,0xF81F,0xF81F,0xF81F,0xF81F,0xF81F,0x1982,0x0900,0x0100,0x0100,0x95D2,0xF81F,
  0xF81F,0xF81F,0x19E3,0x0960,0x0140,0x0960,0x09A0,0x09A0,0x0980,0x0980,0x0940,0x0121,0x42E8,0xF81F,0xF81F,0xF81F,
  0xF81F,0xF81F,0xF81F,0xF81F,0xF81F,0xF81F,0xF81F,0xF81F,0xF81F,0xF81F,0xF81F,0x19C3,0x0921,0x0901,0x0921,0xAE55,
  0xF81F,0xF81F,0xF81F,0x2A65,0x11A3,0x11A2,0x1182,0x1182,0x1182,0x1182,0x1162,0x1162,0x1142,0x5349,0xF81F,0xF81F,
  0xF81F,0xF81F,0xF81F,0xF81F,0xF81F,0xF81F,0xF81F,0xF81F,0xF81F,0xF81F,0xF81F,0xF81F,
};
static const RigPart RIG_SHIN = { RIG_SHIN_PX, 33, 76, 20.05f, 5.04f };
static const float RIG_SHIN_END_X = 18.38f, RIG_SHIN_END_Y = 73.90f;

